"name","description","is_fixed","rule","country","created_at"
"Orthodoxes Neujahr","Beginn des neuen Jahres nach dem julianischen Kalender, gefeiert in Ländern wie Russland und Serbien.","true","{""day"": 14, ""month"": 1}","INT","2026-01-14 17:30:28.374896+01"
"Makar Sankranti","Hinduistisches Erntedankfest zu Ehren des Sonnengottes Surya; markiert das Ende des Winters.","true","{""day"": 14, ""month"": 1}","IN","2026-01-14 17:30:28.374896+01"
"Ratification Day","Gedenktag zur Ratifizierung des Friedens von Paris (1784), der den US-Unabhängigkeitskrieg offiziell beendete.","true","{""day"": 14, ""month"": 1}","US","2026-01-14 17:30:28.374896+01"
"Zieh-dein-Haustier-an-Tag","Ein von Colleen Paige ins Leben gerufener Aktionstag, um Haustiere spielerisch (und sicher) einzukleiden.","true","{""day"": 14, ""month"": 1}","INT","2026-01-14 17:30:28.374896+01"
"Schaff-Ordnung-in-Deiner-Wohnung-Tag","Inoffizieller Aktionstag (Organize Your Home Day), der dazu motiviert, das neue Jahr mit Ausmisten zu beginnen.","true","{""day"": 14, ""month"": 1}","INT","2026-01-14 17:30:28.374896+01"
"Neujahrstag","Erster Tag des Kalenderjahres in fast allen Kulturen; gesetzlicher Feiertag in Deutschland.","true","{""day"": 1, ""month"": 1}","DE","2026-01-14 17:32:07.923231+01"
"Welttag des Friedens","Von Papst Paul VI. eingeführter Gedenktag der römisch-katholischen Kirche für den Weltfrieden.","true","{""day"": 1, ""month"": 1}","INT","2026-01-14 17:32:07.923231+01"
"Hochfest der Gottesmutter Maria","Ein bedeutendes Marienfest der katholischen Kirche, das den Oktavtag von Weihnachten markiert.","true","{""day"": 1, ""month"": 1}","INT","2026-01-14 17:32:07.923231+01"
"Unabhängigkeitstag Haitis","Gedenktag zur Ausrufung der Unabhängigkeit von Frankreich im Jahr 1804.","true","{""day"": 1, ""month"": 1}","HT","2026-01-14 17:32:07.923231+01"
"Tag der Gründung der Slowakischen Republik","Nationalfeiertag zur Erinnerung an die friedliche Teilung der Tschechoslowakei im Jahr 1993.","true","{""day"": 1, ""month"": 1}","SK","2026-01-14 17:32:07.923231+01"
"Einführung des Euro-Bargelds","Historischer Jahrestag: Am 1. Januar 2002 wurde das Euro-Bargeld in 12 EU-Ländern offizielles Zahlungsmittel.","true","{""day"": 1, ""month"": 1}","EU","2026-01-14 17:32:07.923231+01"
"Berchtoldstag","Traditioneller Feiertag in der Schweiz und Liechtenstein, benannt nach Herzog Berchtold V. von Zähringen.","true","{""day"": 2, ""month"": 1}","CH","2026-01-14 17:33:58.765322+01"
"Tag der Ahnen","Gedenktag zu Ehren der Vorfahren und derer, die für die Unabhängigkeit Haitis gekämpft haben.","true","{""day"": 2, ""month"": 1}","HT","2026-01-14 17:33:58.765322+01"
"Tag der Einnahme Granadas","Gedenktag zur Kapitulation der Stadt Granada im Jahr 1492, was das Ende der maurischen Herrschaft markierte.","true","{""day"": 2, ""month"": 1}","ES","2026-01-14 17:33:58.765322+01"
"Science Fiction Day","Inoffizieller Aktionstag zu Ehren des Autors Isaac Asimov, der an diesem Tag geboren wurde.","true","{""day"": 2, ""month"": 1}","INT","2026-01-14 17:33:58.765322+01"
"National Buffet Day","Ein kulinarischer Aktionstag, der dazu einlädt, die Reste der Feiertage oder neue Speisen am Buffet zu genießen.","true","{""day"": 2, ""month"": 1}","US","2026-01-14 17:33:58.765322+01"
"Aufnahme Alaskas in die USA","Gedenktag zur Aufnahme Alaskas als 49. Bundesstaat der USA im Jahr 1959.","true","{""day"": 3, ""month"": 1}","US","2026-01-14 17:36:29.78668+01"
"J.R.R. Tolkien Day","Geburtstag des ""Herr der Ringe""-Autors (1892). Fans weltweit feiern den Professor mit einem Toast um 21 Uhr.","true","{""day"": 3, ""month"": 1}","INT","2026-01-14 17:36:29.78668+01"
"Festival of Sleep Day","Ein inoffizieller Aktionstag, der dazu einlädt, sich nach dem Stress der Feiertage auszuschlafen und zu entspannen.","true","{""day"": 3, ""month"": 1}","INT","2026-01-14 17:36:29.78668+01"
"Fruitcake Toss Day","Ein humorvoller Tag, an dem ungeliebte Reste des traditionellen Weihnachtskuchens (Fruitcake) ""entsorgt"" oder geworfen werden.","true","{""day"": 3, ""month"": 1}","US","2026-01-14 17:36:29.78668+01"
"Bitcoin Genesis Block Day","Technologie-Jahrestag: Am 3. Januar 2009 schuf Satoshi Nakamoto den ersten Block der Bitcoin-Blockchain.","true","{""day"": 3, ""month"": 1}","INT","2026-01-14 17:36:29.78668+01"
"Welt-Braille-Tag","Gedenktag zu Ehren von Louis Braille und der Bedeutung der Brailleschrift für blinde und sehbehinderte Menschen.","true","{""day"": 4, ""month"": 1}","INT","2026-01-14 17:37:01.889749+01"
"Isaac-Newton-Tag","Geburtstag des Begründers der klassischen Mechanik Isaac Newton im Jahr 1643.","true","{""day"": 4, ""month"": 1}","INT","2026-01-14 17:37:01.889749+01"
"Unabhängigkeitstag Myanmars","Nationalfeiertag zur Erinnerung an die Unabhängigkeit von der britischen Kolonialherrschaft im Jahr 1948.","true","{""day"": 4, ""month"": 1}","MM","2026-01-14 17:37:01.889749+01"
"Tag des unnützen Wissens (Trivia Day)","Ein Tag für alle, die gerne Quizze spielen und kuriose Fakten sammeln.","true","{""day"": 4, ""month"": 1}","US","2026-01-14 17:37:01.889749+01"
"Tag der Spaghetti","Kulinarischer Aktionstag zu Ehren einer der beliebtesten Nudelsorten weltweit.","true","{""day"": 4, ""month"": 1}","INT","2026-01-14 17:37:01.889749+01"
"Twelfth Night","Der Vorabend des Dreikönigsfestes markiert traditionell das Ende der Weihnachtszeit und das Abschmücken des Weihnachtsbaums.","true","{""day"": 5, ""month"": 1}","INT","2026-01-14 17:37:35.637183+01"
"National Bird Day","Ein Aktionstag zur Förderung des Schutzes wildlebender Vögel und zur Aufklärung über die Haltung von Vögeln in Gefangenschaft.","true","{""day"": 5, ""month"": 1}","US","2026-01-14 17:37:35.637183+01"
"Gründung der DAP","Historischer Jahrestag: 1919 gründete Anton Drexler in München die Deutsche Arbeiterpartei, die Vorläuferorganisation der NSDAP.","true","{""day"": 5, ""month"": 1}","DE","2026-01-14 17:37:35.637183+01"
"Tag der Schlagsahne","Kulinarischer Gedenktag zu Ehren von Aaron ""Bunny"" Lapin, dem Erfinder der Sprühsahne (Reddi-wip), der an diesem Tag geboren wurde.","true","{""day"": 5, ""month"": 1}","US","2026-01-14 17:37:35.637183+01"
"Tag des Zahnarztes","Ein Tag zur Wertschätzung der zahnmedizinischen Gesundheitsvorsorge.","true","{""day"": 6, ""month"": 3}","INT","2026-01-14 21:07:11.265212+01"
"Alamo-Gedenktag","Erinnerung an den Fall der Mission Alamo am 6. März 1836 während der Texanischen Revolution.","true","{""day"": 6, ""month"": 3}","US-TX","2026-01-14 21:07:11.265212+01"
"Tag des weißen Schokoladen-Käsekuchens","Ein kulinarischer Feiertag für Liebhaber von weißer Schokolade und Cheesecake.","true","{""day"": 6, ""month"": 3}","US","2026-01-14 21:07:11.265212+01"
"Tag des U-Boots","Inoffizieller Aktionstag rund um Unterseeboote, oft mit John Philip Holland und der Entwicklung moderner U-Boote verbunden.","true","{""day"": 17, ""month"": 3}","INT","2026-01-14 21:20:51.535086+01"
"Tag der Drehbuchautoren","Internationaler Tag zur Anerkennung der kreativen Köpfe hinter Film- und Fernsehmanuskripten.","true","{""day"": 5, ""month"": 1}","INT","2026-01-14 17:37:35.637183+01"
"Heilige Drei Könige","Fest der Erscheinung des Herrn; gesetzlicher Feiertag in BW, BY und ST. Markiert den Besuch der Weisen aus dem Morgenland.","true","{""day"": 6, ""month"": 1}","DE","2026-01-14 17:38:16.032728+01"
"Epiphanias","Eines der ältesten christlichen Feste; in Ländern wie Spanien (Reyes Magos) oder Italien (Befana) zentraler Geschenktag.","true","{""day"": 6, ""month"": 1}","INT","2026-01-14 17:38:16.032728+01"
"Dreikönigstag (Karnevalsbeginn)","In der schwäbisch-alemannischen Fasnet traditioneller Termin zum ""Abstauben"" der Masken und Beginn der Saalfasnacht.","true","{""day"": 6, ""month"": 1}","DE","2026-01-14 17:38:16.032728+01"
"Tag des Kuschelns","Ein US-amerikanischer Aktionstag, der dazu einlädt, die Kälte des Januars durch menschliche Nähe zu überbrücken.","true","{""day"": 6, ""month"": 1}","US","2026-01-14 17:38:16.032728+01"
"Tag der Technik","Aktionstag zur Anerkennung technologischer Fortschritte und deren Einfluss auf den Alltag.","true","{""day"": 6, ""month"": 1}","INT","2026-01-14 17:38:16.032728+01"
"Orthodoxe Weihnachten","Feier der Geburt Christi nach dem julianischen Kalender (u.a. in Russland, Serbien, Georgien und Ägypten).","true","{""day"": 7, ""month"": 1}","INT","2026-01-14 17:38:59.088139+01"
"St. Distaff’s Day","Traditioneller englischer Gedenktag: Der Tag nach Epiphanias markiert das Ende der Weihnachtsruhe und die Rückkehr der Frauen an das Spinnrad.","true","{""day"": 7, ""month"": 1}","UK","2026-01-14 17:38:59.088139+01"
"Festa del Tricolore","Nationaler Gedenktag zur Feier der Entstehung der italienischen Flagge im Jahr 1797.","true","{""day"": 7, ""month"": 1}","IT","2026-01-14 17:38:59.088139+01"
"Alternativtermin für Tag des Programmierers","Alternativtermin, der in manchen Kalendern für Tag des Programmierers geführt wird.","true","{""day"": 7, ""month"": 1}","RU","2026-01-14 17:38:59.088139+01"
"Tag des Tempura","Ein kulinarischer Aktionstag zu Ehren der japanischen Frittiermethode, die ursprünglich von portugiesischen Missionaren eingeführt wurde.","true","{""day"": 7, ""month"": 1}","US","2026-01-14 17:38:59.088139+01"
"Elvis-Presley-Tag","Geburtstag des ""King of Rock 'n' Roll"" (1935). Ein zentrales Datum für Fans weltweit, besonders in Memphis (Graceland).","true","{""day"": 8, ""month"": 1}","INT","2026-01-14 17:39:25.455896+01"
"David-Bowie-Tag","Geburtstag der Musik-Ikone (1947). Fans feiern das Leben des ""Thin White Duke"" und seine Wandlungsfähigkeit.","true","{""day"": 8, ""month"": 1}","INT","2026-01-14 17:39:25.455896+01"
"Gründungstag des ANC","Historischer Jahrestag: 1912 wurde der South African Native National Congress gegründet, die spätere Regierungspartei ANC unter Nelson Mandela.","true","{""day"": 8, ""month"": 1}","ZA","2026-01-14 17:39:25.455896+01"
"Tag des Schaumbads","Ein herrlich entspannender Aktionstag, der dazu einlädt, sich im kalten Januar ein warmes Bad zu gönnen.","true","{""day"": 8, ""month"": 1}","US","2026-01-14 17:39:25.455896+01"
"Tag des Tippens","Ein Tag zur Förderung von Schreibgeschwindigkeit und Effizienz an Tastaturen, ursprünglich in Malaysia initiiert.","true","{""day"": 8, ""month"": 1}","INT","2026-01-14 17:39:25.455896+01"
"Tag der Märtyrer","Nationaler Trauer- und Gedenktag in Panama zur Erinnerung an die Unruhen von 1964 um die Souveränität des Panamakanals.","true","{""day"": 9, ""month"": 1}","PA","2026-01-14 17:40:06.387487+01"
"iPhone Day","Technologie-Jahrestag: Am 9. Januar 2007 stellte Steve Jobs auf der Macworld das erste iPhone vor und revolutionierte den Mobilfunkmarkt.","true","{""day"": 9, ""month"": 1}","INT","2026-01-14 17:40:06.387487+01"
"Tag der Statik","Ein Aktionstag, der die Bedeutung der Tragwerksplanung und Baustatik für sichere Gebäude hervorhebt.","true","{""day"": 9, ""month"": 1}","DE","2026-01-14 17:40:06.387487+01"
"Tag der Aprikose","Ein kulinarischer Aktionstag, der die gesunden Eigenschaften der vitaminreichen Steinfrucht feiert.","true","{""day"": 9, ""month"": 1}","US","2026-01-14 17:40:06.387487+01"
"National Balloon Ascension Day","Gedenktag an die erste bemannte Ballonfahrt in Amerika durch Jean-Pierre Blanchard im Jahr 1793.","true","{""day"": 9, ""month"": 1}","US","2026-01-14 17:40:06.387487+01"
"Tag der ersten UN-Vollversammlung","Gedenktag an das erste Treffen der UN-Vollversammlung 1946 in London mit Vertretern aus 51 Nationen.","true","{""day"": 10, ""month"": 1}","INT","2026-01-14 17:40:50.135156+01"
"Tag der London Underground","Jahrestag der Inbetriebnahme der Metropolitan Railway im Jahr 1863 – die Geburtsstunde der modernen U-Bahn.","true","{""day"": 10, ""month"": 1}","UK","2026-01-14 17:40:50.135156+01"
"Tag der Zimmerpflanze","Ein Aktionstag, der dazu einlädt, das Raumklima durch Grünpflanzen zu verbessern und die Pflege der eigenen Pflanzen zu feiern.","true","{""day"": 10, ""month"": 1}","INT","2026-01-14 17:40:50.135156+01"
"Tag der Bitterschokolade","Ein kulinarischer Tag zu Ehren der dunklen Schokolade und ihrer gesundheitsfördernden Eigenschaften.","true","{""day"": 10, ""month"": 1}","US","2026-01-14 17:40:50.135156+01"
"Rod-Stewart-Tag","Geburtstag des britischen Rock- und Pop-Sängers (1945), bekannt für seine markante raue Stimme.","true","{""day"": 10, ""month"": 1}","INT","2026-01-14 17:40:50.135156+01"
"Internationaler Dankeschön-Tag","Ein Tag, um die Bedeutung eines ehrlichen ""Danke"" im Alltag zu betonen und Mitmenschen Wertschätzung zu zeigen.","true","{""day"": 11, ""month"": 1}","INT","2026-01-14 17:41:21.264538+01"
"Tag des deutschen Apfels","Aktionstag der deutschen Obstzeuger, um auf die Qualität und Sortenvielfalt heimischer Äpfel aufmerksam zu machen.","true","{""day"": 11, ""month"": 1}","DE","2026-01-14 17:41:21.264538+01"
"Tag gegen Menschenhandel","Gedenktag zur Sensibilisierung für die Problematik des modernen Menschenhandels und zum Schutz der Opfer.","true","{""day"": 11, ""month"": 1}","US","2026-01-14 17:41:21.264538+01"
"Guantanamo-Jahrestag","Politischer Gedenktag: Am 11. Januar 2002 kamen die ersten Gefangenen im US-Lager auf Kuba an; oft Anlass für Proteste.","true","{""day"": 11, ""month"": 1}","INT","2026-01-14 17:41:21.264538+01"
"Tag des Milchmanns","Erinnert an die erste Auslieferung von Milch in Glasflaschen im Jahr 1878 durch Alexander Campbell in New York.","true","{""day"": 11, ""month"": 1}","US","2026-01-14 17:41:21.264538+01"
"Gedenktag des Erdbebens von 2010","Nationaler Gedenktag zur Erinnerung an das verheerende Erdbeben in Haiti im Jahr 2010.","true","{""day"": 12, ""month"": 1}","HT","2026-01-14 17:41:58.559807+01"
"Tag des Marzipans","Ein kulinarischer Aktionstag zu Ehren der Süßware aus Mandeln und Zucker, die besonders in Lübeck Tradition hat.","true","{""day"": 12, ""month"": 1}","INT","2026-01-14 17:41:58.559807+01"
"Jack-London-Tag","Geburtstag des US-Schriftstellers (1876), berühmt für Abenteuerromane wie ""Ruf der Wildnis"" und ""Wolfsblut"".","true","{""day"": 12, ""month"": 1}","INT","2026-01-14 17:41:58.559807+01"
"Tag der ersten Radiosendung","Jahrestag der ersten öffentlichen Rundfunkübertragung durch Lee De Forest vom Eiffelturm im Jahr 1908.","true","{""day"": 12, ""month"": 1}","INT","2026-01-14 17:41:58.559807+01"
"Halte-deine-Vorsätze-ein-Tag","Ein Motivations-Tag, der Menschen dazu ermutigt, ihre Neujahrsvorsätze trotz erster Schwierigkeiten weiterzuverfolgen.","true","{""day"": 12, ""month"": 1}","INT","2026-01-14 17:41:58.559807+01"
"St.-Knuts-Tag","Traditioneller Abschluss der Weihnachtszeit in Schweden, Norwegen und Finnland; der Weihnachtsbaum wird aus dem Fenster geworfen.","true","{""day"": 13, ""month"": 1}","SE","2026-01-14 17:42:30.160098+01"
"Tag der Skeptiker","Ein Tag, um kritisches Denken zu fördern und Behauptungen ohne wissenschaftliche Beweise zu hinterfragen.","true","{""day"": 13, ""month"": 1}","INT","2026-01-14 17:42:30.160098+01"
"Tag der Verteidiger der Freiheit","Nationaler Gedenktag in Litauen zur Erinnerung an die Ereignisse von 1991 am Fernsehturm in Vilnius.","true","{""day"": 13, ""month"": 1}","LT","2026-01-14 17:42:30.160098+01"
"Tag des Aufklebers","Gedenktag zu Ehren von R. Stanton Avery, dem Erfinder des selbstklebenden Etiketts, der an diesem Tag geboren wurde.","true","{""day"": 13, ""month"": 1}","US","2026-01-14 17:42:30.160098+01"
"Tag der Quitte","Ein kulinarischer Aktionstag, der die vielseitige, aber oft unterschätzte Winterfrucht in den Fokus rückt.","true","{""day"": 13, ""month"": 1}","DE","2026-01-14 17:42:30.160098+01"
"Wikipedia-Tag","Jahrestag der Online-Schaltung von Wikipedia im Jahr 2001 durch Jimmy Wales und Larry Sanger.","true","{""day"": 15, ""month"": 1}","INT","2026-01-14 17:44:27.167771+01"
"Geburtstag von Martin Luther King Jr.","Erinnerung an den Geburtstag des US-Bürgerrechtlers Martin Luther King Jr. im Jahr 1929.","true","{""day"": 15, ""month"": 1}","US","2026-01-14 17:44:27.167771+01"
"Tag des Erdbeereis","Ein kulinarischer Aktionstag, der – trotz winterlicher Temperaturen – eine der beliebtesten Eissorten feiert.","true","{""day"": 15, ""month"": 1}","US","2026-01-14 17:44:27.167771+01"
"Tag des Hutes","Ein modischer Aktionstag, der die Vielfalt an Kopfbedeckungen von der Melone bis zum Zylinder zelebriert.","true","{""day"": 15, ""month"": 1}","INT","2026-01-14 17:44:27.167771+01"
"Eröffnung des British Museum","Historischer Jahrestag: 1759 öffnete das British Museum in London erstmals seine Pforten für die Öffentlichkeit.","true","{""day"": 15, ""month"": 1}","UK","2026-01-14 17:44:27.167771+01"
"World Beatles Day","Gedenktag zur Eröffnung des Cavern Club in Liverpool (1957), der Geburtsstätte der Beatles.","true","{""day"": 16, ""month"": 1}","INT","2026-01-14 17:45:02.908261+01"
"Tag der Religionsfreiheit","Erinnert an die Verabschiedung des Virginia Statute for Religious Freedom durch Thomas Jefferson im Jahr 1786.","true","{""day"": 16, ""month"": 1}","US","2026-01-14 17:45:02.908261+01"
"Beginn der Prohibition","Jahrestag der Ratifizierung des 18. Zusatzartikels im Jahr 1919, der das Alkoholverbot in den USA einleitete.","true","{""day"": 16, ""month"": 1}","US","2026-01-14 17:45:02.908261+01"
"Tag des Drachensteigens","In vielen Ländern ein Tag, um die windigen Januartage für das Steigenlassen von Drachen zu nutzen.","true","{""day"": 16, ""month"": 1}","INT","2026-01-14 17:45:02.908261+01"
"Tag des scharfen Essens","Kulinarischer Aktionstag, der Gerichte mit Chili, Curry und anderen scharfen Gewürzen zelebriert.","true","{""day"": 16, ""month"": 1}","INT","2026-01-14 17:45:02.908261+01"
"Benjamin-Franklin-Tag","Geburtstag des US-Gründervaters, Erfinders (Blitzableiter) und Naturwissenschaftlers (1706).","true","{""day"": 17, ""month"": 1}","US","2026-01-14 17:45:46.524454+01"
"Wir-werfen-unsere-Vorsätze-über-Bord-Tag","Ein humorvoller Aktionstag für alle, die ihre Neujahrsvorsätze bereits nach zwei Wochen aufgegeben haben.","true","{""day"": 17, ""month"": 1}","INT","2026-01-14 17:45:46.524454+01"
"Gedenktag des Heiligen Antonius","Festtag des Schutzpatrons der Haustiere; in vielen katholischen Regionen werden an diesem Tag Tiere gesegnet.","true","{""day"": 17, ""month"": 1}","INT","2026-01-14 17:45:46.524454+01"
"Tag des modernen Automobils","Historischer Jahrestag: 1891 wurde das erste Patent für das Automobil in den USA an George B. Selden erteilt.","true","{""day"": 17, ""month"": 1}","US","2026-01-14 17:45:46.524454+01"
"Welttag der italienischen Küche","Internationaler Aktionstag zum Schutz der authentischen italienischen Gastronomie gegen kulinarische Fälschungen.","true","{""day"": 17, ""month"": 1}","INT","2026-01-14 17:45:46.524454+01"
"National Shop for Travel Day","Aktionstag, der vom US-Reisetechnologieverband initiiert wurde, um an die Wichtigkeit der Reiseplanung zu erinnern.","false","{""month"": 1, ""occurrence"": [2], ""day_of_week"": ""Tuesday""}","US","2026-01-14 17:49:48.583947+01"
"Tag der Märtyrer","Nationaler Gedenktag in Panama zur Erinnerung an die Unruhen von 1964 um die Souveränität des Panamakanals.","true","{""day"": 13, ""month"": 1}","PA","2026-01-14 17:49:48.583947+01"
"iPhone Day","Jahrestag der Vorstellung des ersten iPhones durch Steve Jobs im Jahr 2007.","true","{""day"": 13, ""month"": 1}","INT","2026-01-14 17:49:48.583947+01"
"Tag der Statik","Ein Aktionstag, der die Bedeutung der Tragwerksplanung und Baustatik für sichere Gebäude hervorhebt.","true","{""day"": 13, ""month"": 1}","DE","2026-01-14 17:49:48.583947+01"
"Welttag der Logik","Von der UNESCO proklamierter Tag zur Förderung der intellektuellen Geschichte und praktischen Bedeutung der Logik.","true","{""day"": 14, ""month"": 1}","INT","2026-01-14 17:53:34.914958+01"
"Tag des frisch gepressten Saftes","Aktionstag zur Förderung einer gesunden Ernährung mit frisch gepressten Obst- und Gemüsesäften.","true","{""day"": 15, ""month"": 1}","US","2026-01-14 17:54:29.497508+01"
"Tag des Nichts","1973 vom Journalisten Harold Pullman Coffin vorgeschlagen, um einen Tag ohne Feiern, Gedenken oder Arbeit zu haben.","true","{""day"": 16, ""month"": 1}","US","2026-01-14 17:56:02.225306+01"
"Tag der jungen Erfinder","Wird zu Ehren von Benjamin Franklins Geburtstag gefeiert, um die Kreativität von Kindern zu fördern.","true","{""day"": 17, ""month"": 1}","INT","2026-01-14 17:56:51.431279+01"
"Winnie-Puuh-Tag","Geburtstag des Autors A.A. Milne (1882). Fans weltweit feiern den Honig liebenden Bären und seine Freunde aus dem Hundertmorgenwald.","true","{""day"": 18, ""month"": 1}","INT","2026-01-14 17:57:31.566543+01"
"Welttag des Schneemanns","Die Form der ""8"" ähnelt einem Schneemann, daher wurde dieser Tag gewählt, um die Freude an der Winterfigur zu feiern.","true","{""day"": 18, ""month"": 1}","INT","2026-01-14 17:57:31.566543+01"
"Reichsgründungstag","Historischer Jahrestag: 1871 wurde Wilhelm I. im Spiegelsaal von Versailles zum deutschen Kaiser proklamiert.","true","{""day"": 18, ""month"": 1}","DE","2026-01-14 17:57:31.566543+01"
"Tag der Peking-Ente","Ein kulinarischer Aktionstag zu Ehren des berühmten chinesischen Gerichts, das für seine knusprige Haut bekannt ist.","true","{""day"": 18, ""month"": 1}","US","2026-01-14 17:57:31.566543+01"
"Thesaurus-Tag","Geburtstag von Peter Mark Roget (1779), dem Erfinder des modernen Thesaurus; ein Tag für Wortgewalt und Synonyme.","true","{""day"": 18, ""month"": 1}","INT","2026-01-14 17:57:31.566543+01"
"Martin Luther King Jr. Day","US-Gedenktag zu Ehren des Bürgerrechtlers Martin Luther King Jr.","false","{""month"": 1, ""occurrence"": [3], ""day_of_week"": ""Monday""}","US","2026-01-14 17:58:06.205698+01"
"Edgar-Allan-Poe-Tag","Geburtstag des Meisters des Unheimlichen (1809). Bekannt für Werke wie ""Der Rabe"" und seine Pionierarbeit in der Kriminalliteratur.","true","{""day"": 14, ""month"": 1}","INT","2026-01-14 17:58:06.205698+01"
"Tag des Popcorns","Ein kulinarischer Aktionstag, der den beliebtesten Kino-Snack in all seinen Variationen feiert.","true","{""day"": 19, ""month"": 1}","INT","2026-01-14 17:58:06.205698+01"
"Tag der Konservendose","Erinnert an die Patentierung des ersten Verfahrens zur Konservierung von Lebensmitteln in Blechdosen im Jahr 1825.","true","{""day"": 19, ""month"": 1}","US","2026-01-14 17:58:06.205698+01"
"Blue Monday","Gilt statistisch als der deprimierendste Tag des Jahres (Kombination aus Wetter, Schulden und gebrochenen Vorsätzen).","false","{""month"": 1, ""occurrence"": [3], ""day_of_week"": ""Monday""}","INT","2026-01-14 17:58:06.205698+01"
"Inauguration Day","Tag der feierlichen Amtseinführung des US-Präsidenten vor dem Kapitol in Washington D.C.","false","{""day"": 20, ""month"": 1, ""year_interval"": 4}","US","2026-01-14 17:59:19.303158+01"
"Ehrentag der Pinguine","Aktionstag zur Sensibilisierung für den Schutz der flugunfähigen Seevögel und deren bedrohten Lebensraum.","true","{""day"": 20, ""month"": 1}","INT","2026-01-14 17:59:19.303158+01"
"Tag des Käseliebhabers","Kulinarischer Aktionstag, der die Vielfalt der Käsesorten weltweit feiert.","true","{""day"": 20, ""month"": 1}","INT","2026-01-14 17:59:19.303158+01"
"Gedenktag der Wannseekonferenz","Historischer Jahrestag: 1942 organisierten Nationalsozialisten in Berlin die systematische Deportation und Ermordung der europäischen Juden.","true","{""day"": 20, ""month"": 1}","DE","2026-01-14 17:59:19.303158+01"
"Tag der Kaffeepause","Ein Tag, um die Bedeutung kleiner Pausen im Arbeitsalltag und den Genuss von Kaffee zu würdigen.","true","{""day"": 20, ""month"": 1}","US","2026-01-14 17:59:19.303158+01"
"Weltknuddeltag","1986 von Kevin Zaborney initiiert, um Menschen zu ermutigen, ihren Mitmenschen öfter eine Umarmung zu schenken.","true","{""day"": 21, ""month"": 1}","INT","2026-01-14 17:59:43.001516+01"
"Internationaler Tag der Jogginghose","Ein Aktionstag, an dem das gemütliche Kleidungsstück im Alltag (und teils im Büro) stolz präsentiert wird.","true","{""day"": 21, ""month"": 1}","INT","2026-01-14 17:59:43.001516+01"
"Todestag von Wladimir Lenin","Historischer Jahrestag: 1924 starb der Begründer der Sowjetunion, was massive politische Umbrüche einleitete.","true","{""day"": 21, ""month"": 1}","INT","2026-01-14 17:59:43.001516+01"
"Tag der Akzentzeichen","Ein Tag zur Feier der sprachlichen Vielfalt und der korrekten Verwendung von Diakritika wie é, à oder ö.","true","{""day"": 21, ""month"": 1}","UK","2026-01-14 17:59:43.001516+01"
"Eichhörnchen-Tag","Von der Wildtierbiologin Christy McKeown ins Leben gerufen, um auf die possierlichen Nager und ihre Futterstellen im Winter hinzuweisen.","true","{""day"": 21, ""month"": 1}","US","2026-01-14 17:59:43.001516+01"
"Deutsch-Französischer Tag","Erinnert an die Unterzeichnung des Élysée-Vertrags 1963 durch De Gaulle und Adenauer zur Besiegelung der Freundschaft.","true","{""day"": 22, ""month"": 1}","DE","2026-01-14 18:00:14.405258+01"
"Wellington Anniversary Day","Regionalfeiertag in der Region Wellington zur Erinnerung an die frühe europäische Besiedlung.","false","{""month"": 1, ""day_of_week"": ""Monday"", ""proximity_to"": 22}","NZ","2026-01-14 18:00:14.405258+01"
"Tag der scharfen Sauce","Ein kulinarischer Aktionstag für Fans von Tabasco, Sriracha und Co., um die Vielfalt feuriger Würzsaucen zu feiern.","true","{""day"": 22, ""month"": 1}","INT","2026-01-14 18:00:14.405258+01"
"Tag der Einheit der Ukraine","Feiert die Vereinigung der Ukrainischen Volksrepublik und der Westukrainischen Volksrepublik im Jahr 1919.","true","{""day"": 22, ""month"": 1}","UA","2026-01-14 18:00:14.405258+01"
"Lessing-Geburtstag","Geburtstag des bedeutenden deutschen Dichters der Aufklärung (1729), bekannt für ""Nathan der Weise"".","true","{""day"": 22, ""month"": 1}","DE","2026-01-14 18:00:14.405258+01"
"Tag der Handschrift","Gedenktag am Geburtstag von John Hancock, um die Bedeutung des Schreibens mit der Hand im digitalen Zeitalter zu würdigen.","true","{""day"": 23, ""month"": 1}","INT","2026-01-14 18:00:37.061478+01"
"Tag des Kuchens","Ein kulinarischer Aktionstag (nicht zu verwechseln mit dem Pi-Tag im März), der dem Genuss von gebackenen Pies und Kuchen gewidmet ist.","true","{""day"": 23, ""month"": 1}","US","2026-01-14 18:00:37.061478+01"
"Édouard-Manet-Tag","Geburtstag des französischen Malers (1832), der als einer der Wegbereiter der modernen Malerei und des Impressionismus gilt.","true","{""day"": 23, ""month"": 1}","INT","2026-01-14 18:00:37.061478+01"
"Netzsicherheitstag","Ein Tag zur Sensibilisierung für Datensicherheit und den Schutz der Privatsphäre im Internet.","true","{""day"": 23, ""month"": 1}","INT","2026-01-14 18:00:37.061478+01"
"Wellington-Tag","Offizieller Jahrestag der Gründung der Provinz Wellington (1840).","true","{""day"": 23, ""month"": 1}","NZ","2026-01-14 18:00:37.061478+01"
"Internationaler Tag der Bildung","Von der UN proklamierter Tag zur Feier der Rolle der Bildung für Frieden und Entwicklung.","true","{""day"": 24, ""month"": 1}","INT","2026-01-14 18:01:07.912113+01"
"Tag der Komplimente","Ein Tag, um Mitmenschen durch ehrliche Wertschätzung und nette Worte ein Lächeln ins Gesicht zu zaubern.","true","{""day"": 24, ""month"": 1}","INT","2026-01-14 18:01:07.912113+01"
"Tag der Erdnussbutter","Ein kulinarischer Aktionstag zu Ehren des beliebten Brotaufstrichs, der besonders in den USA Kultstatus genießt.","true","{""day"": 24, ""month"": 1}","US","2026-01-14 18:01:07.912113+01"
"Beginn des kalifornischen Goldrausches","Historischer Jahrestag: 1848 entdeckte James W. Marshall Gold bei Sutter’s Mill, was den großen Goldrausch auslöste.","true","{""day"": 24, ""month"": 1}","US","2026-01-14 18:01:07.912113+01"
"Tag des Dosenbiers","Erinnert an den 24. Januar 1935, als in den USA (Richmond) erstmals Bier in Dosen verkauft wurde.","true","{""day"": 24, ""month"": 1}","US","2026-01-14 18:01:07.912113+01"
"Burns Night","Gedenktag zu Ehren des schottischen Dichters Robert Burns (1759). Traditionell mit Haggis und dem Gedicht ""Address to a Haggis"" gefeiert.","true","{""day"": 25, ""month"": 1}","UK","2026-01-14 18:01:53.283187+01"
"Tag des Irish Coffee","Kulinarischer Aktionstag zu Ehren des Heißgetränks aus Kaffee, irischem Whiskey und Sahne.","true","{""day"": 25, ""month"": 1}","INT","2026-01-14 18:01:53.283187+01"
"Tatjanatag (Tag der Studenten)","Jahrestag der Gründung der Moskauer Universität 1755; in Russland der offizielle Tag der Studenten.","true","{""day"": 25, ""month"": 1}","RU","2026-01-14 18:01:53.283187+01"
"Tag des Gegenteils","Ein humorvoller Aktionstag, an dem man (theoretisch) das Gegenteil von dem sagt oder tut, was man meint.","true","{""day"": 25, ""month"": 1}","US","2026-01-14 18:01:53.283187+01"
"Gründung der NHL","Sporthistorischer Jahrestag: 1917 wurde in Montreal die National Hockey League (NHL) gegründet.","true","{""day"": 25, ""month"": 1}","CA","2026-01-14 18:01:53.283187+01"
"Australia Day","Nationalfeiertag zur Erinnerung an die Ankunft der First Fleet in Sydney Cove (1788). Inzwischen auch als ""Invasion Day"" kritisch reflektiert.","true","{""day"": 26, ""month"": 1}","AU","2026-01-14 18:02:24.830917+01"
"Internationaler Zolltag","Gedenktag der Weltzollorganisation (WCO), um die Arbeit der Zollbehörden für den Welthandel und die Sicherheit zu würdigen.","true","{""day"": 26, ""month"": 1}","INT","2026-01-14 18:02:24.830917+01"
"Tag der Republik (Republic Day)","Nationalfeiertag in Indien zur Erinnerung an das Inkrafttreten der Verfassung im Jahr 1950.","true","{""day"": 26, ""month"": 1}","IN","2026-01-14 18:02:24.830917+01"
"Tag des Erdnusskrokants","Ein kulinarischer Aktionstag zu Ehren der traditionellen Süßigkeit aus karamellisiertem Zucker und Erdnüssen.","true","{""day"": 26, ""month"": 1}","US","2026-01-14 18:02:24.830917+01"
"Tag der Fernseh-Premiere","Technik-Jahrestag: 1926 präsentierte John Logie Baird in London erstmals sein mechanisches Fernsehsystem der Öffentlichkeit.","true","{""day"": 26, ""month"": 1}","INT","2026-01-14 18:02:24.830917+01"
"Internationaler Tag des Gedenkens an die Opfer des Holocaust","UN-Gedenktag zur Befreiung des Vernichtungslagers Auschwitz-Birkenau im Jahr 1945.","true","{""day"": 27, ""month"": 1}","INT","2026-01-14 18:02:50.459693+01"
"Tag des Gedenkens an die Opfer des Nationalsozialismus","1996 von Bundespräsident Roman Herzog proklamierter nationaler Gedenktag in Deutschland.","true","{""day"": 27, ""month"": 1}","DE","2026-01-14 18:02:50.459693+01"
"Mozart-Geburtstag","Geburtstag des Wunderkindes und Komponisten der Wiener Klassik (1756) in Salzburg.","true","{""day"": 27, ""month"": 1}","INT","2026-01-14 18:02:50.459693+01"
"Lewis-Carroll-Tag","Geburtstag des Autors von ""Alice im Wunderland"" (1832).","true","{""day"": 27, ""month"": 1}","INT","2026-01-14 18:02:50.459693+01"
"Tag des Schokoladenkuchens","Ein kulinarischer Aktionstag zu Ehren eines der weltweit beliebtesten Desserts.","true","{""day"": 27, ""month"": 1}","US","2026-01-14 18:02:50.459693+01"
"Europäischer Datenschutztag","Gedenktag zur Unterzeichnung der Datenschutzkonvention (1981); soll das Bewusstsein für den Schutz privater Daten schärfen.","true","{""day"": 28, ""month"": 1}","EU","2026-01-14 18:03:12.693082+01"
"Internationaler LEGO-Tag","Jahrestag der Patentanmeldung des klassischen LEGO-Steins durch Ole Kirk Christiansen im Jahr 1958.","true","{""day"": 28, ""month"": 1}","INT","2026-01-14 18:03:12.693082+01"
"Challenger-Gedenktag","Historischer Jahrestag: 1986 explodierte die US-Raumfähre Challenger kurz nach dem Start; alle sieben Besatzungsmitglieder starben.","true","{""day"": 28, ""month"": 1}","US","2026-01-14 18:03:12.693082+01"
"Tag der Blaubeerpfannkuchen","Ein kulinarischer Aktionstag, der dazu einlädt, das Frühstück mit süßen Blaubeer-Pancakes zu zelebrieren.","true","{""day"": 28, ""month"": 1}","US","2026-01-14 18:03:12.693082+01"
"Todestag Karls des Großen","Gedenktag an den ""Vater Europas"", der am 28. Januar 814 in Aachen verstarb.","true","{""day"": 28, ""month"": 1}","INT","2026-01-14 18:03:12.693082+01"
"Geburtstag des Automobils","Historischer Jahrestag: 1886 meldete Carl Benz sein ""Fahrzeug mit Gasmotorenbetrieb"" zum Patent an (Reichspatent 37435).","true","{""day"": 29, ""month"": 1}","DE","2026-01-14 18:03:49.041593+01"
"Internationaler Puzzletag","Ein Tag zur Feier aller Arten von Rätseln, von Kreuzworträtseln bis hin zu Jigsaw-Puzzles, zur Förderung der kognitiven Fitness.","true","{""day"": 29, ""month"": 1}","INT","2026-01-14 18:03:49.041593+01"
"Tag der Maisschips","Kulinarischer Aktionstag zu Ehren des beliebten herzhaften Snacks.","true","{""day"": 29, ""month"": 1}","US","2026-01-14 18:03:49.041593+01"
"Tag der Freidenker","Gedenktag am Geburtstag von Thomas Paine (1737), um die Bedeutung von unabhängigem Denken und Vernunft zu würdigen.","true","{""day"": 29, ""month"": 1}","INT","2026-01-14 18:03:49.041593+01"
"Kansas Day","Gedenktag zur Aufnahme von Kansas als 34. Bundesstaat in die USA im Jahr 1861.","true","{""day"": 29, ""month"": 1}","US","2026-01-14 18:03:49.041593+01"
"Welttag der vernachlässigten tropischen Krankheiten","Von der WHO anerkannter Tag zur Sensibilisierung für Krankheiten wie Lepra oder Dengue-Fieber, die vor allem arme Regionen betreffen.","true","{""day"": 30, ""month"": 1}","INT","2026-01-14 18:06:38.476738+01"
"Gedenktag für Mahatma Gandhi","Jahrestag der Ermordung Gandhis (1948). In Indien als ""Martyrs' Day"" begangen, um für Frieden und Gewaltfreiheit zu mahnen.","true","{""day"": 30, ""month"": 1}","IN","2026-01-14 18:06:38.476738+01"
"Beatles Rooftop Concert Day","Musik-Jahrestag: 1969 gaben die Beatles auf dem Dach des Apple-Gebäudes in London ihr letztes unangekündigtes Live-Konzert.","true","{""day"": 30, ""month"": 1}","INT","2026-01-14 18:06:38.476738+01"
"Tag des Croissants","Ein kulinarischer Aktionstag zu Ehren des französischen Blätterteiggebäcks mit seinen österreichischen Wurzeln.","true","{""day"": 30, ""month"": 1}","INT","2026-01-14 18:06:38.476738+01"
"Mach-deinen-Computer-sauber-Tag","Ein technischer Aktionstag, der dazu motiviert, digitale Altlasten zu löschen und die Hardware zu reinigen.","true","{""day"": 30, ""month"": 1}","INT","2026-01-14 18:06:38.476738+01"
"Welt-Zebra-Tag","Ein Naturschutztag, um auf die Gefährdung der verschiedenen Zebra-Arten und den Verlust ihres Lebensraums aufmerksam zu machen.","true","{""day"": 31, ""month"": 1}","INT","2026-01-14 18:07:10.476069+01"
"Schubert-Geburtstag","Geburtstag des österreichischen Komponisten (1797), dem Meister des romantischen Liedes.","true","{""day"": 31, ""month"": 1}","INT","2026-01-14 18:07:10.476069+01"
"Gegenteil-Tag / Rückwärts-Tag","Ein spielerischer Tag, an dem man Dinge andersherum macht – ideal für Schulen und Kinder.","true","{""day"": 31, ""month"": 1}","INT","2026-01-14 18:07:10.476069+01"
"Tag der heißen Schokolade","Der perfekte kulinarische Abschluss für den kältesten Monat des Jahres.","true","{""day"": 31, ""month"": 1}","INT","2026-01-14 18:07:10.476069+01"
"Tag der Kunst im Herzen","Ein Tag, der dazu aufruft, sich von Kunst (Musik, Malerei, Film) berühren und inspirieren zu lassen.","true","{""day"": 31, ""month"": 1}","INT","2026-01-14 18:07:10.476069+01"
"Ändere-dein-Passwort-Tag","Ein wichtiger IT-Sicherheitstag, der Nutzer dazu mahnt, ihre Zugangsdaten zu aktualisieren und die Sicherheit im Netz zu erhöhen.","true","{""day"": 1, ""month"": 2}","INT","2026-01-14 18:10:05.497701+01"
"Beginn des Black History Month","Monat des Gedenkens an die Geschichte und Beiträge der afrikanischen Diaspora; offiziell proklamiert durch den US-Präsidenten.","true","{""day"": 1, ""month"": 2}","US","2026-01-14 18:10:05.497701+01"
"National Freedom Day","Gedenktag zur Unterzeichnung der Resolution zum 13. Zusatzartikel der US-Verfassung im Jahr 1865.","true","{""day"": 1, ""month"": 2}","US","2026-01-14 18:10:05.497701+01"
"World Read Aloud Day","Ein von ""LitWorld"" initiierter Tag, um die Bedeutung des Vorlesens und der Alphabetisierung weltweit zu feiern.","true","{""day"": 1, ""month"": 2}","INT","2026-01-14 18:10:05.497701+01"
"Imbolc","Traditionelles keltisches Mondfest, das den Beginn des Frühlings und die Rückkehr des Lichts markiert.","true","{""day"": 1, ""month"": 2}","INT","2026-01-14 18:10:05.497701+01"
"Tag der Schlange","Aktionstag zur Aufklärung über die ökologische Bedeutung von Schlangen und zum Abbau von Vorurteilen gegenüber den Reptilien.","true","{""day"": 1, ""month"": 2}","INT","2026-01-14 18:10:05.497701+01"
"Tag der Cake Pops","Ein kulinarischer Tag zu Ehren der kleinen runden Kuchen am Stiel, die besonders auf Partys beliebt sind.","true","{""day"": 1, ""month"": 2}","US","2026-01-14 18:10:05.497701+01"
"Oxford English Dictionary Day","Sprachhistorischer Jahrestag: 1884 erschien der erste Band (A-Ant) des umfassendsten Wörterbuchs der englischen Sprache.","true","{""day"": 1, ""month"": 2}","UK","2026-01-14 18:10:05.497701+01"
"Murmeltiertag","Berühmte Wettervorhersage in Punxsutawney: Sieht das Murmeltier seinen Schatten, dauert der Winter noch sechs Wochen.","true","{""day"": 2, ""month"": 2}","US","2026-01-14 18:10:42.603126+01"
"Welttag der Feuchtgebiete","UN-Aktionstag zur Erinnerung an die Ramsar-Konvention (1971) zum Schutz ökologisch wichtiger Sumpf- und Wasserlandschaften.","true","{""day"": 2, ""month"": 2}","INT","2026-01-14 18:10:42.603126+01"
"Mariä Lichtmess","Traditionelles Ende der Weihnachtszeit im katholischen Kirchenjahr; früher wichtiger Termin für den Dienstbotenwechsel.","true","{""day"": 2, ""month"": 2}","INT","2026-01-14 18:10:42.603126+01"
"Tag der Crêpes","In Frankreich traditioneller Tag zum Crêpe-Essen; wer dabei eine Münze in der Hand hält, soll Glück im neuen Jahr haben.","true","{""day"": 2, ""month"": 2}","FR","2026-01-14 18:10:42.603126+01"
"Tag des Igels","Die antike römische Vorform des Murmeltiertags – hier wurde der Igel als Wetterprophet beobachtet.","true","{""day"": 2, ""month"": 2}","INT","2026-01-14 18:10:42.603126+01"
"Tag der Bildungsfreiheit","Ein Tag zur Förderung des Rechts auf individuelle und freie Wahl des Bildungsweges.","true","{""day"": 2, ""month"": 2}","INT","2026-01-14 18:10:42.603126+01"
"Tag des Totenkopf-Tattoos","Ein moderner Aktionstag für Fans von Tattoo-Kunst und dem Symbol des Totenkopfs.","true","{""day"": 2, ""month"": 2}","INT","2026-01-14 18:10:42.603126+01"
"The Day the Music Died","Gedenktag an den Flugzeugabsturz von 1959, bei dem die Rock-’n’-Roll-Legenden Buddy Holly, Ritchie Valens und J.P. Richardson starben.","true","{""day"": 3, ""month"": 2}","INT","2026-01-14 18:11:07.673407+01"
"Johannes-Gutenberg-Gedenktag","Todestag Johannes Gutenbergs im Jahr 1468, des Wegbereiters des modernen Buchdrucks.","true","{""day"": 3, ""month"": 2}","INT","2026-01-14 18:11:07.673407+01"
"National Golden Retriever Day","Ein Aktionstag zu Ehren einer der weltweit beliebtesten Hunderassen, bekannt für ihre Freundlichkeit und Loyalität.","true","{""day"": 3, ""month"": 2}","INT","2026-01-14 18:11:07.673407+01"
"Setsubun","Japanisches Fest zum Vorabend des Frühlingsbeginns. Es werden Bohnen geworfen, um böse Geister zu vertreiben (""Mamemaki"").","true","{""day"": 3, ""month"": 2}","JP","2026-01-14 18:11:07.673407+01"
"Tag des Karottenkuchens","Ein kulinarischer Aktionstag zu Ehren des saftigen Gemüsekuchens, der besonders im englischsprachigen Raum beliebt ist.","true","{""day"": 3, ""month"": 2}","US","2026-01-14 18:11:07.673407+01"
"Blasiustag","Gedenktag des Heiligen Blasius; traditionell wird in der katholischen Kirche der Blasiussegen gegen Halskrankheiten erteilt.","true","{""day"": 3, ""month"": 2}","INT","2026-01-14 18:11:07.673407+01"
"Tag der Verfassung (El Salvador)","Nationalfeiertag in El Salvador zur Feier der staatlichen Souveränität.","true","{""day"": 3, ""month"": 2}","SV","2026-01-14 18:11:07.673407+01"
"Weltkrebstag","Internationaler Aktionstag der UICC zur Stärkung von Prävention, Erforschung und Behandlung von Krebserkrankungen.","true","{""day"": 4, ""month"": 2}","INT","2026-01-14 18:11:40.233437+01"
"Facebook-Gründungstag","Jahrestag der Online-Schaltung von ""TheFacebook"" durch Mark Zuckerberg im Jahr 2004.","true","{""day"": 4, ""month"": 2}","INT","2026-01-14 18:11:40.233437+01"
"Tag der menschlichen Geschwisterlichkeit","Von der UN proklamierter Tag zur Förderung des interreligiösen und interkulturellen Dialogs.","true","{""day"": 4, ""month"": 2}","INT","2026-01-14 18:11:40.233437+01"
"Rosa Parks Day","Gedenktag an die US-Bürgerrechtlerin (1913), deren Weigerung, ihren Busplatz zu räumen, den Montgomery Bus Boycott auslöste.","true","{""day"": 4, ""month"": 2}","US","2026-01-14 18:11:40.233437+01"
"Unabhängigkeitstag Sri Lankas","Nationalfeiertag zur Erinnerung an die Erlangung der Unabhängigkeit von Großbritannien im Jahr 1948.","true","{""day"": 4, ""month"": 2}","LK","2026-01-14 18:11:40.233437+01"
"Tag der hausgemachten Suppe","Ein kulinarischer Aktionstag, der dazu einlädt, frische Suppen zuzubereiten und zu genießen.","true","{""day"": 4, ""month"": 2}","US","2026-01-14 18:11:40.233437+01"
"Tag des gefüllten Pilzes","Ein spezieller Aktionstag für Liebhaber dieser Vorspeise.","true","{""day"": 4, ""month"": 2}","US","2026-01-14 18:11:40.233437+01"
"Welt-Nutella-Tag","2007 von der Bloggerin Sara Rosso ins Leben gerufen, feiern Fans weltweit den berühmten Haselnuss-Aufstrich.","true","{""day"": 5, ""month"": 2}","INT","2026-01-14 18:12:10.022258+01"
"Tag der Meteorologie","Gedenktag am Geburtstag von John Jeffries (1744), einem der ersten Wetterbeobachter, um Meteorologen zu ehren.","true","{""day"": 5, ""month"": 2}","US","2026-01-14 18:12:10.022258+01"
"Verfassungstag (Día de la Constitución)","Nationaler Feiertag zur Erinnerung an die Verkündung der mexikanischen Verfassung im Jahr 1917.","true","{""day"": 5, ""month"": 2}","MX","2026-01-14 18:12:10.022258+01"
"Ludwig-Erhard-Tag","Geburtstag des ""Vaters der Sozialen Marktwirtschaft"" (1897) und zweiten Bundeskanzlers der Bundesrepublik Deutschland.","true","{""day"": 5, ""month"": 2}","DE","2026-01-14 18:12:10.022258+01"
"Tag des Schokoladenfondues","Ein kulinarischer Aktionstag, der die Kombination aus geschmolzener Schokolade und frischen Früchten feiert.","true","{""day"": 5, ""month"": 2}","US","2026-01-14 18:12:10.022258+01"
"Tag der Einheit","Nationaler Feiertag in Burundi zur Förderung der nationalen Versöhnung und Einheit.","true","{""day"": 5, ""month"": 2}","BI","2026-01-14 18:12:10.022258+01"
"Tag des Monarchfalters","Aktionstag zum Schutz des Monarchfalters, der für seine beeindruckenden Wanderungen bekannt ist.","true","{""day"": 5, ""month"": 2}","US","2026-01-14 18:12:10.022258+01"
"Nationaltag der Samen","Gedenktag zur ersten länderübergreifenden Konferenz der Samen (1917) in Trondheim; gefeiert in Norwegen, Schweden und Finnland.","true","{""day"": 6, ""month"": 2}","INT","2026-01-14 18:12:34.445599+01"
"Tag gegen weibliche Genitalverstümmelung","Von den Vereinten Nationen ausgerufener Aktionstag zur Sensibilisierung und Abschaffung dieser Menschenrechtsverletzung.","true","{""day"": 6, ""month"": 2}","INT","2026-01-14 18:12:34.445599+01"
"Waitangi Day","Nationalfeiertag Neuseelands zur Erinnerung an die Unterzeichnung des Vertrags von Waitangi (1840) zwischen Briten und Māori.","true","{""day"": 6, ""month"": 2}","NZ","2026-01-14 18:12:34.445599+01"
"Tag des Frozen Yogurt","Ein kulinarischer Aktionstag zu Ehren der kühlen Joghurt-Alternative zu klassischem Speiseeis.","true","{""day"": 6, ""month"": 2}","US","2026-01-14 18:12:34.445599+01"
"Ronald Reagan Day","Ehrentag am Geburtstag des 40. US-Präsidenten (1911), besonders in Kalifornien als offizieller Gedenktag begangen.","true","{""day"": 6, ""month"": 2}","US","2026-01-14 18:12:34.445599+01"
"Lame Duck Day","Bezieht sich auf den 20. Zusatzartikel der US-Verfassung (ratifiziert 1933), der die Amtszeit scheidender Politiker verkürzt.","true","{""day"": 6, ""month"": 2}","US","2026-01-14 18:12:34.445599+01"
"Bob Marley Day","Gedenktag am Geburtstag der Reggae-Legende (1945); wird auf Jamaika und weltweit von Musikfans gefeiert.","true","{""day"": 6, ""month"": 2}","JM","2026-01-14 18:12:34.445599+01"
"Charles-Dickens-Tag","Geburtstag des berühmten britischen Schriftstellers (1812), Autor von Klassikern wie ""Oliver Twist"" und ""A Christmas Carol"".","true","{""day"": 7, ""month"": 2}","INT","2026-01-14 18:12:59.254636+01"
"Tag des Eiscreme-Frühstücks","Inoffizieller Aktionstag rund um die Idee, Eiscreme schon zum Frühstück zu genießen.","false","{""month"": 2, ""occurrence"": 1, ""day_of_week"": ""Saturday""}","INT","2026-01-14 18:12:59.254636+01"
"Unabhängigkeitstag Grenadas","Nationalfeiertag zur Erinnerung an die Erlangung der Unabhängigkeit von Großbritannien im Jahr 1974.","true","{""day"": 7, ""month"": 2}","GD","2026-01-14 18:12:59.254636+01"
"Tag des Periodensystems","Gedenktag zur Veröffentlichung der ersten Tabelle durch John Newlands (1863), die den Grundstein für das moderne Periodensystem legte.","true","{""day"": 7, ""month"": 2}","INT","2026-01-14 18:12:59.254636+01"
"Tag des Balletts","Ein Tag zur Würdigung der Eleganz und der harten Arbeit hinter der Kunst des Balletttanzes.","true","{""day"": 7, ""month"": 2}","INT","2026-01-14 18:12:59.254636+01"
"Rose Day","Markiert den Beginn der ""Valentinswoche"", an dem man geliebten Menschen Rosen schenkt.","true","{""day"": 7, ""month"": 2}","INT","2026-01-14 18:12:59.254636+01"
"Jahrestag der ersten deutschen E-Mail","Technikhistorischer Gedenktag: 1984 empfing Michael Rotert an der Universität Karlsruhe die erste E-Mail in Deutschland.","true","{""day"": 7, ""month"": 2}","DE","2026-01-14 18:12:59.254636+01"
"Gründung der Boy Scouts of America","Jahrestag der Gründung der US-Pfadfinderorganisation im Jahr 1910 durch William D. Boyce.","true","{""day"": 8, ""month"": 2}","US","2026-01-14 18:13:25.413415+01"
"Tag des Drachensteigens","Ein inoffizieller Aktionstag, der dazu einlädt, die windigen Tage im Februar für den Flugsport mit Drachen zu nutzen.","true","{""day"": 8, ""month"": 2}","INT","2026-01-14 18:13:25.413415+01"
"Tag der Oper","Ein Tag zur Feier der dramatischen Gesangskunst und der großen Opernhäuser weltweit.","true","{""day"": 8, ""month"": 2}","INT","2026-01-14 18:13:25.413415+01"
"Lach-dich-reich-Tag","Ein humorvoller Aktionstag, der darauf basiert, dass eine positive Einstellung und Lachen zu Erfolg und (metaphorischem) Reichtum führen.","true","{""day"": 8, ""month"": 2}","INT","2026-01-14 18:13:25.413415+01"
"International Frozen Yogurt Day","In einigen Ländern wird die kühle Süßspeise auch heute (statt am 06.02.) gefeiert.","true","{""day"": 8, ""month"": 2}","INT","2026-01-14 18:13:25.413415+01"
"Tag der russischen Wissenschaft","Gedenktag zur Gründung der Russischen Akademie der Wissenschaften durch Peter den Großen im Jahr 1724.","true","{""day"": 8, ""month"": 2}","RU","2026-01-14 18:13:25.413415+01"
"Gründung der Konföderierten Staaten","Historischer Jahrestag: 1861 bildeten die Südstaaten der USA eine eigene Regierung, was zum Sezessionskrieg führte.","true","{""day"": 8, ""month"": 2}","US","2026-01-14 18:13:25.413415+01"
"Welt-Pizza-Tag","Ein kulinarischer Welttag zu Ehren eines der beliebtesten Gerichte der Welt. Besonders die Pizza Margherita steht im Fokus.","true","{""day"": 9, ""month"": 2}","INT","2026-01-14 18:13:57.298959+01"
"Tag der Zahnschmerzen","Ein Tag zur Sensibilisierung für Mundhygiene und zur Erinnerung an den regelmäßigen Zahnarztbesuch.","true","{""day"": 9, ""month"": 2}","INT","2026-01-14 18:13:57.298959+01"
"Jahrestag des Jumbo-Jet-Erstflugs","Luftfahrthistorischer Meilenstein: 1969 hob die erste Boeing 747 zu ihrem Jungfernflug ab und revolutionierte das Reisen.","true","{""day"": 9, ""month"": 2}","INT","2026-01-14 18:13:57.298959+01"
"Welttag der griechischen Sprache","Gedenktag am Todestag des Dichters Dionysios Solomos, um den Beitrag des Griechischen zur Weltkultur zu ehren.","true","{""day"": 9, ""month"": 2}","INT","2026-01-14 18:13:57.298959+01"
"Jahrestag des Beatles-Auftritts in der Ed Sullivan Show","Jahrestag des ersten US-Fernsehauftritts der Beatles in der Ed Sullivan Show im Jahr 1964.","true","{""day"": 9, ""month"": 2}","US","2026-01-14 18:13:57.298959+01"
"Lies-in-der-Badewanne-Tag","Ein inoffizieller Aktionstag, der Entspannung durch Lesen in einer warmen Badewanne propagiert.","true","{""day"": 9, ""month"": 2}","INT","2026-01-14 18:13:57.298959+01"
"Tag der Feuerwehr-Helden","Oft in Verbindung mit dem Gedenktag der Heiligen Apollonia (Schutzpatronin gegen Zahnschmerzen und indirekt der Helfer).","true","{""day"": 9, ""month"": 2}","DE","2026-01-14 18:13:57.298959+01"
"Safer Internet Day","Ein weltweiter Aktionstag für mehr Online-Sicherheit, der unter dem Motto ""Together for a better internet"" steht.","false","{""month"": 2, ""occurrence"": 2, ""day_of_week"": ""Tuesday""}","INT","2026-01-14 18:14:36.304085+01"
"Welttag der Hülsenfrüchte","Von der UN proklamierter Tag zur Würdigung des Nährwerts und der Nachhaltigkeit von Bohnen, Linsen und Kichererbsen.","true","{""day"": 10, ""month"": 2}","INT","2026-01-14 18:14:36.304085+01"
"Tag des Regenschirms","Ein Aktionstag zu Ehren eines der nützlichsten Alltagsgegenstände der Menschheit.","true","{""day"": 10, ""month"": 2}","INT","2026-01-14 18:14:36.304085+01"
"Teddy Day","Teil der Valentinswoche; ein Tag, an dem man seinen Liebsten einen Kuschelbären schenkt.","true","{""day"": 10, ""month"": 2}","INT","2026-01-14 18:14:36.304085+01"
"Tag der Kinderhospizarbeit","2006 vom Deutschen Kinderhospizverein ins Leben gerufen, um auf die Situation schwerkranker Kinder und deren Familien aufmerksam zu machen.","true","{""day"": 10, ""month"": 2}","DE","2026-01-14 18:14:36.304085+01"
"Gründungstag von St. Petersburg (Florida)","Jahrestag der offiziellen Stadtgründung im Jahr 1892.","true","{""day"": 10, ""month"": 2}","US","2026-01-14 18:14:36.304085+01"
"Tag des Frischkäse-Brownies","Ein spezieller kulinarischer Aktionstag für die beliebte Kombination aus Käsekuchen und Schokoladenkuchen.","true","{""day"": 10, ""month"": 2}","US","2026-01-14 18:14:36.304085+01"
"Internationaler Dankeschön-Tag","Ein Tag, um die Kraft der Wertschätzung durch ein einfaches Danke im Alltag zu betonen.","true","{""day"": 11, ""month"": 1}","INT","2026-01-14 18:14:56.661722+01"
"Tag des kulturellen Erbes","Nationaler Feiertag zur Feier der albanischen Identität und Geschichte.","true","{""day"": 11, ""month"": 1}","AL","2026-01-14 18:14:56.661722+01"
"Lerne-deinen-Namen-in-Morsezeichen-Tag","Ein technischer Aktionstag, der dazu einlädt, die Grundlagen des Morsecodes spielerisch zu entdecken.","true","{""day"": 11, ""month"": 1}","INT","2026-01-14 18:14:56.661722+01"
"Tag der Republik Tschad","Gedenktag zur Proklamation der Republik innerhalb der Französischen Gemeinschaft (1958).","true","{""day"": 11, ""month"": 1}","TD","2026-01-14 18:14:56.661722+01"
"Pestalozzi-Geburtstag","Ehrentag des Schweizer Pädagogen und Sozialreformers (1746), Wegbereiter der modernen Volksschule.","true","{""day"": 12, ""month"": 1}","CH","2026-01-14 18:15:19.693373+01"
"Tag der Arbeitspause","Ein humorvoller Tag, um nach dem stressigen Jahresstart kurz innezuhalten.","true","{""day"": 12, ""month"": 1}","INT","2026-01-14 18:15:19.693373+01"
"National Glazed Donut Day","Ein US-Aktionstag, der speziell die klassisch glasierten Hefekringel feiert.","true","{""day"": 12, ""month"": 1}","US","2026-01-14 18:15:19.693373+01"
"Tag der Frauen in der Wissenschaft","Ein von der UNESCO proklamierter Tag, um den gleichberechtigten Zugang und die Teilnahme von Frauen an der Wissenschaft zu fördern.","true","{""day"": 11, ""month"": 2}","INT","2026-01-14 18:42:36.475449+01"
"Europäischer Tag des Notrufs 112","Aktionstag zur Bekanntmachung der europaweit gültigen Notrufnummer 112, die 1991 eingeführt wurde.","true","{""day"": 11, ""month"": 2}","EU","2026-01-14 18:42:36.475449+01"
"Tag der Erfinder (USA)","Gedenktag am Geburtstag von Thomas Alva Edison (1847), um die Leistungen aller Erfinder zu würdigen.","true","{""day"": 11, ""month"": 2}","US","2026-01-14 18:42:36.475449+01"
"Welttag der Kranken","1992 von Papst Johannes Paul II. eingeführt; findet jährlich am Gedenktag Unserer Lieben Frau in Lourdes statt.","true","{""day"": 11, ""month"": 2}","INT","2026-01-14 18:42:36.475449+01"
"Gedenktag der Staatsgründung (Japan)","Nationalfeiertag zur Erinnerung an die Thronbesteigung des ersten Kaisers Jimmu im Jahr 660 v. Chr.","true","{""day"": 11, ""month"": 2}","JP","2026-01-14 18:42:36.475449+01"
"Tag der weißen Schokolade","Kulinarischer Aktionstag zu Ehren der kakaobutterhaltigen Süßigkeit (wird regional auch am 22.09. gefeiert).","true","{""day"": 11, ""month"": 2}","INT","2026-01-14 18:42:36.475449+01"
"Promise Day","Fünfter Tag der Valentinswoche, an dem man sich gegenseitig Treue und Unterstützung verspricht.","true","{""day"": 11, ""month"": 2}","INT","2026-01-14 18:42:36.475449+01"
"Darwin-Tag","Geburtstag von Charles Darwin (1809). Ein globaler Tag der Wissenschaft, um seine Beiträge zur Evolutionstheorie und den Humanismus zu feiern.","true","{""day"": 12, ""month"": 2}","INT","2026-01-14 18:42:57.532834+01"
"Abraham-Lincoln-Geburtstag","Ehrentag des 16. US-Präsidenten (1809), der die USA durch den Bürgerkrieg führte und die Sklaverei abschaffte.","true","{""day"": 12, ""month"": 2}","US","2026-01-14 18:42:57.532834+01"
"Red Hand Day","Internationaler Gedenktag, um auf das Schicksal von Kindern aufmerksam zu machen, die zum Dienst in Armeen gezwungen werden.","true","{""day"": 12, ""month"": 2}","INT","2026-01-14 18:42:57.532834+01"
"Sexual and Reproductive Health Awareness Day","Ein Tag zur Förderung von Aufklärung, Gesundheit und Rechten im Bereich der Reproduktion.","true","{""day"": 12, ""month"": 2}","CA","2026-01-14 18:42:57.532834+01"
"Tag des Pflaumenpuddings","Ein kulinarischer Aktionstag zu Ehren des traditionellen britischen Desserts.","true","{""day"": 12, ""month"": 2}","US","2026-01-14 18:42:57.532834+01"
"Hug Day","Sechster Tag der Valentinswoche, an dem Umarmungen als Zeichen der Zuneigung im Mittelpunkt stehen.","true","{""day"": 12, ""month"": 2}","INT","2026-01-14 18:42:57.532834+01"
"Union Day","Nationalfeiertag zur Erinnerung an das Panglong-Abkommen von 1947, das die Einigkeit Myanmars begründete.","true","{""day"": 12, ""month"": 2}","MM","2026-01-14 18:42:57.532834+01"
"Welttag des Radios","Von der UNESCO proklamierter Tag zur Feier des Mediums Radio als Informationsquelle und Verbindung zwischen Kulturen.","true","{""day"": 13, ""month"": 2}","INT","2026-01-14 18:43:26.062728+01"
"Galentine’s Day","Ein aus der Popkultur (Parks and Recreation) stammender Tag, um die platonische Freundschaft zwischen Frauen zu feiern.","true","{""day"": 13, ""month"": 2}","INT","2026-01-14 18:43:26.062728+01"
"Tag der Tortellini","Kulinarischer Aktionstag zu Ehren der gefüllten italienischen Teigwaren aus der Region Emilia-Romagna.","true","{""day"": 13, ""month"": 2}","INT","2026-01-14 18:43:26.062728+01"
"Gedenktag an die Zerstörung Dresdens","Erinnert an die Luftangriffe auf Dresden im Jahr 1945 und dient heute als Mahntag für Frieden und Versöhnung.","true","{""day"": 13, ""month"": 2}","DE","2026-01-14 18:43:26.062728+01"
"Kiss Day","Der siebte und letzte Tag der Valentinswoche vor dem eigentlichen Valentinstag, gewidmet der romantischen Geste des Kusses.","true","{""day"": 13, ""month"": 2}","INT","2026-01-14 18:43:26.062728+01"
"Welttag der Selbstliebe","Ein Tag zur Förderung von mentaler Gesundheit und Akzeptanz des eigenen Ichs, oft als Kontrast zum Valentinstag.","true","{""day"": 13, ""month"": 2}","INT","2026-01-14 18:43:26.062728+01"
"Jahrestag des russischen Internets","Gedenktag zur Registrierung der ersten sowjetischen Internet-Knoten und der Entwicklung des Runet.","true","{""day"": 13, ""month"": 2}","RU","2026-01-14 18:43:26.062728+01"
"Valentinstag","Traditioneller Tag der Liebenden, benannt nach dem Heiligen Valentin.","true","{""day"": 14, ""month"": 2}","INT","2026-01-14 18:43:53.181424+01"
"Internationaler Tag des Verschenkens von Büchern","Ein ehrenamtlicher Aktionstag, der die Lesefreude bei Kindern fördern soll, indem man ihnen Bücher schenkt oder spendet.","true","{""day"": 14, ""month"": 2}","INT","2026-01-14 18:43:53.181424+01"
"Gründungstag von YouTube","Technik-Jahrestag: Am 14. Februar 2005 wurde die Domain youtube.com von drei ehemaligen PayPal-Mitarbeitern registriert.","true","{""day"": 14, ""month"": 2}","INT","2026-01-14 18:43:53.181424+01"
"Tag der Computer-Reinigung (Clean Out Your Computer Day)","Inoffizieller Tag, um das digitale Leben zu ordnen, Dateien zu sichern und Hardware zu säubern.","true","{""day"": 14, ""month"": 2}","INT","2026-01-14 18:43:53.181424+01"
"Tag des Riesenrads","Geburtstag von George Washington Gale Ferris Jr. (1859), dem Erfinder des modernen Riesenrads.","true","{""day"": 14, ""month"": 2}","US","2026-01-14 18:43:53.181424+01"
"Nationaler Organspendetag","Aktionstag zur Sensibilisierung für Organ-, Gewebe- und Blutspenden als Akt der Nächstenliebe.","true","{""day"": 14, ""month"": 2}","US","2026-01-14 18:43:53.181424+01"
"Gründungstag Arizona & Oregon","Oregon trat 1859 und Arizona 1912 am 14. Februar als Bundesstaaten den USA bei.","true","{""day"": 14, ""month"": 2}","US","2026-01-14 18:43:53.181424+01"
"Internationaler Kinderkrebstag","Weltweiter Aktionstag für krebskranke Kinder und Jugendliche sowie bessere Versorgung und Forschung.","true","{""day"": 15, ""month"": 2}","INT","2026-01-14 18:44:16.093358+01"
"Singles Awareness Day","Inoffizieller Gegenpol zum Valentinstag, der Singles und Selbstwertschätzung in den Mittelpunkt stellt.","true","{""day"": 15, ""month"": 2}","INT","2026-01-14 18:44:16.093358+01"
"Tag des Regenwurms","Aktionstag zur ökologischen Bedeutung des Regenwurms für Bodenfruchtbarkeit und Ökosysteme.","true","{""day"": 15, ""month"": 2}","DE","2026-01-14 18:44:16.093358+01"
"Tag der kanadischen Flagge","Gedenktag zur ersten offiziellen Hissung der heutigen Ahornblatt-Flagge (Maple Leaf) auf dem Parlamentshügel im Jahr 1965.","true","{""day"": 15, ""month"": 2}","CA","2026-01-14 18:44:16.093358+01"
"Tag des Nilpferds","Ein Aktionstag, um auf die Bedrohung der Flusspferde durch Lebensraumverlust und Wilderei hinzuweisen.","true","{""day"": 15, ""month"": 2}","INT","2026-01-14 18:44:16.093358+01"
"Tag der Gummidrops","Ein kulinarischer Aktionstag für Fans von bunten, zuckerumhüllten Gelee-Süßigkeiten.","true","{""day"": 15, ""month"": 2}","US","2026-01-14 18:44:16.093358+01"
"Tscheljabinsk-Meteoriten-Tag","Erinnert an den spektakulären Meteoriteneinschlag in Russland im Jahr 2013, der das Bewusstsein für Asteroidenabwehr schärfte.","true","{""day"": 15, ""month"": 2}","INT","2026-01-14 18:44:16.093358+01"
"Presidents Day","Offizieller US-Feiertag zu Ehren aller ehemaligen Präsidenten, ursprünglich zu Ehren von George Washington eingeführt.","false","{""month"": 2, ""occurrence"": 3, ""day_of_week"": ""Monday""}","US","2026-01-14 18:45:29.674469+01"
"Tag der Mandel","Ein kulinarischer Aktionstag zur Würdigung der gesundheitlichen Vorteile und der Vielseitigkeit der Mandel.","true","{""day"": 16, ""month"": 2}","INT","2026-01-14 18:45:29.674469+01"
"Kyoto-Protokoll-Jahrestag","Jahrestag des Inkrafttretens des Kyoto-Protokolls im Jahr 2005.","true","{""day"": 16, ""month"": 2}","INT","2026-01-14 18:45:29.674469+01"
"Tag der Wiederherstellung des Staates Litauen","Nationalfeiertag zur Erinnerung an die Unabhängigkeitserklärung von 1918.","true","{""day"": 16, ""month"": 2}","LT","2026-01-14 18:45:29.674469+01"
"Tag der Archive","Aktionstag, der die Bedeutung der Archivarbeit für das kulturelle Gedächtnis und die Geschichtsforschung hervorhebt.","true","{""day"": 16, ""month"": 2}","DE","2026-01-14 18:45:29.674469+01"
"Dooley Day","Ein lokaler irischer Gedenktag, der oft mit Geschichten und traditioneller Musik gefeiert wird.","true","{""day"": 16, ""month"": 2}","IE","2026-01-14 18:45:29.674469+01"
"Jahrestag des Siegs der Kubanischen Revolution","1959 wurde Fidel Castro an diesem Tag als Premierminister von Kuba vereidigt.","true","{""day"": 16, ""month"": 2}","CU","2026-01-14 18:45:29.674469+01"
"Tag der spontanen Nettigkeiten","Ein Tag, der dazu aufruft, Fremden oder Freunden ohne besonderen Grund eine Freude zu bereiten.","true","{""day"": 17, ""month"": 2}","INT","2026-01-14 18:45:53.946562+01"
"Tag der Katze (Italien)","Seit 1990 gefeiert, um die Freiheit und Unabhängigkeit der Katzen sowie ihren Schutz zu fördern.","true","{""day"": 17, ""month"": 2}","IT","2026-01-14 18:45:53.946562+01"
"Tag des menschlichen Geistes","Ein Tag zur Besinnung auf die Widerstandsfähigkeit und das kreative Potenzial der Menschheit.","true","{""day"": 17, ""month"": 2}","INT","2026-01-14 18:45:53.946562+01"
"Tag des Café au Lait","Kulinarischer Aktionstag zu Ehren des französischen Milchkaffees.","true","{""day"": 17, ""month"": 2}","US","2026-01-14 18:45:53.946562+01"
"Unabhängigkeitstag des Kosovo","Gedenktag zur Ausrufung der Unabhängigkeit von Serbien im Jahr 2008.","true","{""day"": 17, ""month"": 2}","XK","2026-01-14 18:45:53.946562+01"
"Mach-es-auf-deine-Art-Tag","Ein Tag der Selbstbestimmung, der dazu ermutigt, Dinge nach eigenen Vorstellungen zu erledigen.","true","{""day"": 17, ""month"": 2}","INT","2026-01-14 18:45:53.946562+01"
"Entdeckung von Pluto","Astronomie-Jahrestag zur Entdeckung Plutos durch Clyde Tombaugh im Jahr 1930.","true","{""day"": 17, ""month"": 2}","INT","2026-01-14 18:45:53.946562+01"
"Batterietag","Gedenktag am Geburtstag von Alessandro Volta (1745), dem Erfinder der ersten elektrischen Batterie.","true","{""day"": 18, ""month"": 2}","INT","2026-01-14 18:46:13.385394+01"
"Trinke-Wein-Tag","Ein kulinarischer Aktionstag, der die kulturelle Bedeutung und den Genuss von Wein zelebriert.","true","{""day"": 18, ""month"": 2}","US","2026-01-14 18:46:13.385394+01"
"Unabhängigkeitstag Gambias","Nationalfeiertag zur Erinnerung an die Erlangung der staatlichen Souveränität von Großbritannien im Jahr 1965.","true","{""day"": 18, ""month"": 2}","GM","2026-01-14 18:46:13.385394+01"
"Pluto-Entdeckungstag","Astronomie-Jahrestag: Am 18. Februar 1930 entdeckte Clyde Tombaugh am Lowell-Observatorium den Zwergplaneten Pluto.","true","{""day"": 18, ""month"": 2}","INT","2026-01-14 18:46:13.385394+01"
"Mars-Rover-Tag","Erinnert an die erfolgreiche Landung des NASA-Rovers Perseverance im Jezero-Krater auf dem Mars im Jahr 2021.","true","{""day"": 18, ""month"": 2}","INT","2026-01-14 18:46:13.385394+01"
"Tag der milchfreien Ernährung","Ein Aktionstag zur Förderung von pflanzlichen Alternativen zu Milchprodukten.","true","{""day"": 18, ""month"": 2}","INT","2026-01-14 18:46:13.385394+01"
"Tag der Demokratie (Nepal)","Erinnert an den Sturz der Rana-Dynastie im Jahr 1951 und den Beginn demokratischer Reformen.","true","{""day"": 18, ""month"": 2}","NP","2026-01-14 18:46:13.385394+01"
"Welttag des Wals","1980 auf Hawaii ins Leben gerufen, um auf die Bedrohung der Meeresriesen und den Schutz ihrer Lebensräume aufmerksam zu machen.","true","{""day"": 19, ""month"": 2}","INT","2026-01-14 18:46:29.722291+01"
"Tag der Minzschokolade","Ein kulinarischer Aktionstag zu Ehren der beliebten Kombination aus herber Schokolade und erfrischender Minze.","true","{""day"": 19, ""month"": 2}","US","2026-01-14 18:46:29.722291+01"
"Tag der Flagge Turkmenistans","Nationalfeiertag, der gleichzeitig den Geburtstag des ersten Präsidenten Saparmyrat Nyýazow ehrt.","true","{""day"": 19, ""month"": 2}","TM","2026-01-14 18:46:29.722291+01"
"Beginn der Schlacht um Iwo Jima","Historischer Jahrestag: 1945 landeten US-Truppen auf der japanischen Insel, was eine der blutigsten Schlachten des Pazifikkriegs einleitete.","true","{""day"": 19, ""month"": 2}","US","2026-01-14 18:46:29.722291+01"
"Tag des Hörschutzes","Ein Gesundheitstag, der über die Gefahren von Lärm aufklärt und zur Vorsorge motiviert.","true","{""day"": 19, ""month"": 2}","INT","2026-01-14 18:46:29.722291+01"
"Kopernikus-Geburtstag","Geburtstag des Astronomen (1473), der das heliozentrische Weltbild begründete und damit das Mittelalter beendete.","true","{""day"": 19, ""month"": 2}","INT","2026-01-14 18:46:29.722291+01"
"Welttag der sozialen Gerechtigkeit","Von den Vereinten Nationen proklamierter Tag, um auf Themen wie Armutsbekämpfung, Gleichstellung und faire Arbeitsbedingungen aufmerksam zu machen.","true","{""day"": 20, ""month"": 2}","INT","2026-01-14 18:46:53.386707+01"
"Tag des Kirschkuchens","Ein kulinarischer Aktionstag in den USA, der dem traditionellen ""Cherry Pie"" gewidmet ist.","true","{""day"": 20, ""month"": 2}","US","2026-01-14 18:46:53.386707+01"
"Tag der Liebe zu Haustieren","Ein Tag, um die besondere Bindung zwischen Mensch und Tier durch extra Aufmerksamkeit, Leckerlis oder Spielzeit zu feiern.","true","{""day"": 20, ""month"": 2}","INT","2026-01-14 18:46:53.386707+01"
"Jahrestag der WTO-Vorbereitung","Erinnert an wichtige Etappen der internationalen Handelsdiplomatie zur Regulierung globaler Märkte.","true","{""day"": 20, ""month"": 2}","INT","2026-01-14 18:46:53.386707+01"
"Tag der Handschellen","Erinnert an die Patentierung der modernen Handschellen durch George Carney im Jahr 1912.","true","{""day"": 20, ""month"": 2}","US","2026-01-14 18:46:53.386707+01"
"Tag des nordischen Skisports","Oft mit bedeutenden Weltmeisterschafts- oder Olympiasiegen in den Disziplinen Skispringen und Langlauf verknüpft.","true","{""day"": 20, ""month"": 2}","INT","2026-01-14 18:46:53.386707+01"
"Internationaler Tag der Muttersprache","Von der UNESCO proklamierter Tag zur Förderung sprachlicher und kultureller Vielfalt sowie Mehrsprachigkeit.","true","{""day"": 21, ""month"": 2}","INT","2026-01-14 18:47:15.180936+01"
"Internationaler Tag der Reiseleiter","Aktionstag zur Anerkennung der Arbeit von Gästeführern und Reiseleitern für den Kulturaustausch.","true","{""day"": 21, ""month"": 2}","INT","2026-01-14 18:47:15.180936+01"
"Tag der klebrigen Brötchen","Ein kulinarischer Aktionstag zu Ehren der zimtigen, glasierten Gebäckstücke.","true","{""day"": 21, ""month"": 2}","US","2026-01-14 18:47:15.180936+01"
"Geburtstag des Königs (Bhutan)","Nationalfeiertag zu Ehren des Königs Jigme Khesar Namgyel Wangchuck.","true","{""day"": 21, ""month"": 2}","BT","2026-01-14 18:47:15.180936+01"
"Jahrestag der 35-Stunden-Woche","Wirtschaftshistorischer Jahrestag der Verabschiedung des Gesetzes zur Arbeitszeitverkürzung im Jahr 2000.","true","{""day"": 21, ""month"": 2}","FR","2026-01-14 18:47:15.180936+01"
"Tag des Erhalts historischer Stätten","Inoffizieller Gedenktag zur Bewahrung des baulichen Erbes.","true","{""day"": 21, ""month"": 2}","INT","2026-01-14 18:47:15.180936+01"
"World Thinking Day","Weltweiter Gedenktag der Pfadfinderinnen zum Thema Freundschaft und internationale Solidarität.","true","{""day"": 22, ""month"": 2}","INT","2026-01-14 18:48:45.983756+01"
"Tag der Kriminalitätsopfer","1991 vom WEISSEN RING ins Leben gerufen, um das Bewusstsein für die Situation von Opfern und deren Rechte zu schärfen.","true","{""day"": 22, ""month"": 2}","DE","2026-01-14 18:48:45.983756+01"
"Gedenktag Weiße Rose","Erinnert an die Hinrichtung von Hans und Sophie Scholl sowie Christoph Probst im Jahr 1943 nach ihrem Widerstand gegen das NS-Regime.","true","{""day"": 22, ""month"": 2}","DE","2026-01-14 18:48:45.983756+01"
"Tag der Margarita","Ein kulinarischer Aktionstag zu Ehren des beliebten Cocktails auf Tequila-Basis.","true","{""day"": 22, ""month"": 2}","INT","2026-01-14 18:48:45.983756+01"
"Tag des Gassi-Gehens","Ein Tag, um die Gesundheit von Hund und Halter durch einen ausgiebigen Spaziergang zu fördern.","true","{""day"": 22, ""month"": 2}","INT","2026-01-14 18:48:45.983756+01"
"George-Washington-Geburtstag","Eigentlicher Geburtstag des ersten US-Präsidenten (1732). In den USA oft Teil des beweglichen Presidents","true","{""day"": 22, ""month"": 2}","US","2026-01-14 18:48:45.983756+01"
"Rosenmontag","Höhepunkt der Karnevalssaison 2026 mit großen Umzügen, besonders im Rheinland (Köln, Düsseldorf, Mainz).","false","{""days_before_easter"": 48}","DE","2026-01-14 18:50:20.991263+01"
"Dieselmotor-Jahrestag","Technik-Meilenstein: 1893 erhielt Rudolf Diesel das Patent für seinen ""Arbeitsverfahren und Ausführungsart für Verbrennungskraftmaschinen"".","true","{""day"": 23, ""month"": 2}","DE","2026-01-14 18:50:20.991263+01"
"Tag des Bananenbrots","Ein kulinarischer Aktionstag zu Ehren des saftigen Backwerks, das besonders als gesunder Snack beliebt ist.","true","{""day"": 23, ""month"": 2}","INT","2026-01-14 18:50:20.991263+01"
"Tag der Verteidiger des Vaterlandes","Ein gesetzlicher Feiertag zu Ehren der Streitkräfte; inoffiziell oft als ""Tag der Männer"" gefeiert.","true","{""day"": 23, ""month"": 2}","RU","2026-01-14 18:50:20.991263+01"
"Nationalfeiertag Brunei","Feiert die Unabhängigkeit und Souveränität des Sultanats (Hari Nasional).","true","{""day"": 23, ""month"": 2}","BN","2026-01-14 18:50:20.991263+01"
"Play Tennis Day","Ein sportlicher Aktionstag, der dazu animiert, den Schläger zu schwingen und die Fitness zu fördern.","true","{""day"": 23, ""month"": 2}","INT","2026-01-14 18:50:20.991263+01"
"Faschingsdienstag","Letzter Tag der Karnevalszeit vor dem Aschermittwoch; traditionell der Tag des Berliner-Essens und der Kostümfeste.","false","{""days_before_easter"": 47}","DE","2026-01-14 18:50:42.863415+01"
"Tag der Tortilla-Chips","Ein kulinarischer Aktionstag zu Ehren des beliebten mexikanischen Maissnacks und seiner Begleiter wie Salsa und Guacamole.","true","{""day"": 24, ""month"": 2}","INT","2026-01-14 18:50:42.863415+01"
"Unabhängigkeitstag Estlands","Nationalfeiertag zur Erinnerung an die Ausrufung der Republik im Jahr 1918.","true","{""day"": 24, ""month"": 2}","EE","2026-01-14 18:50:42.863415+01"
"Dragobete","Traditioneller rumänischer Tag der Verliebten, der den Frühlingsbeginn und das Erwachen der Natur feiert.","true","{""day"": 24, ""month"": 2}","RO","2026-01-14 18:50:42.863415+01"
"Einführung des gregorianischen Kalenders","Historischer Jahrestag: 1582 unterzeichnete Papst Gregor XIII. die Bulle Inter gravissimas zur Kalenderreform.","true","{""day"": 24, ""month"": 2}","INT","2026-01-14 18:50:42.863415+01"
"Tag der Flagge (Día de la Bandera)","Nationaler Gedenktag zur Verehrung der mexikanischen Nationalflagge.","true","{""day"": 24, ""month"": 2}","MX","2026-01-14 18:50:42.863415+01"
"Aschermittwoch","Beginn der 40-tägigen Fastenzeit im Christentum; traditionell ein Tag des Fischessens (Politik: Politischer Aschermittwoch).","false","{""days_before_easter"": 46}","INT","2026-01-14 18:50:59.902077+01"
"Tag der Muschelsuppe","Ein kulinarischer Aktionstag zu Ehren der berühmten nordamerikanischen Muschelsuppe (besonders New England Style).","true","{""day"": 25, ""month"": 2}","US","2026-01-14 18:50:59.902077+01"
"Tag der Schoko-Erdnüsse","Ein süßer Gedenktag für eine der beliebtesten Snack-Kombinationen weltweit.","true","{""day"": 25, ""month"": 2}","INT","2026-01-14 18:50:59.902077+01"
"People Power Day","Nationaler Feiertag zur Erinnerung an den friedlichen Sturz des Marcos-Regimes im Jahr 1986.","true","{""day"": 25, ""month"": 2}","PH","2026-01-14 18:50:59.902077+01"
"Tag der sowjetischen Besatzung","Nationaler Gedenktag zur Erinnerung an den Einmarsch der Roten Armee im Jahr 1921.","true","{""day"": 25, ""month"": 2}","GE","2026-01-14 18:50:59.902077+01"
"Renoir-Geburtstag","Geburtstag des berühmten französischen Malers des Impressionismus (1841).","true","{""day"": 25, ""month"": 2}","INT","2026-01-14 18:50:59.902077+01"
"Erzähle-ein-Märchen-Tag","Ein Tag zur Förderung der Erzählkultur; lädt dazu ein, klassische Märchen der Gebrüder Grimm oder Hans Christian Andersens vorzulesen.","true","{""day"": 26, ""month"": 2}","INT","2026-01-14 18:51:23.661629+01"
"Welttag der Pistazie","Ein kulinarischer Aktionstag zu Ehren der gesunden ""lächelnden Nuss"" und ihrer Bedeutung für die Ernährung.","true","{""day"": 26, ""month"": 2}","INT","2026-01-14 18:51:23.661629+01"
"Befreiungstag Kuwaits","Nationalfeiertag zur Erinnerung an das Ende der irakischen Besatzung im Jahr 1991.","true","{""day"": 26, ""month"": 2}","KW","2026-01-14 18:51:23.661629+01"
"Sei-ein-Vorbild-Tag","Ein Aktionstag, der dazu motiviert, durch eigenes positives Verhalten andere zu inspirieren.","true","{""day"": 26, ""month"": 2}","US","2026-01-14 18:51:23.661629+01"
"Grand-Canyon-Jahrestag","Naturschutz-Meilenstein: 1919 wurde das spektakuläre Schluchtensystem in Arizona offiziell zum Nationalpark erklärt.","true","{""day"": 26, ""month"": 2}","US","2026-01-14 18:51:23.661629+01"
"Tag des handgeschriebenen Briefes","Ein Tag zur Bewahrung der klassischen Korrespondenz per Post.","true","{""day"": 26, ""month"": 2}","INT","2026-01-14 18:51:23.661629+01"
"Welttag der Eisbären","Aktionstag von Polar Bears International, um auf die Bedrohung der Eisbären durch den Klimawandel aufmerksam zu machen.","true","{""day"": 27, ""month"": 2}","INT","2026-01-14 18:51:41.79889+01"
"Welttag der NGOs","Anerkennungstag für den Beitrag zivilgesellschaftlicher Organisationen zu Menschenrechten und Umweltschutz.","true","{""day"": 27, ""month"": 2}","INT","2026-01-14 18:51:41.79889+01"
"Tag der Anosmie","Aktionstag zur Aufklärung über den Verlust des Geruchssinns und dessen Auswirkungen auf die Lebensqualität.","true","{""day"": 27, ""month"": 2}","INT","2026-01-14 18:51:41.79889+01"
"Unabhängigkeitstag der Dominikanischen Republik","Nationalfeiertag zur Erinnerung an die Unabhängigkeit von Haiti im Jahr 1844.","true","{""day"": 27, ""month"": 2}","DO","2026-01-14 18:51:41.79889+01"
"Tag der Erdbeere","Ein kulinarischer Tag zu Ehren der süßen roten Sammelnussfrucht (trotz der Winterzeit).","true","{""day"": 27, ""month"": 2}","US","2026-01-14 18:51:41.79889+01"
"Jahrestag des Reichstagsbrands","Historischer Gedenktag: 1933 brannte der Berliner Reichstag, was den Nationalsozialisten als Vorwand zur Ausschaltung von Grundrechten diente.","true","{""day"": 27, ""month"": 2}","DE","2026-01-14 18:51:41.79889+01"
"Tag der seltenen Erkrankungen","Weltweiter Aktionstag, um auf die Herausforderungen von Menschen mit seltenen Diagnosen aufmerksam zu machen.","false","{""month"": 2, ""last_day"": true}","INT","2026-01-14 18:52:26.103661+01"
"Tag des öffentlichen Schlafs","Ein kurioser Aktionstag, der dazu einlädt, ein Nickerchen an öffentlichen Orten (Parkbank, Bahn) zu machen.","true","{""day"": 28, ""month"": 2}","INT","2026-01-14 18:52:26.103661+01"
"Ende des Zweiten Golfkriegs","Historischer Jahrestag: 1991 ordnete US-Präsident Bush eine Waffenruhe an, nachdem die irakischen Truppen aus Kuwait vertrieben worden waren.","true","{""day"": 28, ""month"": 2}","INT","2026-01-14 18:52:26.103661+01"
"Tag der Zahnfee","Ein spielerischer Tag für Kinder, der die Tradition der Zahnfee und die Zahnpflege in den Fokus rückt.","true","{""day"": 28, ""month"": 2}","US","2026-01-14 18:52:26.103661+01"
"Andalusien-Tag","Regionaler Feiertag in Südspanien zur Erinnerung an das Referendum über die Autonomie im Jahr 1980.","true","{""day"": 28, ""month"": 2}","ES","2026-01-14 18:52:26.103661+01"
"Tag des Schokoladen-Soufflés","Ein kulinarischer Feiertag zu Ehren der anspruchsvollen französischen Dessert-Spezialität.","true","{""day"": 28, ""month"": 2}","US","2026-01-14 18:52:26.103661+01"
"Nationaler Tag der Wissenschaft (Indien)","Gedenktag zur Entdeckung des Raman-Effekts durch den Physiker C. V. Raman im Jahr 1928.","true","{""day"": 28, ""month"": 2}","IN","2026-01-14 18:52:26.103661+01"
"Schalttag","Zusatztag im gregorianischen Kalender, um die Differenz zum Sonnenjahr auszugleichen. Nur in Schaltjahren vorhanden.","false","{""day"": 29, ""month"": 2, ""condition"": ""is_leap_year""}","INT","2026-01-14 18:53:02.43755+01"
"Tag der seltenen Erkrankungen am Schalttag","Globaler Aktionstag für Menschen mit seltenen Erkrankungen; in Schaltjahren fällt er auf den 29. Februar.","false","{""day"": 29, ""month"": 2, ""condition"": ""is_leap_year""}","INT","2026-01-14 18:53:02.43755+01"
"Bachelor’s Day","Irische Tradition: Der einzige Tag, an dem Frauen den Männern traditionell einen Heiratsantrag machen ""durften"".","false","{""day"": 29, ""month"": 2, ""condition"": ""is_leap_year""}","IE","2026-01-14 18:53:02.43755+01"
"Ehrentag der Schalttagskinder","Besonderer Geburtstag für alle ""Leaplings"", die nur alle vier Jahre an ihrem eigentlichen Geburtsdatum feiern können.","false","{""day"": 29, ""month"": 2, ""condition"": ""is_leap_year""}","INT","2026-01-14 18:53:02.43755+01"
"Tag des Frosches","Wegen der ""Sprungkraft"" des Schaltjahres (Leap Year) ein inoffizieller Tag für alles, was hüpft.","false","{""day"": 29, ""month"": 2, ""condition"": ""is_leap_year""}","INT","2026-01-14 18:53:02.43755+01"
"Null-Diskriminierung-Tag","Weltweiter Tag für ein Leben ohne Diskriminierung, initiiert von UNAIDS.","true","{""day"": 1, ""month"": 3}","INT","2026-01-14 20:53:59.997581+01"
"Welttag der Komplimente","Ein Tag, um durch ehrliche Wertschätzung die Lebensqualität der Mitmenschen zu steigern.","true","{""day"": 1, ""month"": 3}","INT","2026-01-14 20:53:59.997581+01"
"Martenitsa / Mărțișor","Traditionelles Frühlingsfest in Bulgarien und Rumänien. Man verschenkt rot-weiße Glücksbringer.","true","{""day"": 1, ""month"": 3}","BG/RO","2026-01-14 20:53:59.997581+01"
"St. David’s Day","Nationalfeiertag von Wales zu Ehren des Heiligen David.","true","{""day"": 1, ""month"": 3}","GB-WLS","2026-01-14 20:53:59.997581+01"
"Welttag des Zivilschutzes","Tag zur Anerkennung der Bedeutung des Bevölkerungsschutzes und der Katastrophenvorsorge.","true","{""day"": 1, ""month"": 3}","INT","2026-01-14 20:53:59.997581+01"
"Read Across America Day","Nationaler Tag der Leseförderung in den USA, zeitgleich mit dem Geburtstag von Dr. Seuss.","true","{""day"": 2, ""month"": 3}","US","2026-01-14 20:55:34.617579+01"
"Unabhängigkeitstag (Marokko)","Nationalfeiertag zur Erinnerung an die Erlangung der Unabhängigkeit im Jahr 1956.","true","{""day"": 2, ""month"": 3}","MA","2026-01-14 20:55:34.617579+01"
"Mach-mal-was-Anderes-Tag (Old Stuff Day)","Ein Tag, um tägliche Routinen zu durchbrechen und Neues zu wagen, statt im ""alten Trott"" zu verharren.","true","{""day"": 2, ""month"": 3}","INT","2026-01-14 20:55:34.617579+01"
"Tag der mentalen Gesundheit im Beruf","Fokus auf Stressprävention und das Wohlbefinden am Arbeitsplatz.","true","{""day"": 2, ""month"": 3}","INT","2026-01-14 20:55:34.617579+01"
"Welttag des Artenschutzes","UN-Tag zum Schutz der wildlebenden Tiere und Pflanzen weltweit.","true","{""day"": 3, ""month"": 3}","INT","2026-01-14 20:56:08.341843+01"
"Welttag des Hörens","Globaler Aktionstag der WHO zur Bedeutung des Gehörs und zur Vermeidung von Hörschäden.","true","{""day"": 3, ""month"": 3}","INT","2026-01-14 20:56:08.341843+01"
"Hina-Matsuri","Japanisches Puppenfest zur Ehrung und für das Wohlergehen von Mädchen.","true","{""day"": 3, ""month"": 3}","JP","2026-01-14 20:56:08.341843+01"
"Tag der Befreiung Bulgariens","Nationalfeiertag zum Gedenken an die Wiederherstellung der bulgarischen Unabhängigkeit 1878.","true","{""day"": 3, ""month"": 3}","BG","2026-01-14 20:56:08.341843+01"
"Internationaler Tag der Schriftsteller","Gedenktag für die Freiheit der Literatur und die Rechte der Autoren.","true","{""day"": 3, ""month"": 3}","INT","2026-01-14 20:56:08.341843+01"
"Welt-Adipositas-Tag","Globaler Tag zur Sensibilisierung und Aufklärung über die chronische Erkrankung Adipositas.","true","{""day"": 4, ""month"": 3}","INT","2026-01-14 20:59:57.928947+01"
"Welttag des Ingenieurwesens für nachhaltige Entwicklung","UNESCO-Tag zur Würdigung der Rolle von Ingenieuren für eine moderne Gesellschaft.","true","{""day"": 4, ""month"": 3}","INT","2026-01-14 20:59:57.928947+01"
"Internationaler HPV-Tag","Aktionstag zur Aufklärung über HP-Viren und Präventionsmöglichkeiten.","true","{""day"": 4, ""month"": 3}","INT","2026-01-14 20:59:57.928947+01"
"Tag der Grammatik","Besonders im englischsprachigen Raum gefeiert, um die korrekte Sprache zu würdigen.","true","{""day"": 4, ""month"": 3}","US/INT","2026-01-14 20:59:57.928947+01"
"Tag des Spielzeug-Soldaten","Ein Tag für Sammler und Liebhaber von Miniaturfiguren und historischen Tabletop-Spielen.","true","{""day"": 4, ""month"": 3}","INT","2026-01-14 21:04:26.821676+01"
"Nationaler Snack-Tag","Ein kulinarischer Aktionstag, der den beliebtesten Zwischenmahlzeiten gewidmet ist.","true","{""day"": 4, ""month"": 3}","US","2026-01-14 21:04:26.821676+01"
"Tag des heiligen Experiments","Ein Tag für spirituelle Selbstfindung und das Ausprobieren neuer Lebensweisen.","true","{""day"": 4, ""month"": 3}","INT","2026-01-14 21:04:26.821676+01"
"Gründungstag von Chicago","Gedenktag an die offizielle Ernennung Chicagos zur Stadt am 4. März 1837.","true","{""day"": 4, ""month"": 3}","US","2026-01-14 21:04:26.821676+01"
"Tag des Rührkuchens (Pound Cake Day)","Ein Feiertag für den klassischen Rührkuchen, der traditionell aus je einem Pfund der Grundzutaten besteht.","true","{""day"": 4, ""month"": 3}","US/INT","2026-01-14 21:04:26.821676+01"
"Welttag der Energieeffizienz","Internationaler Tag zur Förderung des Bewusstseins für effiziente Energienutzung.","true","{""day"": 5, ""month"": 3}","INT","2026-01-14 21:06:12.717645+01"
"St. Piran’s Day","Nationalfeiertag von Cornwall zu Ehren des Heiligen Piran.","true","{""day"": 5, ""month"": 3}","GB-CON","2026-01-14 21:06:12.717645+01"
"Tag des Absinths","Erinnert an die Legalisierung der ""Grünen Fee"" und die Spirituosenkultur.","true","{""day"": 5, ""month"": 3}","INT","2026-01-14 21:06:12.717645+01"
"Tag des Namensschildes","Teil der ""Feiere-deinen-Namen-Woche"", um die Kommunikation zwischen Fremden zu fördern.","true","{""day"": 5, ""month"": 3}","US/INT","2026-01-14 21:06:12.717645+01"
"MS-Bewusstseins-Tag","Ein Tag zur Aufklärung über die Symptome und Herausforderungen von Multiple Sklerose.","true","{""day"": 5, ""month"": 3}","INT","2026-01-14 21:06:12.717645+01"
"Rei-Taisai (Kasuga-Taisha)","Eines der drei großen Feste Japans mit kaiserlichen Boten und traditionellen Tänzen.","true","{""day"": 5, ""month"": 3}","JP","2026-01-14 21:06:12.717645+01"
"Finde-heraus-was-dein-Name-bedeutet-Tag","Ein Tag, der dazu animiert, die Etymologie und Herkunft des eigenen Vornamens zu erforschen.","true","{""day"": 5, ""month"": 3}","INT","2026-01-14 21:06:12.717645+01"
"Europäischer Tag der Logopädie","Aktionstag zur Sensibilisierung für Kommunikationsstörungen und die Bedeutung der Sprachtherapie.","true","{""day"": 6, ""month"": 3}","EU","2026-01-14 21:07:11.265212+01"
"Welttag des Lymphödems","Globaler Aktionstag zur Aufklärung über Lympherkrankungen und deren Therapie.","true","{""day"": 6, ""month"": 3}","INT","2026-01-14 21:07:11.265212+01"
"Unabhängigkeitstag (Ghana)","Nationalfeiertag zur Erinnerung an die staatliche Souveränität von 1957.","true","{""day"": 6, ""month"": 3}","GH","2026-01-14 21:07:11.265212+01"
"Tag der Tiefkühlkost","Gedenktag an die Patentierung der ersten Tiefkühlverfahren durch Clarence Birdseye.","true","{""day"": 6, ""month"": 3}","INT","2026-01-14 21:07:11.265212+01"
"Tag der Kleinstadt-Kultur","Ein Tag zur Förderung des Zusammenhalts und der kulturellen Vielfalt in kleineren Gemeinden.","true","{""day"": 6, ""month"": 3}","INT","2026-01-14 21:07:11.265212+01"
"Tag der gesunden Ernährung","Aktionstag zur Aufklärung über bewusste Ernährung und Prävention von ernährungsbedingten Krankheiten.","true","{""day"": 7, ""month"": 3}","DE","2026-01-14 21:07:44.820262+01"
"Alexander-Graham-Bell-Tag","Gedenktag zur Patentierung des Telefons im Jahr 1876.","true","{""day"": 7, ""month"": 3}","INT","2026-01-14 21:07:44.820262+01"
"Tag der Lehrer (Dita e Mësuesit)","Nationaler Gedenktag zur Eröffnung der ersten Schule in albanischer Sprache 1887.","true","{""day"": 7, ""month"": 3}","AL","2026-01-14 21:07:44.820262+01"
"Tag der Frühstücksflocken","Ein kulinarischer Feiertag für eine der beliebtesten Frühstücksmahlzeiten weltweit.","true","{""day"": 7, ""month"": 3}","US/INT","2026-01-14 21:07:44.820262+01"
"Plant Power Day","Ein Tag zur Förderung pflanzlicher Ernährung für die Gesundheit und den Planeten.","true","{""day"": 7, ""month"": 3}","INT","2026-01-14 21:07:44.820262+01"
"Tag des Thronantritts","Nationaler Feiertag in Bahrain zu Ehren des regierenden Monarchen.","true","{""day"": 7, ""month"": 3}","BH","2026-01-14 21:07:44.820262+01"
"Tag des Gehörtwerdens (Be Heard Day)","Ein Tag für Kleinunternehmer, um ihre Stimme gegen große Konzerne zu erheben.","true","{""day"": 7, ""month"": 3}","US/INT","2026-01-14 21:07:44.820262+01"
"Tag des Schweinekronenbratens","Ein traditioneller US-amerikanischer Food-Feiertag für dieses festliche Fleischgericht.","true","{""day"": 7, ""month"": 3}","US","2026-01-14 21:07:44.820262+01"
"Internationaler Frauentag","Weltweiter Aktionstag für die Rechte der Frau, die Gleichstellung und den Weltfrieden.","true","{""day"": 8, ""month"": 3}","INT","2026-01-14 21:08:41.154815+01"
"Tag des Korallenriffs","Aktionstag zur Sensibilisierung für den Schutz der gefährdeten Korallenriffe weltweit.","true","{""day"": 8, ""month"": 3}","INT","2026-01-14 21:08:41.154815+01"
"Tag des Frauenfußballs","Fokus auf die sportlichen Leistungen von Frauen und Mädchen im Fußball.","true","{""day"": 8, ""month"": 3}","INT","2026-01-14 21:08:41.154815+01"
"Sei-fies-Tag (Be Nasty Day)","Ein humorvoller Tag, der dazu einlädt, Frust abzulassen (im Rahmen des Anstands).","true","{""day"": 8, ""month"": 3}","US/INT","2026-01-14 21:08:41.154815+01"
"Tag des Korrekturlesens","Ein Tag zur Würdigung fehlerfreier Texte und der Arbeit von Korrektoren.","true","{""day"": 8, ""month"": 3}","US","2026-01-14 21:08:41.154815+01"
"Tag der Erdnuss-Schoko-Berge","Ein kulinarischer Feiertag für die beliebte Süßigkeit aus Erdnüssen und Schokolade.","true","{""day"": 8, ""month"": 3}","US","2026-01-14 21:08:41.154815+01"
"Tag der Revolution (Syrien)","Nationaler Gedenktag zum Staatsstreich der Baath-Partei im Jahr 1963.","true","{""day"": 8, ""month"": 3}","SY","2026-01-14 21:08:41.154815+01"
"Barbie-Tag (Geburtstag)","Jahrestag der Vorstellung der ersten Barbie-Puppe im Jahr 1959.","true","{""day"": 9, ""month"": 3}","INT","2026-01-14 21:09:33.658798+01"
"Welt-DJ-Tag","Ein Wohltätigkeitstag für die Musikindustrie zur Unterstützung von Kinderhilfsprojekten.","true","{""day"": 9, ""month"": 3}","INT","2026-01-14 21:09:33.658798+01"
"Tag der Fleischbällchen","Ein kulinarischer Feiertag zu Ehren von Fleischbällchen in all ihren Variationen.","true","{""day"": 9, ""month"": 3}","US/INT","2026-01-14 21:09:33.658798+01"
"Panik-Tag","Ein Tag, um Stress abzulassen und sich bewusst mit Ängsten auseinanderzusetzen.","true","{""day"": 9, ""month"": 3}","INT","2026-01-14 21:09:33.658798+01"
"Tag der falschen Zähne","Ein Tag zur Sensibilisierung für Zahnersatz und Mundhygiene.","true","{""day"": 9, ""month"": 3}","INT","2026-01-14 21:09:33.658798+01"
"Komm-drüber-hinweg-Tag (Get Over It Day)","Ein Tag, um alte Verletzungen oder Groll endlich hinter sich zu lassen.","true","{""day"": 9, ""month"": 3}","US/INT","2026-01-14 21:09:33.658798+01"
"Tag des Krabbenfleisches","Ein weiterer US-Food-Feiertag für Liebhaber von Meeresfrüchten.","true","{""day"": 9, ""month"": 3}","US","2026-01-14 21:09:33.658798+01"
"Mario-Tag (Mar10 Day)","Popkultur-Tag zu Ehren der Videospiel-Ikone Super Mario (Datumsschreibweise Mar. 10).","true","{""day"": 10, ""month"": 3}","INT","2026-01-14 21:16:16.451068+01"
"Tag der ersten Telefonübertragung","Gedenktag an den ersten erfolgreichen Telefonanruf durch Alexander Graham Bell im Jahr 1876.","true","{""day"": 10, ""month"": 3}","INT","2026-01-14 21:16:16.451068+01"
"Internationaler Tag der Richterinnen","UN-Gedenktag zur Förderung der Gerechtigkeit und Beteiligung von Frauen in der Justiz.","true","{""day"": 10, ""month"": 3}","INT","2026-01-14 21:16:16.451068+01"
"Welttag der Nieren","Globaler Aktionstag zur Aufklärung über Nierenerkrankungen und Vorsorgemöglichkeiten.","true","{""day"": 10, ""month"": 3}","INT","2026-01-14 21:16:16.451068+01"
"Tag des Blaubeerkuchens","Ein kulinarischer Gedenktag aus den USA für Liebhaber von Gebäck mit Blaubeeren.","true","{""day"": 10, ""month"": 3}","US","2026-01-14 21:16:16.451068+01"
"Pack-dein-Mittagessen-ein-Tag","Ein Aktionstag zur Förderung gesunder Ernährung und Kostenersparnis durch selbstgemachtes Essen.","true","{""day"": 10, ""month"": 3}","INT","2026-01-14 21:16:16.451068+01"
"Gedenktag des tibetischen Volksaufstandes","Erinnerung an den Aufstand in Lhasa im Jahr 1959.","true","{""day"": 10, ""month"": 3}","INT","2026-01-14 21:16:16.451068+01"
"Europäischer Gedenktag für die Opfer des Terrorismus","Ein Tag des gemeinsamen Gedenkens an die Opfer von Terroranschlägen weltweit.","true","{""day"": 11, ""month"": 3}","EU","2026-01-14 21:16:50.794119+01"
"Jahrestag der Nuklearkatastrophe von Fukushima","Gedenken an die Opfer des Tsunami und der Reaktorkatastrophe in Japan 2011.","true","{""day"": 11, ""month"": 3}","INT","2026-01-14 21:16:50.794119+01"
"Welt-Sanitär-Tag","Aktionstag zur Bedeutung von Sanitärtechnik für Gesundheit und Umweltschutz.","true","{""day"": 11, ""month"": 3}","INT","2026-01-14 21:16:50.794119+01"
"Johnny Appleseed Day","Gedenktag für John Chapman, den legendären Apfelbaumpflanzer der USA.","true","{""day"": 11, ""month"": 3}","US","2026-01-14 21:16:50.794119+01"
"Tag der Werkzeugverehrung","Ein Tag, um seine Werkzeuge zu reinigen, zu ölen und ihre Nützlichkeit zu würdigen.","true","{""day"": 11, ""month"": 3}","INT","2026-01-14 21:16:50.794119+01"
"Tag des Haikus","Ein Tag zur Wertschätzung der kurzen, dreizeiligen japanischen Gedichtform.","true","{""day"": 11, ""month"": 3}","INT","2026-01-14 21:16:50.794119+01"
"Tag der Haferflocken-Nuss-Waffeln","Ein kulinarischer US-Feiertag für eine gesunde Frühstücksvariante.","true","{""day"": 11, ""month"": 3}","US","2026-01-14 21:16:50.794119+01"
"Tag der Wiederherstellung der Unabhängigkeit Litauens","Nationalfeiertag zur Erinnerung an die Unabhängigkeitserklärung von der Sowjetunion 1990.","true","{""day"": 11, ""month"": 3}","LT","2026-01-14 21:16:50.794119+01"
"Welttag gegen Internetzensur","Ein Aktionstag für die Pressefreiheit im digitalen Raum und gegen staatliche Überwachung.","true","{""day"": 12, ""month"": 3}","INT","2026-01-14 21:17:27.042357+01"
"Geburtstag des World Wide Web","Jahrestag des 1989 von Tim Berners-Lee am CERN vorgestellten Konzepts für das WWW.","true","{""day"": 12, ""month"": 3}","INT","2026-01-14 21:17:27.042357+01"
"Nationalfeiertag (Mauritius)","Gedenken an die Unabhängigkeit 1968 und den Status als Republik 1992.","true","{""day"": 12, ""month"": 3}","MU","2026-01-14 21:17:27.042357+01"
"Pflanz-einen-Blumensamen-Tag","Ein motivierender Tag für Gartenfreunde, um die Blumensaison einzuläuten.","true","{""day"": 12, ""month"": 3}","INT","2026-01-14 21:17:27.042357+01"
"Tag der Pfadfinderinnen","Erinnert an die Gründung der ersten Girl Scout Gruppe in den USA im Jahr 1912.","true","{""day"": 12, ""month"": 3}","US/INT","2026-01-14 21:17:27.042357+01"
"Tag der gebackenen Jakobsmuscheln","Ein kulinarischer Gedenktag für Liebhaber von Meeresfrüchten.","true","{""day"": 12, ""month"": 3}","US","2026-01-14 21:17:27.042357+01"
"Alfred-Hitchcock-Tag","Zu Ehren des legendären Regisseurs des Spannungs- und Horrorkinos.","true","{""day"": 12, ""month"": 3}","INT","2026-01-14 21:17:27.042357+01"
"Freitag der 13.","Ein Tag, der im Volksglauben mit Aberglauben und Glück oder Unglück verbunden ist.","true","{""day"": 13, ""month"": 3}","INT","2026-01-14 21:17:55.52676+01"
"Weltschlaftag","Aktionstag zur Bedeutung des Schlafs für die Gesundheit und Lebensqualität.","true","{""day"": 13, ""month"": 3}","INT","2026-01-14 21:17:55.52676+01"
"Tag der Ohrenschützer","Gedenktag an Chester Greenwood, der 1877 das Patent für Ohrenschützer erhielt.","true","{""day"": 13, ""month"": 3}","INT","2026-01-14 21:17:55.52676+01"
"Tag des Juwels","Ein Tag zur Wertschätzung von Edelsteinen, Schmuckstücken und Goldschmiedekunst.","true","{""day"": 13, ""month"": 3}","INT","2026-01-14 21:17:55.52676+01"
"Smart & Sexy Day","Ein Tag zur Förderung des Selbstbewusstseins von Frauen in allen Lebensbereichen.","true","{""day"": 13, ""month"": 3}","US","2026-01-14 21:17:55.52676+01"
"Tag der Kokostorte","Ein kulinarischer Gedenktag für Fans von Kokosnuss-Desserts.","true","{""day"": 13, ""month"": 3}","US","2026-01-14 21:17:55.52676+01"
"Kasuga Matsuri","Ein wichtiges Shinto-Fest am Kasuga-Schrein in Nara mit über 1000-jähriger Tradition.","true","{""day"": 13, ""month"": 3}","JP","2026-01-14 21:17:55.52676+01"
"Pi-Tag / Tag der Mathematik","Feier der mathematischen Konstante Pi (3,14) und der Bedeutung der Mathematik weltweit.","true","{""day"": 14, ""month"": 3}","INT","2026-01-14 21:18:30.729084+01"
"Albert Einsteins Geburtstag","Gedenken an den theoretischen Physiker und Schöpfer der Relativitätstheorie (geb. 1879).","true","{""day"": 14, ""month"": 3}","INT","2026-01-14 21:18:30.729084+01"
"White Day","Antwort-Tag zum Valentinstag in Ostasien, an dem traditionell weiße Geschenke überreicht werden.","true","{""day"": 14, ""month"": 3}","JP/KR","2026-01-14 21:18:30.729084+01"
"Internationaler Aktionstag gegen Staudämme","Ein Tag für den Schutz von Flüssen, Wasserressourcen und die Rechte der betroffenen Gemeinschaften.","true","{""day"": 14, ""month"": 3}","INT","2026-01-14 21:18:30.729084+01"
"Schnitzel-und-Blowjob-Tag","Ein humorvoller, im Internet entstandener Gegentag zum Valentinstag.","true","{""day"": 14, ""month"": 3}","INT","2026-01-14 21:18:30.729084+01"
"Tag der Kartoffelchips","Ein US-amerikanischer kulinarischer Feiertag für einen der beliebtesten Snacks der Welt.","true","{""day"": 14, ""month"": 3}","US","2026-01-14 21:18:30.729084+01"
"Erfahre-mehr-über-Schmetterlinge-Tag","Ein Natur-Bildungstag, um die Bedeutung von Schmetterlingen für das Ökosystem zu verstehen.","true","{""day"": 14, ""month"": 3}","INT","2026-01-14 21:18:30.729084+01"
"Iden des März","Historischer Gedenktag an die Ermordung von Julius Cäsar im Jahr 44 v. Chr.","true","{""day"": 15, ""month"": 3}","INT","2026-01-14 21:19:11.519126+01"
"Weltverbrauchertag","Aktionstag zur Stärkung der Verbraucherrechte und zur Förderung von Transparenz und Fairness.","true","{""day"": 15, ""month"": 3}","INT","2026-01-14 21:19:11.519126+01"
"Internationaler Tag gegen Polizeigewalt","Aktionstag zur Sensibilisierung für Bürgerrechte und staatliche Gewaltprävention.","true","{""day"": 15, ""month"": 3}","INT","2026-01-14 21:19:11.519126+01"
"Nationalfeiertag (Ungarn)","Erinnerung an die Ungarische Revolution und den Freiheitskampf von 1848/49.","true","{""day"": 15, ""month"": 3}","HU","2026-01-14 21:19:11.519126+01"
"Tag der Rückengesundheit","Gesundheitstag zur Förderung rückengerechter Verhältnisprävention und Bewegung.","true","{""day"": 15, ""month"": 3}","DE","2026-01-14 21:19:11.519126+01"
"Tag der Birne Helene","Kulinarischer Gedenktag zu Ehren des klassischen Desserts aus pochierten Birnen und Schokoladensauce.","true","{""day"": 15, ""month"": 3}","INT","2026-01-14 21:19:11.519126+01"
"Alles-was-du-denkst-ist-falsch-Tag","Ein paradoxer, kurioser Feiertag, der dazu einlädt, die eigene Wahrnehmung zu hinterfragen.","true","{""day"": 15, ""month"": 3}","INT","2026-01-14 21:19:11.519126+01"
"Alles-was-du-machst-ist-richtig-Tag","Ein motivierender Tag zur Stärkung des Selbstvertrauens und zur Akzeptanz eigener Taten.","true","{""day"": 16, ""month"": 3}","INT","2026-01-14 21:20:00.768532+01"
"Tag der Informationsfreiheit","Gedenktag für das Recht auf freien Zugang zu Informationen und Transparenz der Behörden.","true","{""day"": 16, ""month"": 3}","US/INT","2026-01-14 21:20:00.768532+01"
"Tag der Lippen","Ein Tag zur Pflege der Lippen und zur Würdigung ihrer Rolle für Mimik und Kommunikation.","true","{""day"": 16, ""month"": 3}","INT","2026-01-14 21:20:00.768532+01"
"Tag der Artischocken-Herzen","Kulinarischer Aktionstag zu Ehren des zartesten Teils der Artischocke.","true","{""day"": 16, ""month"": 3}","US","2026-01-14 21:20:00.768532+01"
"St. Urho’s Day","Ein parodistischer Feiertag der finnischen Community in Nordamerika.","true","{""day"": 16, ""month"": 3}","US/FI","2026-01-14 21:20:00.768532+01"
"Tag der Locken-Pommes (Curly Fries Day)","Ein Food-Feiertag für die beliebte, spiralförmige Variante der Pommes Frites.","true","{""day"": 16, ""month"": 3}","US","2026-01-14 21:20:00.768532+01"
"St. Patrick’s Day","Nationalfeiertag Irlands und weltweiter Gedenktag zu Ehren des Heiligen Patrick.","true","{""day"": 17, ""month"": 3}","IE","2026-01-14 21:20:51.535086+01"
"Welttag der Sozialen Arbeit","Aktionstag zur Anerkennung der Fachkräfte in der Sozialen Arbeit weltweit.","true","{""day"": 17, ""month"": 3}","INT","2026-01-14 21:20:51.535086+01"
"St. Patrick’s Day / Nationalfeiertag (Montserrat)","Gedenken an den Sklavenaufstand von 1768 und das irische Erbe der Insel.","true","{""day"": 17, ""month"": 3}","MS","2026-01-14 21:20:51.535086+01"
"Tag des Corned Beef und Kohls","Traditionelles Gericht zum St. Patrick’s Day, besonders populär in Nordamerika.","true","{""day"": 17, ""month"": 3}","US","2026-01-14 21:20:51.535086+01"
"Camp Fire Day","Jahrestag der Gründung der Camp Fire Organisation (ehemals Camp Fire Girls) im Jahr 1910.","true","{""day"": 17, ""month"": 3}","US","2026-01-14 21:20:51.535086+01"
"Tag der politischen Gefangenen","Gedenktag für Freiheit und Demokratie, in Erinnerung an die Opfer der Märzrevolution 1848.","true","{""day"": 18, ""month"": 3}","DE/INT","2026-01-14 21:21:27.101098+01"
"Weltrecyclingtag","Aktionstag zur Förderung der Kreislaufwirtschaft und des Bewusstseins für wertvolle Ressourcen.","true","{""day"": 18, ""month"": 3}","INT","2026-01-14 21:21:27.101098+01"
"Tag der peinlichen Momente","Ein Tag, um Missgeschicke mit Humor zu nehmen und das menschliche Miteinander zu lockern.","true","{""day"": 18, ""month"": 3}","INT","2026-01-14 21:21:27.101098+01"
"Tag der Haferflockenkekse","Ein kulinarischer Ehrentag für die besonders dünnen und knusprigen ""Lacy Oatmeal Cookies"".","true","{""day"": 18, ""month"": 3}","US/INT","2026-01-14 21:21:27.101098+01"
"Tag des höchsten Opfers","Ein Gedenktag für Personen, die ihr Leben uneigennützig für das Wohl anderer gegeben haben.","true","{""day"": 18, ""month"": 3}","INT","2026-01-14 21:21:27.101098+01"
"National Biodiesel Day","Gedenktag an den Geburtstag von Rudolf Diesel (1858) und die Erfindung des Dieselmotors.","true","{""day"": 18, ""month"": 3}","INT","2026-01-14 21:21:27.101098+01"
"Tag der Nationalhymne und Flagge (Aruba)","Nationalfeiertag zur Feier der eigenen Identität und Symbole Arubas.","true","{""day"": 18, ""month"": 3}","AW","2026-01-14 21:21:27.101098+01"
"Josefstag","Hochfest des heiligen Josef, Schutzpatron der Arbeiter und Familien. In einigen Ländern auch Vatertag.","true","{""day"": 19, ""month"": 3}","INT","2026-01-14 21:25:03.740256+01"
"Vatertag (Día del Padre / Festa del Papà)","Traditioneller Vatertag in Spanien, Italien, Portugal und Liechtenstein, gekoppelt an den Josefstag.","true","{""day"": 19, ""month"": 3}","ES/IT/PT/LI","2026-01-14 21:25:03.740256+01"
"Tag der Rückkehr der Schwalben","Bezieht sich auf die jährliche Rückkehr der Schwalben zur Mission San Juan Capistrano.","true","{""day"": 19, ""month"": 3}","US/INT","2026-01-14 21:25:03.740256+01"
"Tag der zertifizierten Pflegekräfte","Ein Tag zur Anerkennung von Krankenschwestern und Pflegern, die durch Zertifizierungen besondere Expertise bewiesen haben.","true","{""day"": 19, ""month"": 3}","INT","2026-01-14 21:25:03.740256+01"
"Lass-uns-lachen-Tag","Ein Tag zur Förderung der psychischen Gesundheit durch Humor und gemeinsames Lachen.","true","{""day"": 19, ""month"": 3}","INT","2026-01-14 21:25:03.740256+01"
"Tag der Schoko-Karamell-Kombination","Ein kulinarischer Feiertag für die beliebte Mischung aus Schokolade und Karamell.","true","{""day"": 19, ""month"": 3}","US","2026-01-14 21:25:03.740256+01"
"Tag des Geflügels","Ein Gedenktag für die Bedeutung von Geflügel in der Landwirtschaft und Ernährung.","true","{""day"": 19, ""month"": 3}","INT","2026-01-14 21:25:03.740256+01"
"Frühlingsanfang","Astronomischer Beginn des Frühlings (Frühlings-Tagundnachtgleiche) auf der Nordhalbkugel.","true","{""day"": 20, ""month"": 3}","INT","2026-01-14 21:27:00.480237+01"
"Internationaler Tag des Glücks","Ein von der UN initiierter Tag zur Anerkennung von Glück und Wohlbefinden als globale Ziele.","true","{""day"": 20, ""month"": 3}","INT","2026-01-14 21:27:00.480237+01"
"Weltgeschichtentag","Ein Tag zur Förderung und Feier der mündlichen Erzähltradition weltweit.","true","{""day"": 20, ""month"": 3}","INT","2026-01-14 21:27:00.480237+01"
"Welt-Spatzentag","Aktionstag zur Sensibilisierung für den Rückgang der Sperlingspopulationen.","true","{""day"": 20, ""month"": 3}","INT","2026-01-14 21:27:00.480237+01"
"Tag der Frankophonie","Feier der französischen Sprache und der kulturellen Vielfalt der französischsprachigen Welt.","true","{""day"": 20, ""month"": 3}","INT","2026-01-14 21:27:00.480237+01"
"Weltmundgesundheitstag","Aktionstag zur Bedeutung der Zahngesundheit und allgemeinen Mundhygiene.","true","{""day"": 20, ""month"": 3}","INT","2026-01-14 21:27:00.480237+01"
"Tag des brennenden Schneemanns","Ein kurioser Brauch, bei dem ein Schneemann verbrannt wird, um den Frühling zu begrüßen.","true","{""day"": 20, ""month"": 3}","US/INT","2026-01-14 21:27:00.480237+01"
"Tag der Ravioli","Ein kulinarischer Gedenktag zu Ehren der gefüllten Teigtaschen.","true","{""day"": 20, ""month"": 3}","US/INT","2026-01-14 21:27:00.480237+01"
"Internationaler Tag gegen Rassismus","UN-Gedenktag zur Überwindung von Rassendiskriminierung weltweit.","true","{""day"": 21, ""month"": 3}","INT","2026-01-14 21:28:02.821638+01"
"Welttag der Poesie","UNESCO-Tag zur Förderung der Lyrik und der sprachlichen Vielfalt.","true","{""day"": 21, ""month"": 3}","INT","2026-01-14 21:28:02.821638+01"
"Welttag des Down-Syndroms","Aktionstag zur Stärkung der Rechte und Inklusion von Menschen mit Trisomie 21.","true","{""day"": 21, ""month"": 3}","INT","2026-01-14 21:28:02.821638+01"
"Internationaler Tag der Wälder","Aktionstag zur Sensibilisierung für die Bedeutung und den Schutz aller Waldarten.","true","{""day"": 21, ""month"": 3}","INT","2026-01-14 21:28:02.821638+01"
"Nowruz","Traditionelles Frühlingsfest und Neujahrsbeginn in vielen Ländern Zentralasiens und des Nahen Ostens.","true","{""day"": 21, ""month"": 3}","INT","2026-01-14 21:28:02.821638+01"
"Welttag des Puppenspiels","Internationaler Ehrentag für die Kunst des Puppen-, Figuren- und Objekttheaters.","true","{""day"": 21, ""month"": 3}","INT","2026-01-14 21:28:02.821638+01"
"Welttag der Hauswirtschaft","Aktionstag zur Bedeutung der professionellen Hauswirtschaft für die Gesellschaft.","true","{""day"": 21, ""month"": 3}","INT","2026-01-14 21:28:02.821638+01"
"Tag des Duftes","Ein Tag zur Wertschätzung der Welt der Aromen und Parfüms.","true","{""day"": 21, ""month"": 3}","US/INT","2026-01-14 21:28:02.821638+01"
"Tag des französischen Brotes","Kulinarischer Feiertag zu Ehren von Baguette und Co.","true","{""day"": 21, ""month"": 3}","US/INT","2026-01-14 21:28:02.821638+01"
"Weltwassertag","UN-Aktionstag zur Bedeutung des Wassers als Lebensgrundlage und zum Schutz der Wasserressourcen.","true","{""day"": 22, ""month"": 3}","INT","2026-01-14 21:28:41.217195+01"
"Internationaler Tag der Robbe","Aktionstag zur Förderung des Schutzes von Robben und zur Aufklärung über die Bedrohung ihrer Ökosysteme.","true","{""day"": 22, ""month"": 3}","INT","2026-01-14 21:28:41.217195+01"
"So-jung-wie-man-sich-fühlt-Tag","Ein Tag, der dazu anregt, das biologische Alter zu ignorieren und geistige Vitalität zu feiern.","true","{""day"": 22, ""month"": 3}","INT","2026-01-14 21:28:41.217195+01"
"Tag des Herumalberns","Ein Tag, um den Ernst des Lebens zu vergessen und sich Zeit für Spiel und Entspannung zu nehmen.","true","{""day"": 22, ""month"": 3}","US/INT","2026-01-14 21:28:41.217195+01"
"Gedenktag des bayerischen Bieres","Erinnert an die historische Bedeutung des Brauwesens und das Reinheitsgebot.","true","{""day"": 22, ""month"": 3}","DE-BY","2026-01-14 21:28:41.217195+01"
"Tag der bayerischen Crêpes (Palatschinken)","Ein kulinarischer Gedenktag für die bayerisch-österreichische Variante des Pfannkuchens.","true","{""day"": 22, ""month"": 3}","US/INT","2026-01-14 21:28:41.217195+01"
"Welttag der Meteorologie","Internationaler Gedenktag zur Bedeutung der Meteorologie und Hydrologie für die Sicherheit der Gesellschaft.","true","{""day"": 23, ""month"": 3}","INT","2026-01-14 21:29:10.932364+01"
"Tag der Welpen","Ein Tag zur Feier der bedingungslosen Liebe von Welpen und zur Förderung von Tierheimen.","true","{""day"": 23, ""month"": 3}","INT","2026-01-14 21:29:10.932364+01"
"Tag von Pakistan (Yaum-e-Pakistan)","Nationalfeiertag zur Erinnerung an die Lahore-Resolution und die Gründung der Republik.","true","{""day"": 23, ""month"": 3}","PK","2026-01-14 21:29:10.932364+01"
"Tag der Chiasamen","Ein Gesundheitstag, der die Vorteile der nährstoffreichen Chiasamen in den Fokus rückt.","true","{""day"": 23, ""month"": 3}","INT","2026-01-14 21:29:10.932364+01"
"Tag der Chips und Dips","Ein kulinarischer Feiertag für eine der beliebtesten Snack-Kombinationen.","true","{""day"": 23, ""month"": 3}","US/INT","2026-01-14 21:29:10.932364+01"
"Tag des Atheismus","Ein Tag zur Förderung der Akzeptanz von kirchenfreien und nichtreligiösen Menschen.","true","{""day"": 23, ""month"": 3}","INT","2026-01-14 21:29:10.932364+01"
"Welttuberkulose-Tag","Gedenktag zur Entdeckung des Tuberkulose-Bakteriums durch Robert Koch und zur Bekämpfung der Krankheit.","true","{""day"": 24, ""month"": 3}","INT","2026-01-14 21:29:45.751936+01"
"Internationaler Tag für das Recht auf Wahrheit bei Menschenrechtsverletzungen","UN-Tag zur Würdigung der Opfer schwerer Menschenrechtsverletzungen und der Bedeutung der Wahrheit.","true","{""day"": 24, ""month"": 3}","INT","2026-01-14 21:29:45.751936+01"
"Europäischer Tag des handwerklichen Speiseeises","Aktionstag zur Förderung der Qualität und Tradition der handwerklichen Gelato-Herstellung.","true","{""day"": 24, ""month"": 3}","EU","2026-01-14 21:29:45.751936+01"
"Tag der Schokorosinen","Ein kulinarischer Ehrentag für mit Schokolade überzogene Rosinen.","true","{""day"": 24, ""month"": 3}","US/INT","2026-01-14 21:29:45.751936+01"
"Internationaler Cockney-Tag","Ein Tag zur Feier des Londoner Dialekts und der damit verbundenen Kultur.","true","{""day"": 24, ""month"": 3}","GB","2026-01-14 21:29:45.751936+01"
"Gedenktag an die Opfer der Sklaverei","UN-Tag zur Erinnerung an die Opfer des transatlantischen Sklavenhandels und zur Bekämpfung von Rassismus.","true","{""day"": 25, ""month"": 3}","INT","2026-01-14 21:31:02.484582+01"
"Waffeltag (Våffeldagen)","Schwedische Tradition zum Frühlingsbeginn, die sich weltweit als kulinarischer Feiertag verbreitet hat.","true","{""day"": 25, ""month"": 3}","SE/INT","2026-01-14 21:31:02.484582+01"
"Tolkien-Lesetag","Ein Tag zur Förderung des Lesens der Werke von J.R.R. Tolkien, insbesondere ""Der Herr der Ringe"".","true","{""day"": 25, ""month"": 3}","INT","2026-01-14 21:31:02.484582+01"
"Griechischer Unabhängigkeitstag","Nationaler Feiertag zur Erinnerung an den Beginn der griechischen Revolution gegen das Osmanische Reich 1821.","true","{""day"": 25, ""month"": 3}","GR","2026-01-14 21:31:02.484582+01"
"Mariä Verkündigung","Christliches Hochfest zum Gedenken an die Verkündigung der Geburt Jesu durch den Erzengel Gabriel.","true","{""day"": 25, ""month"": 3}","INT","2026-01-14 21:31:02.484582+01"
"Tag der Pekannuss","Ein kulinarischer Gedenktag zu Ehren der nahrhaften Pekannuss.","true","{""day"": 25, ""month"": 3}","US/INT","2026-01-14 21:31:02.484582+01"
"Tag der Freiheit (Dziń Voli)","Inoffizieller Feiertag in Belarus zur Erinnerung an die Unabhängigkeitserklärung von 1918.","true","{""day"": 25, ""month"": 3}","BY","2026-01-14 21:31:02.484582+01"
"Purple Day","Internationaler Aktionstag zur Aufklärung über Epilepsie und zur Unterstützung der Betroffenen.","true","{""day"": 26, ""month"": 3}","INT","2026-01-14 21:31:42.070457+01"
"Erfinde-deinen-eigenen-Feiertag-Tag","Ein kreativer Tag, um sich ein eigenes Thema für einen ganz persönlichen Feiertag auszudenken.","true","{""day"": 26, ""month"": 3}","INT","2026-01-14 21:31:42.070457+01"
"Unabhängigkeitstag (Bangladesch)","Nationaler Feiertag zur Erinnerung an die Unabhängigkeitserklärung von 1971.","true","{""day"": 26, ""month"": 3}","BD","2026-01-14 21:31:42.070457+01"
"Tag des Spinats","Ein kulinarischer Ehrentag für das nährstoffreiche Blattgemüse.","true","{""day"": 26, ""month"": 3}","INT","2026-01-14 21:31:42.070457+01"
"Lebe lang und in Frieden Tag","Gedenktag zu Ehren von Leonard Nimoy und seiner Rolle als Spock (Star Trek).","true","{""day"": 26, ""month"": 3}","INT","2026-01-14 21:31:42.070457+01"
"Tag des Nougats","Ein süßer Gedenktag für Liebhaber von weißem und dunklem Nougat.","true","{""day"": 26, ""month"": 3}","US/INT","2026-01-14 21:31:42.070457+01"
"Welttag des Theaters","Internationaler Aktionstag zur Würdigung der Bühnenkunst und ihrer gesellschaftlichen Bedeutung.","true","{""day"": 27, ""month"": 3}","INT","2026-01-14 21:36:34.069177+01"
"Tag der Paella","Kulinarischer Ehrentag für das berühmte spanische Reisgericht.","true","{""day"": 27, ""month"": 3}","ES/INT","2026-01-14 21:36:34.069177+01"
"Viagra-Tag","Jahrestag der offiziellen Zulassung der Potenzpille durch die US-Arzneimittelbehörde im Jahr 1998.","true","{""day"": 27, ""month"": 3}","INT","2026-01-14 21:36:34.069177+01"
"National Joe Day","Ein Tag, an dem man sich einen anderen Namen (traditionell Joe) aussuchen darf, wenn man mit seinem eigenen unzufrieden ist.","true","{""day"": 27, ""month"": 3}","US/INT","2026-01-14 21:36:34.069177+01"
"Tag des spanischen Käses","Aktionstag zur Feier der Vielfalt spanischer Käsesorten wie Manchego oder Cabrales.","true","{""day"": 27, ""month"": 3}","ES/INT","2026-01-14 21:36:34.069177+01"
"Tag des Gekritzels","Ein Tag zur Förderung der Kreativität durch einfaches Zeichnen und Kritzeln.","true","{""day"": 27, ""month"": 3}","INT","2026-01-14 21:36:34.069177+01"
"Ehrentag des Unkrauts","Ein Tag zur Wertschätzung von Wildkräutern und ihrer Rolle im Ökosystem.","true","{""day"": 28, ""month"": 3}","INT","2026-01-14 21:36:34.069177+01"
"Tag der Schwarzwälder Kirschtorte","Ehrentag für die berühmte deutsche Torte aus Schokobiskuit, Kirschen und Sahne.","true","{""day"": 28, ""month"": 3}","INT","2026-01-14 21:36:34.069177+01"
"Alles-am-Spieß-Tag","Ein kulinarischer Feiertag für alle Gerichte, die praktisch am Spieß serviert werden.","true","{""day"": 28, ""month"": 3}","INT","2026-01-14 21:36:34.069177+01"
"Tag der Lehrer (Tschechien/Slowakei)","Gedenktag zu Ehren des großen Pädagogen Comenius.","true","{""day"": 28, ""month"": 3}","CZ/SK","2026-01-14 21:36:34.069177+01"
"Earth Hour","Weltweite Klimaschutzaktion des WWF: Licht aus für eine Stunde am letzten Samstag im März.","false","{""month"": 3, ""occurrence"": [-1], ""day_of_week"": ""Saturday""}","INT","2026-01-14 21:36:34.069177+01"
"Beginn der Sommerzeit","Umstellung der Uhren von Winterzeit auf Sommerzeit (eine Stunde vor).","false","{""month"": 3, ""occurrence"": [-1], ""day_of_week"": ""Sunday""}","EU","2026-01-14 21:36:34.069177+01"
"Tag des Klaviers (Piano Day)","Ein Tag zur Feier des Klaviers und der Klaviermusik, gefeiert am 88. Tag des Jahres.","true","{""day"": 29, ""month"": 3}","INT","2026-01-14 21:36:34.069177+01"
"Gedenktag der Vietnam-Veteranen","US-Gedenktag zur Ehrung der Männer und Frauen, die während des Vietnamkrieges gedient haben.","true","{""day"": 29, ""month"": 3}","US","2026-01-14 21:36:34.069177+01"
"Tag der Coca-Cola-Rezeptur","Jahrestag der ersten Mischung des berühmten Softdrinks durch John Pemberton im Jahr 1886.","true","{""day"": 29, ""month"": 3}","INT","2026-01-14 21:36:34.069177+01"
"Tag des Zitronen-Baisers","Ein kulinarischer Ehrentag für den leichten und erfrischenden Lemon Chiffon Cake.","true","{""day"": 29, ""month"": 3}","US/INT","2026-01-14 21:36:34.069177+01"
"Gedenktag der Märtyrer (Madagaskar)","Nationaler Feiertag zur Erinnerung an den Aufstand von 1947 gegen die Kolonialmacht Frankreich.","true","{""day"": 29, ""month"": 3}","MG","2026-01-14 21:36:34.069177+01"
"Welttag der bipolaren Störung","Aktionstag am Geburtstag von Vincent van Gogh zur Aufklärung über bipolare Erkrankungen.","true","{""day"": 30, ""month"": 3}","INT","2026-01-14 21:36:34.069177+01"
"Ehrentag der Ärzte","Gedenktag an die erste Operation unter Narkose 1842 und zur Würdigung des ärztlichen Berufsstandes.","true","{""day"": 30, ""month"": 3}","INT","2026-01-14 21:36:34.069177+01"
"Tag des Bleistifts","Jahrestag der Patentierung des Bleistifts mit Radiergummi im Jahr 1858.","true","{""day"": 30, ""month"": 3}","INT","2026-01-14 21:36:34.069177+01"
"Gehe-im-Park-spazieren-Tag","Ein Tag zur Förderung der mentalen Gesundheit durch Bewegung in der Natur.","true","{""day"": 30, ""month"": 3}","INT","2026-01-14 21:36:34.069177+01"
"Tag der Grassuppe","Ein kulinarisch-kurioser Gedenktag, der sich oft auf Frühlingskräuter bezieht.","true","{""day"": 30, ""month"": 3}","INT","2026-01-14 21:36:34.069177+01"
"Tag des virtuellen Urlaubs","Ein Tag, um sich mittels VR oder Bildern an ferne Orte zu träumen und Reisen zu planen.","true","{""day"": 30, ""month"": 3}","INT","2026-01-14 21:36:34.069177+01"
"World Backup Day","Internationaler Aktionstag zur Sicherung digitaler Daten und zur Vorbeugung von Datenverlust.","true","{""day"": 31, ""month"": 3}","INT","2026-01-14 21:36:34.069177+01"
"Transgender Day of Visibility","Ein Tag zur Feier der Leistungen von transgeschlechtlichen Menschen und zur Aufklärung über deren Rechte.","true","{""day"": 31, ""month"": 3}","INT","2026-01-14 21:36:34.069177+01"
"Tag des Eiffelturms","Jahrestag der Einweihung des Eiffelturms in Paris im Jahr 1889.","true","{""day"": 31, ""month"": 3}","FR/INT","2026-01-14 21:36:34.069177+01"
"Cesar Chavez Day","US-Gedenktag zur Würdigung des Einsatzes für die Rechte von Landarbeitern und soziale Gerechtigkeit.","true","{""day"": 31, ""month"": 3}","US","2026-01-14 21:36:34.069177+01"
"Tag der Schoko-Makrone","Ein kulinarischer Ehrentag für das feine Gebäck aus Kokos, Eiweiß und Schokolade.","true","{""day"": 31, ""month"": 3}","INT","2026-01-14 21:36:34.069177+01"
"Tag der Freiheit (Jum il-Ħelsien)","Nationalfeiertag in Malta zum Gedenken an den Abzug der britischen Marine 1979.","true","{""day"": 31, ""month"": 3}","MT","2026-01-14 21:36:34.069177+01"
"Bunsenbrenner-Tag","Gedenktag an den Geburtstag des Chemikers Robert Wilhelm Bunsen (1811).","true","{""day"": 31, ""month"": 3}","INT","2026-01-14 21:36:34.069177+01"
"Aprilscherz","Traditioneller Tag der harmlosen Täuschungen und Scherze.","true","{""day"": 1, ""month"": 4}","INT","2026-01-14 21:46:40.294863+01"
"Internationaler Tag der Vögel","Aktionstag zur Erhaltung der Artenvielfalt in der Vogelwelt.","true","{""day"": 1, ""month"": 4}","INT","2026-01-14 21:46:40.294863+01"
"Tag der älteren Generation","Aktionstag zur Würdigung der Senioren und ihrer gesellschaftlichen Teilhabe.","true","{""day"": 1, ""month"": 4}","DE","2026-01-14 21:46:40.294863+01"
"Tag des Sauerteigs","Kulinarischer Ehrentag für das natürliche Backtriebmittel und die Brotkultur.","true","{""day"": 1, ""month"": 4}","INT","2026-01-14 21:46:40.294863+01"
"Fossil Fools Day","Umwelt-Aktionstag gegen die Abhängigkeit von fossilen Energien.","true","{""day"": 1, ""month"": 4}","INT","2026-01-14 21:46:40.294863+01"
"One All Day","Ein Tag zur Förderung von weltweiter Geschwisterlichkeit und Einigkeit.","true","{""day"": 1, ""month"": 4}","INT","2026-01-14 21:46:40.294863+01"
"Weltautismustag","UN-Aktionstag zur Aufklärung über Autismus und zur Förderung der Teilhabe betroffener Menschen.","true","{""day"": 2, ""month"": 4}","INT","2026-01-14 21:46:40.294863+01"
"Internationaler Kinderbuchtag","Gedenktag am Geburtstag von Hans Christian Andersen zur Förderung der Kinder- und Jugendliteratur.","true","{""day"": 2, ""month"": 4}","INT","2026-01-14 21:46:40.294863+01"
"Tag der Versöhnung","Ein Tag, um Konflikte zu lösen, Gräben zu überbrücken und Vergebung zu üben.","true","{""day"": 2, ""month"": 4}","INT","2026-01-14 21:46:40.294863+01"
"Tag des Erdnussbutter-Gelee-Sandwichs","Ehrentag für eines der beliebtesten Pausenbrote der Welt.","true","{""day"": 2, ""month"": 4}","US/INT","2026-01-14 21:46:40.294863+01"
"Tag des Frettchens","Aktionstag zur Aufklärung über die Haltung, Pflege und den Schutz von Frettchen.","true","{""day"": 2, ""month"": 4}","INT","2026-01-14 21:46:40.294863+01"
"Tag der Malwinen (Gedenktag Falklandinseln)","Nationaler Gedenktag in Argentinien zu Ehren der gefallenen Soldaten des Falklandkrieges.","true","{""day"": 2, ""month"": 4}","AR","2026-01-14 21:46:40.294863+01"
"Karfreitag","Christlicher Gedenktag der Kreuzigung Jesu Christi. In Deutschland ein stiller Feiertag.","false","{""offset"": -2, ""calculated_type"": ""easter_sunday""}","DE/INT","2026-01-14 21:46:40.294863+01"
"Welt-Party-Tag","Ein Tag zur Feier des Lebens und der sozialen Gemeinschaft als Gegenpol zu Hass und Krieg.","true","{""day"": 3, ""month"": 4}","INT","2026-01-14 21:46:40.294863+01"
"Tag des Tweed","Ehrentag für den robusten schottischen Wollstoff und seine Bedeutung in der Modegeschichte.","true","{""day"": 3, ""month"": 4}","INT","2026-01-14 21:46:40.294863+01"
"Tag der Schokomousse","Ein kulinarischer Gedenktag zu Ehren der luftigen Schokoladencreme.","true","{""day"": 3, ""month"": 4}","INT","2026-01-14 21:46:40.294863+01"
"Finde-einen-Regenbogen-Tag","Ein Tag, um die Schönheit der Natur zu bewundern und positive Zeichen zu suchen.","true","{""day"": 3, ""month"": 4}","INT","2026-01-14 21:46:40.294863+01"
"Gehe-zur-Arbeit-Tag","Ein Aktionstag zur Förderung von Gesundheit und Umweltschutz durch Verzicht auf das Auto.","true","{""day"": 3, ""month"": 4}","INT","2026-01-14 21:46:40.294863+01"
"Karsamstag","Tag der Grabesruhe Christi und Vorabend des Osterfestes. Traditionell Zeit der Osterfeuer.","false","{""offset"": -1, ""calculated_type"": ""easter_sunday""}","INT","2026-01-14 21:46:40.294863+01"
"Internationaler Tag der Minenaufklärung","UN-Aktionstag zur Unterstützung der Minenräumung und zum Schutz vor explosiven Kriegsresten.","true","{""day"": 4, ""month"": 4}","INT","2026-01-14 21:46:40.294863+01"
"Welttag der Straßentiere","Aktionstag zur Sensibilisierung für das Schicksal von streunenden Hunden und Katzen weltweit.","true","{""day"": 4, ""month"": 4}","INT","2026-01-14 21:46:40.294863+01"
"Tag der Karotte","Kulinarischer Ehrentag für das gesunde Wurzelgemüse.","true","{""day"": 4, ""month"": 4}","INT","2026-01-14 21:46:40.294863+01"
"Tag des Cordon Bleu","Ein kulinarischer Gedenktag zu Ehren des gefüllten Schnitzels.","true","{""day"": 4, ""month"": 4}","US/INT","2026-01-14 21:46:40.294863+01"
"Unabhängigkeitstag (Senegal)","Nationalfeiertag zur Erinnerung an die Erlangung der Unabhängigkeit von Frankreich 1960.","true","{""day"": 4, ""month"": 4}","SN","2026-01-14 21:46:40.294863+01"
"Ostersonntag","Höchstes christliches Fest zur Feier der Auferstehung Jesu Christi.","false","{""offset"": 0, ""calculated_type"": ""easter_sunday""}","INT","2026-01-14 21:46:40.294863+01"
"Internationaler Tag des Gewissens","UN-Aktionstag zur Förderung von Frieden, Toleranz und Gewissensentscheidungen.","true","{""day"": 5, ""month"": 4}","INT","2026-01-14 21:46:40.294863+01"
"Tag des Löwenzahns","Ein Tag zur Wertschätzung der ökologischen und medizinischen Bedeutung des Löwenzahns.","true","{""day"": 5, ""month"": 4}","INT","2026-01-14 21:46:40.294863+01"
"Tag der Deep Dish Pizza","Ehrentag für die legendäre Pizza-Spezialität aus Chicago.","true","{""day"": 5, ""month"": 4}","US/INT","2026-01-14 21:46:40.294863+01"
"Gold Star Spouses Day","Gedenktag zur Ehrung der hinterbliebenen Ehepartner von im Dienst gefallenen Militärangehörigen.","true","{""day"": 5, ""month"": 4}","US","2026-01-14 21:46:40.294863+01"
"Lies-eine-Straßenkarte-Tag","Ein nostalgischer Tag, um die Kunst des Kartenlesens ohne GPS zu pflegen.","true","{""day"": 5, ""month"": 4}","INT","2026-01-14 21:46:40.294863+01"
"Ostermontag","Gesetzlicher Feiertag und Fortsetzung der Osterfeierlichkeiten; Tag der Emmaus-Jünger.","false","{""offset"": 1, ""calculated_type"": ""easter_sunday""}","INT","2026-01-14 21:46:40.294863+01"
"Internationaler Tag des Sports","UN-Aktionstag zur Förderung von Bildung, Gesundheit und Frieden durch sportliche Aktivitäten.","true","{""day"": 6, ""month"": 4}","INT","2026-01-14 21:46:40.294863+01"
"Tartan Day","Gedenktag zur Feier der schottischen Kultur und der historischen Verbindungen nach Schottland.","true","{""day"": 6, ""month"": 4}","INT","2026-01-14 21:46:40.294863+01"
"Tag des Karamell-Popcorns","Ein kulinarischer Ehrentag für die süße Variante des Popcorns.","true","{""day"": 6, ""month"": 4}","US/INT","2026-01-14 21:46:40.294863+01"
"Plane-deine-Grabinschrift-Tag","Ein humorvoll-morbider Tag, der dazu anregt, über das eigene Vermächtnis nachzudenken.","true","{""day"": 6, ""month"": 4}","INT","2026-01-14 21:46:40.294863+01"
"Tag der Bibliotheksmitarbeiter","Ein Tag zur Würdigung der Arbeit von Bibliothekaren und Angestellten im Bibliothekswesen.","true","{""day"": 6, ""month"": 4}","US","2026-01-14 21:46:40.294863+01"
"Weltgesundheitstag","Globaler Aktionstag der WHO zur Sensibilisierung für wichtige Gesundheitsthemen weltweit.","true","{""day"": 7, ""month"": 4}","INT","2026-01-14 21:46:40.294863+01"
"Gedenktag an den Völkermord in Ruanda","Internationaler Tag des Gedenkens an die Opfer des Genozids von 1994 gegen die Tutsi.","true","{""day"": 7, ""month"": 4}","INT","2026-01-14 21:46:40.294863+01"
"Tag des Kaffeeskuchens","Ein kulinarischer Ehrentag für den Kaffeekuchen (Coffee Cake).","true","{""day"": 7, ""month"": 4}","US/INT","2026-01-14 21:46:40.294863+01"
"Internationaler Tag des Bibers","Aktionstag zum Schutz des Bibers und zur Anerkennung seiner Bedeutung für die Artenvielfalt.","true","{""day"": 7, ""month"": 4}","INT","2026-01-14 21:46:40.294863+01"
"Keine-Hausarbeit-Tag","Ein humorvoller Tag, an dem man alle Hausarbeiten ruhen lassen soll, um sich zu entspannen.","true","{""day"": 7, ""month"": 4}","INT","2026-01-14 21:46:40.294863+01"
"Nationaler Tag des Bieres (USA)","Erinnert an das Ende der Prohibition in den Vereinigten Staaten im Jahr 1933.","true","{""day"": 7, ""month"": 4}","US","2026-01-14 21:46:40.294863+01"
"Internationaler Roma-Tag","Weltweiter Aktionstag für die Rechte der Sinti und Roma und zur Feier ihrer Kultur.","true","{""day"": 8, ""month"": 4}","INT","2026-01-14 21:46:40.294863+01"
"Zeichne-ein-Bild-Tag","Ein Tag zur Förderung der individuellen Kreativität durch einfaches Zeichnen.","true","{""day"": 8, ""month"": 4}","INT","2026-01-14 21:46:40.294863+01"
"Hana Matsuri (Blumenfest)","Japanisches Fest zu Ehren der Geburt Buddhas, oft mit Blumen geschmückt.","true","{""day"": 8, ""month"": 4}","JP","2026-01-14 21:46:40.294863+01"
"Zoo-Liebhaber-Tag","Ein Tag für Fans von Zoologischen Gärten und zur Unterstützung von Artenschutzprojekten.","true","{""day"": 8, ""month"": 4}","INT","2026-01-14 21:46:40.294863+01"
"Tag der Empanada","Ein kulinarischer Ehrentag für die beliebten gefüllten Teigtaschen.","true","{""day"": 8, ""month"": 4}","INT","2026-01-14 21:46:40.294863+01"
"Tag des Hundekuchens","Ein kleiner Gedenktag für die Belohnung unserer Haustiere mit Hundekeksen.","true","{""day"": 8, ""month"": 4}","INT","2026-01-14 21:46:40.294863+01"
"Tag der finnischen Sprache","Gedenktag für Mikael Agricola und die finnische Literatur.","true","{""day"": 9, ""month"": 4}","FI","2026-01-14 21:46:40.294863+01"
"Winston Churchill Day","Gedenktag zur Verleihung der US-Ehrenbürgerschaft an den ehemaligen britischen Premierminister.","true","{""day"": 9, ""month"": 4}","INT","2026-01-14 21:46:40.294863+01"
"Tag der Antiquitäten","Ein Tag zur Wertschätzung von alten Schätzen, Kunst und historischem Handwerk.","true","{""day"": 9, ""month"": 4}","INT","2026-01-14 21:46:40.294863+01"
"Tag des Einhorns","Ein Tag zur Feier der Fantasie und des legendären Fabelwesens.","true","{""day"": 9, ""month"": 4}","INT","2026-01-14 21:46:40.294863+01"
"Tag des Gin Tonic","Ein kulinarischer Gedenktag für den beliebten Longdrink-Klassiker.","true","{""day"": 9, ""month"": 4}","INT","2026-01-14 21:46:40.294863+01"
"Namenstag Waltraud","Gedenktag der Heiligen Waltraud von Mons.","true","{""day"": 9, ""month"": 4}","DE","2026-01-14 21:46:40.294863+01"
"Geschwistertag","Ein Tag zur Feier der einzigartigen Beziehung zwischen Geschwistern.","true","{""day"": 10, ""month"": 4}","INT","2026-01-14 21:46:40.294863+01"
"Tag der Sicherheitsnadel","Jahrestag der Patentierung der Sicherheitsnadel durch Walter Hunt im Jahr 1849.","true","{""day"": 10, ""month"": 4}","INT","2026-01-14 21:46:40.294863+01"
"Welttag der Homöopathie","Gedenktag am Geburtstag von Samuel Hahnemann zur Aufklärung über die Homöopathie.","true","{""day"": 10, ""month"": 4}","INT","2026-01-14 21:46:40.294863+01"
"Tag der Banane","Ein kulinarischer Aktionstag zur Wertschätzung der Banane als Grundnahrungsmittel.","true","{""day"": 10, ""month"": 4}","INT","2026-01-14 21:46:40.294863+01"
"Tag der Golfer","Ein Tag zur Feier des Golfsports und seiner Geschichte.","true","{""day"": 10, ""month"": 4}","INT","2026-01-14 21:46:40.294863+01"
"Gedenken an die Opfer von Buchenwald","Erinnerung an die Befreiung des Lagers im April 1945.","true","{""day"": 10, ""month"": 4}","DE","2026-01-14 21:46:40.294863+01"
"Welt-Parkinson-Tag","Aktionstag am Geburtstag von James Parkinson zur Sensibilisierung für die Parkinson-Krankheit.","true","{""day"": 11, ""month"": 4}","INT","2026-01-14 21:53:26.911536+01"
"Gedenktag zur Befreiung des KZ Buchenwald","Erinnerung an die Befreiung des Konzentrationslagers Buchenwald durch US-Truppen im Jahr 1945.","true","{""day"": 11, ""month"": 4}","DE/INT","2026-01-14 21:53:26.911536+01"
"Tag der Haustiere","Ein Tag zur Feier der Freude, die Haustiere bringen, und zur Förderung von Tierheim-Adoptionen.","true","{""day"": 11, ""month"": 4}","INT","2026-01-14 21:53:26.911536+01"
"Tag des Käsefondues","Ein kulinarischer Ehrentag für das gesellige Käsegericht.","true","{""day"": 11, ""month"": 4}","INT","2026-01-14 21:53:26.911536+01"
"Tag des Barbershop-Quartetts","Ein Tag zur Feier des harmonischen A-cappella-Gesangs im Barbershop-Stil.","true","{""day"": 11, ""month"": 4}","INT","2026-01-14 21:53:26.911536+01"
"Tag des U-Bootes","Erinnert an den Ankauf des ersten modernen U-Bootes (USS Holland) durch die US Navy im Jahr 1900.","true","{""day"": 11, ""month"": 4}","US/INT","2026-01-14 21:53:26.911536+01"
"Internationaler Tag der bemannten Raumfahrt","Gedenktag an den ersten bemannten Weltraumflug durch Juri Gagarin im Jahr 1961.","true","{""day"": 12, ""month"": 4}","INT","2026-01-14 21:53:26.911536+01"
"Internationaler Tag der Straßenkinder","Aktionstag zur Sensibilisierung für die Rechte und den Schutz von obdachlosen Kindern weltweit.","true","{""day"": 12, ""month"": 4}","INT","2026-01-14 21:53:26.911536+01"
"Tag des Lakritz","Ehrentag für die Süßigkeit aus dem Extrakt der Süßholzwurzel.","true","{""day"": 12, ""month"": 4}","INT","2026-01-14 21:53:26.911536+01"
"Tag des gegrillten Käsesandwichs","Ein kulinarischer Feiertag zu Ehren des Grilled Cheese Sandwich.","true","{""day"": 12, ""month"": 4}","US/INT","2026-01-14 21:53:26.911536+01"
"Welttag der Hamster","Ein Tag zur Feier der kleinen Nagetiere und zur Aufklärung über deren artgerechte Haltung.","true","{""day"": 12, ""month"": 4}","INT","2026-01-14 21:53:26.911536+01"
"Beginn des US-Bürgerkriegs","Erinnert an den Angriff auf Fort Sumter am 12. April 1861.","true","{""day"": 12, ""month"": 4}","US","2026-01-14 21:53:26.911536+01"
"Scrabble-Tag","Ehrentag des Erfinders Alfred Mosher Butts; ein Tag zur Feier des Wortschatzes und Buchstabenspiels.","true","{""day"": 13, ""month"": 4}","INT","2026-01-14 21:53:26.911536+01"
"Thomas Jefferson Day","Gedenktag zum Geburtstag des dritten US-Präsidenten und Vordenkers der Aufklärung.","true","{""day"": 13, ""month"": 4}","US","2026-01-14 21:53:26.911536+01"
"Tag der Pflanze","Aktionstag zur Wertschätzung der Flora und ihrer positiven Wirkung auf Umwelt und Gesundheit.","true","{""day"": 13, ""month"": 4}","INT","2026-01-14 21:53:26.911536+01"
"Tag des Pfirsich-Cobblers","Kulinarischer Gedenktag für das traditionelle gebackene Fruchtdessert.","true","{""day"": 13, ""month"": 4}","US","2026-01-14 21:53:26.911536+01"
"Sei-nett-zu-Anwälten-Tag","Ein humorvoller Aktionstag zur Verbesserung des Rufs des Anwaltsberufs.","true","{""day"": 13, ""month"": 4}","INT","2026-01-14 21:53:26.911536+01"
"Tag des Delfins","Weltweiter Aktionstag zur Sensibilisierung für den Schutz der Delfine und ihrer marinen Ökosysteme.","true","{""day"": 14, ""month"": 4}","INT","2026-01-14 21:53:26.911536+01"
"Welttag der Chagas-Krankheit","WHO-Aktionstag zur Aufklärung über die Chagas-Krankheit und zur Verbesserung der medizinischen Versorgung.","true","{""day"": 14, ""month"": 4}","INT","2026-01-14 21:53:26.911536+01"
"Nationaler DNA-Tag","Gedenktag an die Entdeckung der Doppelhelix und den Abschluss des Humangenomprojekts.","true","{""day"": 14, ""month"": 4}","US/INT","2026-01-14 21:53:26.911536+01"
"Tag des Ex-Partners","Ein Tag zur Förderung eines friedlichen und respektvollen Miteinanders nach einer Trennung.","true","{""day"": 14, ""month"": 4}","INT","2026-01-14 21:53:26.911536+01"
"Tag des Pekannuss-Kuchens","Kulinarischer Ehrentag für den traditionellen Pecan Pie.","true","{""day"": 14, ""month"": 4}","US/INT","2026-01-14 21:53:26.911536+01"
"Schau-in-den-Himmel-Tag","Ein Tag, der dazu einlädt, die Hektik des Alltags zu vergessen und die Schönheit des Himmels zu bewundern.","true","{""day"": 14, ""month"": 4}","INT","2026-01-14 21:53:26.911536+01"
"Welttag der Kunst","Der Aktionstag wurde von der International Association of Art (IAA) ins Leben gerufen und im Jahr 2012 zum ersten Mal begangen. Das Datum wurde zu Ehren des Geburtstags von Leonardo da Vinci gewählt, der am 15. April 1452 geboren wurde und als Symbol für Frieden, Meinungsfreiheit und kulturelle Vielfalt gilt. Seit 2019 ist der Tag zudem offiziell von der UNESCO anerkannt. Ziel des Tages ist es, das Bewusstsein für die Bedeutung kreativer Arbeit zu schärfen und die Verbindung zwischen künstlerischem Schaffen und der Gesellschaft weltweit zu stärken.","true","{""day"": 15, ""month"": 4}","INT","2026-01-14 21:53:26.911536+01"
"Titanic-Gedenktag","(englisch: National Titanic Remembrance Day) Der Gedenktag markiert den Jahrestag des endgültigen Untergangs der RMS Titanic, die in der Nacht vom 14. auf den 15. April 1912 nach einer Kollision mit einem Eisberg im Nordatlantik versank. Da das Schiff, das als „unsinkbar“ galt, gegen 2:20 Uhr morgens am 15. April vollständig unter der Wasseroberfläche verschwand, wurde dieses Datum als offizieller Tag des Gedenkens gewählt. Weltweit nutzen Museen, historische Gesellschaften und Hinterbliebene diesen Tag, um die über 1.500 Opfer zu ehren und die Lehren für die maritime Sicherheit zu reflektieren. Besonders in Städten mit starkem Bezug zur Titanic, wie Belfast, Southampton oder New York, finden an diesem Datum regelmäßig Kranzniederlegungen und Gedenkminuten statt","true","{""day"": 15, ""month"": 4}","INT","2026-01-14 21:53:26.911536+01"
"Tax Day (USA)","Der Tax Day markiert in den USA den entscheidenden Stichtag, an dem Privatpersonen ihre Einkommensteuererklärung beim Internal Revenue Service (IRS) einreichen und fällige Zahlungen leisten müssen. Traditionell auf den 15. April festgelegt, bildet dieses Datum den Abschluss der sogenannten „Tax Season“ und ist ein zentraler Pfeiler des amerikanischen Finanzjahres. Sollte der Termin auf ein Wochenende oder einen regionalen Feiertag fallen, verschiebt sich die Frist automatisch auf den nächsten Werktag, um allen Steuerzahlern eine fristgerechte Abgabe zu ermöglichen. Da dieser Tag für viele Amerikaner mit erheblichem bürokratischem Aufwand und Stress verbunden ist, hat sich direkt am Folgetag, dem 16. April, der humorvolle „Komm-im-Schlafanzug-zur-Arbeit-Tag“ als informeller Ausgleich etabliert. Während der Tax Day selbst kein gesetzlicher Feiertag ist, bleibt er eines der wichtigsten Pflichtdaten im Kalender der US-Bürger.","true","{""day"": 15, ""month"": 4}","US","2026-01-14 21:53:26.911536+01"
"Tag des Radiergummis","(englisch: National Rubber Eraser Day) Der Aktionstag hat seinen Ursprung in den USA und erinnert an die zufällige Entdeckung dieses praktischen Werkzeugs im Jahr 1770 durch den britischen Optiker Edward Nairne. Zuvor nutzten die Menschen meist feuchte Brotklumpen, um Bleistiftstriche zu korrigieren, was jedoch unhandlich und wenig effektiv war. Nairne griff eines Tages versehentlich zu einem Stück Kautschuk statt zu seinem Brot und stellte fest, dass sich Graphit damit viel sauberer vom Papier entfernen ließ. Heute dient der Tag dazu, den „stillen Helden des Schreibtisches“ zu würdigen und die Geschichte der Korrekturmittel von den Anfängen der Kautschuknutzung bis hin zu modernen Kunststoffradierern zu feiern.","true","{""day"": 15, ""month"": 4}","INT","2026-01-14 21:53:26.911536+01"
"Tag des Glasur-Schinkens","(englisch: National Glazed Ham Day) Dieser kulinarische Ehrentag widmet sich einer Speise, die besonders in den USA untrennbar mit festlichen Anlässen wie Ostern oder Weihnachten verbunden ist. Im Mittelpunkt steht dabei der „Spiral Ham“ – ein Schinken mit Knochen, der durch ein spezielles Verfahren in einer durchgehenden Spirale vorgeschnitten wird, was das Auftragen der Glasur und das Servieren erleichtert. Die Tradition der Glasur, die meist aus einer süß-würzigen Mischung von Honig, Zucker oder Fruchtsäften besteht, dient nicht nur dem Geschmack, sondern hält das Fleisch beim Backen auch besonders saftig. Während die ersten Rezepte für diesen Klassiker bereits in den 1940er Jahren in amerikanischen Zeitungen auftauchten, wurde die industrielle Perfektionierung durch die Erfindung der Spiralschneidemaschine durch Harry J. Hoenselaar im Jahr 1952 maßgeblich vorangetrieben.","true","{""day"": 15, ""month"": 4}","US","2026-01-14 21:53:26.911536+01"
"Jackie Robinson Day","Der Jackie Robinson Day wird jedes Jahr am 15. April in der gesamten Major League Baseball (MLB) gefeiert. Er erinnert an den Tag im Jahr 1947, an dem Jackie Robinson als erster afroamerikanischer Spieler der modernen Ära die Rassenschranke im Profi-Baseball durchbrach und sein Debüt für die Brooklyn Dodgers gab. Dieser Meilenstein gilt nicht nur als Wendepunkt in der Sportgeschichte, sondern auch als bedeutendes Ereignis der US-amerikanischen Bürgerrechtsbewegung. Eine der sichtbarsten Traditionen an diesem Tag ist, dass alle Spieler, Trainer und Schiedsrichter in der Liga Robinsons Trikotnummer 42 tragen. Da diese Nummer seit 1997 in der gesamten MLB offiziell gesperrt ist und an keinen anderen Spieler mehr vergeben wird, ist der 15. April die einzige Gelegenheit, sie noch einmal auf dem Spielfeld zu sehen. Der Gedenktag wurde 2004 offiziell von Commissioner Bud Selig ins Leben gerufen, um Robinsons Vermächtnis von Mut, Integrität und Gleichberechtigung dauerhaft zu ehren.","true","{""day"": 15, ""month"": 4}","US","2026-01-14 21:53:26.911536+01"
"Welttag der Stimme","Der Welttag der Stimme am 16. April rückt die enorme Bedeutung unseres wichtigsten Kommunikationsmittels in den Fokus der Öffentlichkeit. Ursprünglich 1999 in Brasilien ins Leben gerufen, hat sich dieser Aktionstag zu einer globalen Initiative entwickelt, die das Bewusstsein für Stimmgesundheit und Vorsorge schärft. Experten aus Medizin, Logopädie und Gesangspädagogik nutzen diesen Tag gemeinsam, um über die richtige Pflege des menschlichen Instruments aufzuklären. Durch weltweite Veranstaltungen und kostenlose Screenings wird zudem die Wichtigkeit einer frühzeitigen Diagnose bei Stimmproblemen hervorgehoben.","true","{""day"": 16, ""month"": 4}","INT","2026-01-14 21:53:26.911536+01"
"Tag der Orchidee","Der Nationale Tag der Orchidee am 16. April hat seinen Ursprung in einer tiefbewegenden persönlichen Geschichte der US-Amerikaner Mike und Faith Young aus South Carolina. Das Ehepaar rief diesen Gedenktag im Jahr 2015 ins Leben, um ihrer Tochter zu gedenken, die am 16. April 2014 bei der Geburt verstarb und den Namen Orchid Faith trug. Durch eine erfolgreiche Crowdfunding-Kampagne schafften sie es, diesen Tag offiziell registrieren zu lassen und so ihre Trauer in eine weltweite Feier der Schönheit dieser Blumen zu verwandeln. Heute nutzen Pflanzenliebhaber und Botaniker diesen Tag, um die Eleganz der Orchideen zu würdigen und gleichzeitig auf den Schutz ihrer vielfältigen Arten in der Natur aufmerksam zu machen.","true","{""day"": 16, ""month"": 4}","INT","2026-01-14 21:53:26.911536+01"
"Tag der Eggs Benedict","EDieser kulinarische Aktionstag ehrt den US-amerikanischen Frühstücksklassiker, der traditionell aus zwei Hälften eines englischen Muffins, pochierten Eiern, Schinken oder kanadischem Speck und einer reichhaltigen Sauce Hollandaise besteht. Die Ursprünge des Gerichts sind umstritten: Eine der bekanntesten Legenden besagt, dass der Börsenmakler Lemuel Benedict das Gericht 1894 im New Yorker Hotel Waldorf Astoria als „Katerfrühstück“ bestellte. Eine andere Geschichte schreibt die Erfindung dem Restaurant Delmonico's in Manhattan um 1860 zu. Heute nutzen viele Restaurants diesen Tag, um spezielle Variationen der Eierspeise anzubieten, und ermutigen dazu, das handwerklich anspruchsvolle Gericht selbst zu kochen oder bei einem ausgiebigen Brunch zu genießen.","true","{""day"": 16, ""month"": 4}","US/INT","2026-01-14 21:53:26.911536+01"
"Komm-im-Schlafanzug-zur-Arbeit-Tag"," (englisch: National Wear Pajamas to Work Day) findet jedes Jahr am 16. April statt. Dieser kuriose Aktionstag hat seinen Ursprung in den USA und wurde im Jahr 2004 ins Leben gerufen. Der Termin am 16. April wurde bewusst gewählt, da er direkt auf den 15. April folgt – den Tag, an dem in den USA traditionell die Einkommensteuererklärung fällig ist. Die Idee dahinter ist, den Stress der „Tax Season“ mit einer Prise Humor und maximaler Bequemlichkeit am darauffolgenden Tag abzubauen. Inzwischen hat sich der Tag international verbreitet und wird von vielen Unternehmen genutzt, um die Arbeitsatmosphäre durch einen unkonventionellen Dresscode aufzulockern und die Teambildung zu fördern.","true","{""day"": 16, ""month"": 4}","US/INT","2026-01-14 21:53:26.911536+01"
"Welttag der Hämophilie","Internationaler Aktionstag zur Sensibilisierung für Hämophilie und andere vererbbare Blutungsstörungen.","true","{""day"": 17, ""month"": 4}","INT","2026-01-14 21:53:26.911536+01"
"Tag des Haiku","Ein Tag zur Wertschätzung und zum Verfassen von Haikus (japanische Gedichtform).","true","{""day"": 17, ""month"": 4}","INT","2026-01-14 21:53:26.911536+01"
"Tag der Käsebällchen","Kulinarischer Ehrentag für den Snack-Klassiker Cheese Balls.","true","{""day"": 17, ""month"": 4}","US/INT","2026-01-14 21:53:26.911536+01"
"Blah-Blah-Blah-Tag","Ein Tag, um Taten folgen zu lassen und unerledigte Versprechen einzulösen.","true","{""day"": 17, ""month"": 4}","INT","2026-01-14 21:53:26.911536+01"
"Ford Mustang Day","Jahrestag der Erstvorstellung des Ford Mustang im Jahr 1964.","true","{""day"": 17, ""month"": 4}","INT","2026-01-14 21:53:26.911536+01"
"Tag der Fledermaus-Wertschätzung","Aktionstag zum Schutz der Fledermäuse und zur Aufklärung über ihre nützliche Rolle im Ökosystem.","true","{""day"": 17, ""month"": 4}","INT","2026-01-14 21:53:26.911536+01"
"Internationaler Denkmal- und Welterbetag","Aktionstag zum Schutz und zur Erhaltung von Kulturdenkmälern und historischen Stätten weltweit.","true","{""day"": 18, ""month"": 4}","INT","2026-01-14 21:53:26.911536+01"
"Weltamateurfunktag","Ehrentag für Funkamateure zur Erinnerung an die Gründung der IARU im Jahr 1925.","true","{""day"": 18, ""month"": 4}","INT","2026-01-14 21:53:26.911536+01"
"Tag der Tierkekse (Animal Crackers Day)","Ein kulinarischer Gedenktag für die traditionellen Kekse in Tierform.","true","{""day"": 18, ""month"": 4}","INT","2026-01-14 21:53:26.911536+01"
"Tag der Kolumnisten","Ein Tag zur Würdigung der Arbeit von Zeitungs- und Online-Kolumnisten.","true","{""day"": 18, ""month"": 4}","INT","2026-01-14 21:53:26.911536+01"
"Tag der Elektroleitungsmonteur","Ein Gedenktag zur Anerkennung der gefährlichen Arbeit von Monteuren im Stromnetz.","true","{""day"": 18, ""month"": 4}","US","2026-01-14 21:53:26.911536+01"
"Bicycle Day","Gedenktag an die Entdeckung der psychotropen Wirkung von LSD durch Albert Hofmann 1943.","true","{""day"": 19, ""month"": 4}","INT","2026-01-14 21:53:26.911536+01"
"Tag des Knoblauchs","Ein kulinarischer Gedenktag zur Feier der vielseitigen Knoblauchknolle.","true","{""day"": 19, ""month"": 4}","INT","2026-01-14 21:53:26.911536+01"
"Häng-deine-Wäsche-an-die-Luft-Tag","Aktionstag für Umweltschutz und Energieeinsparung durch natürliche Wäschetrocknung.","true","{""day"": 19, ""month"": 4}","INT","2026-01-14 21:53:26.911536+01"
"Tag des Amaretto","Ein kulinarischer Ehrentag für den beliebten Likör mit Mandelaroma.","true","{""day"": 19, ""month"": 4}","INT","2026-01-14 21:53:26.911536+01"
"Tag der Primel","Britischer Gedenktag zu Ehren von Benjamin Disraeli.","true","{""day"": 19, ""month"": 4}","GB","2026-01-14 21:53:26.911536+01"
"Get-it-together-Day","Ein Tag, um Ordnung in das eigene Chaos zu bringen und Projekte zu strukturieren.","true","{""day"": 19, ""month"": 4}","INT","2026-01-14 21:53:26.911536+01"
"UN-Tag der chinesischen Sprache","Gedenktag zur Feier der chinesischen Schrift und Literatur sowie zur Förderung der Mehrsprachigkeit.","true","{""day"": 20, ""month"": 4}","INT","2026-01-14 21:53:26.911536+01"
"Tag der Freiwilligen-Anerkennung","Ein Tag zur Wertschätzung aller Menschen, die sich ehrenamtlich für das Gemeinwohl einsetzen.","true","{""day"": 20, ""month"": 4}","INT","2026-01-14 21:53:26.911536+01"
"420 (Cannabis-Kultur-Tag)","Inoffizieller Feiertag zur Feier und zum Protest für die Legalisierung von Cannabis.","true","{""day"": 20, ""month"": 4}","INT","2026-01-14 21:53:26.911536+01"
"Tag der Ananas-Kopf-oben-Torte","Kulinarischer Ehrentag für den Pineapple Upside-Down Cake.","true","{""day"": 20, ""month"": 4}","US/INT","2026-01-14 21:53:26.911536+01"
"Look-alike Day","Ein Tag, um sich wie jemand anderes zu kleiden oder Doppelgänger zu feiern.","true","{""day"": 20, ""month"": 4}","INT","2026-01-14 21:53:26.911536+01"
"Lima-Bohnen-Respekt-Tag","Ein humorvoller Tag, um der oft unterschätzten Lima-Bohne eine Chance in der Küche zu geben.","true","{""day"": 20, ""month"": 4}","INT","2026-01-14 21:53:26.911536+01"
"Welttag der Kreativität und Innovation","UN-Aktionstag zur Förderung des kreativen Denkens und innovativer Ansätze zur Lösung globaler Probleme.","true","{""day"": 21, ""month"": 4}","INT","2026-01-14 22:00:02.780253+01"
"Gründungstag von Rom","Historischer Gedenktag zur legendären Gründung der Stadt Rom durch Romulus im Jahr 753 v. Chr.","true","{""day"": 21, ""month"": 4}","IT","2026-01-14 22:00:02.780253+01"
"Kindergarten-Tag","Gedenktag zum Geburtstag von Friedrich Fröbel, dem Pionier der frühkindlichen Bildung.","true","{""day"": 21, ""month"": 4}","INT","2026-01-14 22:00:02.780253+01"
"Tag des Tees (UK)","Ein Tag zur Feier der britischen Teetradition und der sozialen Bedeutung des Teetrinkens.","true","{""day"": 21, ""month"": 4}","GB","2026-01-14 22:00:02.780253+01"
"Tag der Schoko-Cashews","Ein kulinarischer Ehrentag für mit Schokolade überzogene Cashewkerne.","true","{""day"": 21, ""month"": 4}","US/INT","2026-01-14 22:00:02.780253+01"
"Earth Day (Tag der Erde)","Der Earth Day am 22. April hat seinen Ursprung in einer US-Umweltbewegung der 1970er Jahre. Angestoßen durch den Senator Gaylord Nelson und den Studenten Denis Hayes, gingen 1970 allein in den USA 20 Millionen Menschen auf die Straße, um gegen Umweltverschmutzung zu protestieren. Dies führte zur Gründung der US-Umweltbehörde EPA und zum Erlass wichtiger Gesetze für saubere Luft und Wasser. Seit 1990 ist der Tag eine globale Aktion, die mittlerweile über eine Milliarde Menschen in rund 190 Ländern mobilisiert. Ein interessantes Detail ist das Datum: Der 22. April wurde ursprünglich gewählt, weil er in den USA zwischen die Semesterferien und die Abschlussprüfungen fiel – ideal, um möglichst viele Studenten für die Proteste zu gewinnen. Heute dient der Tag vor allem dazu, das Bewusstsein für den Klimawandel zu schärfen und weltweit konkrete Projekte für den Ressourcenschutz anzustoßen.","true","{""day"": 22, ""month"": 4}","INT","2026-01-14 22:00:02.780253+01"
"Tag der Gelee-Bohnen","Der Tag der Gelee-Bohnen (National Jelly Bean Day) wird jährlich am 22. April gefeiert und ist eine Hommage an eine der beliebtesten Süßigkeiten der Welt. Die Ursprünge der Jelly Beans reichen bis in die Mitte des 19. Jahrhunderts zurück: Der Bostoner Konditor William Schrafft bewarb sie bereits 1861 als idealen Snack, den man Soldaten während des US-Bürgerkriegs an die Front schicken konnte. Die markante Konsistenz entstand durch die Kombination zweier alter Techniken – dem weichen Kern, der an den türkischen Honig (Turkish Delight) erinnert, und der harten Zuckerhülle, die durch ein im 17. Jahrhundert in Frankreich entwickeltes Verfahren namens Panning entsteht. Besondere Bekanntheit erlangte die Süßigkeit durch den US-Präsidenten Ronald Reagan, der ein leidenschaftlicher Fan war und Jelly Beans sogar während seiner Amtseinführung 1981 verteilen ließ. Eigens für ihn wurde damals die Sorte „Blaubeere“ entwickelt, um die US-Flaggenfarben Rot, Weiß und Blau komplettieren zu können. Seit den 1930er Jahren sind sie aufgrund ihrer Eiform zudem untrennbar mit dem Osterfest verbunden. Heute gibt es den inoffiziellen Feiertag vor allem, um die enorme Vielfalt von über 100 verschiedenen Geschmacksrichtungen zu feiern, die von klassischer Erdbeere bis hin zu skurrilen Varianten wie „Erbrochenes“ oder „Faule Eier“ reichen.","true","{""day"": 22, ""month"": 4}","US/INT","2026-01-14 22:00:02.780253+01"
"Tag der Entdeckung Brasiliens","Der Tag der Entdeckung Brasiliens (Dia do Descobrimento do Brasil) am 22. April erinnert an die Ankunft des portugiesischen Seefahrers Pedro Álvares Cabral an der brasilianischen Küste im Jahr 1500. Ursprünglich befand sich Cabral mit einer Flotte von 13 Schiffen auf dem Weg nach Indien, um den Gewürzhandel auszuweiten. Durch starke Strömungen und Winde im Südatlantik wurde seine Flotte jedoch weit nach Westen abgetrieben, bis sie schließlich in der Nähe des heutigen Porto Seguro im Bundesstaat Bahia auf Land stieß. Der erste Sichtkontakt war der Berg Monte Pascoal, den die Mannschaft so benannte, da die Entdeckung kurz nach Ostern stattfand. Interessant ist, dass die „Entdeckung“ heute oft kritisch gesehen wird, da das Gebiet zu diesem Zeitpunkt bereits von Millionen indigener Menschen bewohnt war. Historiker diskutieren zudem, ob Cabrals Ankunft wirklich ein Zufall war oder ob die Portugiesen bereits von der Existenz des Landes wussten und die Route gezielt wählten, um Gebiete innerhalb der Grenzen des Vertrags von Tordesillas zu beanspruchen. Zunächst nannten die Seefahrer das Land Ilha de Vera Cruz (Insel des Wahren Kreuzes), bevor es aufgrund des wertvollen Brasilholzes seinen heutigen Namen erhielt.","true","{""day"": 22, ""month"": 4}","BR","2026-01-14 22:00:02.780253+01"
"Tag der Chemie-Fachkräfte","Unter der Bezeichnung Tag der Chemie-Fachkräfte (oft auch allgemeiner als Tag der Chemie bekannt) gibt es keinen festen, weltweit einheitlichen Gedenktag am 22. April. Vielmehr handelt es sich dabei um eine Initiative der chemischen Industrie und verschiedener Hochschulen, um auf die Bedeutung dieses Berufsfeldes und den dringenden Bedarf an qualifiziertem Nachwuchs aufmerksam zu machen. In Deutschland wird dieser „Tag der Chemie“ häufig dezentral an wechselnden Terminen gefeiert – oft als Tag der offenen Tür in Chemieparks oder an Universitäten, um die Vielfalt der Karrierewege vom Chemikanten bis zum Laboranten aufzuzeigen. Ein interessanter Aspekt bei der Terminwahl für solche Fachkräftetage ist die zeitliche Nähe zum Tag der Erde (Earth Day), der ebenfalls am 22. April stattfindet. Da die moderne Chemie eine Schlüsselrolle bei der Bewältigung ökologischer Herausforderungen spielt – etwa durch die Entwicklung nachhaltiger Batterien, recycelbarer Kunststoffe oder effizienterer Filtertechnologien –, nutzen viele Unternehmen dieses Datum, um ihre Fachkräfte als aktive Gestalter des Umweltschutzes zu präsentieren. Ein spezieller Fokus liegt dabei oft auf der Fachkräftesicherung, da die Branche laut Erhebungen der Personalberatung WK mit einem Mangel von zehntausenden Experten konfrontiert ist.","true","{""day"": 22, ""month"": 4}","INT","2026-01-14 22:00:02.780253+01"
"Tag der Aprilschauer","Der Tag der Aprilschauer (April Showers Day) am 22. April feiert ein Wetterphänomen, das sinnbildlich für den Aufbruch und die Erneuerung der Natur steht. Sein Ursprung liegt tief in der Bauernregel „April showers bring May flowers“ (Aprilregen bringt Maiblumen), die bereits im 16. Jahrhundert vom englischen Dichter Thomas Tusser festgehalten wurde. In einer Zeit, in der das wechselhafte Aprilwetter oft als lästig empfunden wird, erinnert dieser Tag daran, dass die kurzen, teils kräftigen Regengüsse essenziell für das Ökosystem sind: Sie füllen nach dem Winter die Wasserspeicher auf und wecken die Flora aus dem Winterschlaf. Interessant ist die meteorologische Entstehung dieser Schauer, die durch die großen Temperaturunterschiede zwischen der bereits kräftigeren Frühlingssonne und der noch kalten Höhenluft verursacht werden. Der Tag lädt dazu ein, die Perspektive zu wechseln und den Regen nicht als Hindernis, sondern als lebensspendendes Element zu betrachten. Viele Menschen feiern diesen Tag ganz praktisch, indem sie mit bunter Regenkleidung nach draußen gehen oder die Zeit für gemütliche Indoor-Aktivitäten nutzen, während draußen die Natur „geduscht“ wird.","true","{""day"": 22, ""month"": 4}","INT","2026-01-14 22:00:02.780253+01"
"Welttag des Buches","UNESCO-Feiertag für das Lesen, das Publizieren und den Schutz des geistigen Eigentums.","true","{""day"": 23, ""month"": 4}","INT","2026-01-14 22:00:02.780253+01"
"Tag des Deutschen Bieres","Jahrestag des Erlasses des Reinheitsgebots von 1516; Feier der deutschen Brautradition.","true","{""day"": 23, ""month"": 4}","DE","2026-01-14 22:00:02.780253+01"
"Georgstag","Nationalfeiertag in England und Tag des Buches und der Rose in Katalonien.","true","{""day"": 23, ""month"": 4}","GB-ENG/ES-CT","2026-01-14 22:00:02.780253+01"
"Tag der englischen Sprache","UN-Sprachentag zu Ehren von William Shakespeare.","true","{""day"": 23, ""month"": 4}","INT","2026-01-14 22:00:02.780253+01"
"Girl’s Day / Boy’s Day","Aktionstag zur klischeefreien Berufsorientierung für Jungen und Mädchen.","false","{""month"": 4, ""occurrence"": [4], ""day_of_week"": ""Thursday""}","DE","2026-01-14 22:00:02.780253+01"
"Tag der Kirsch-Käsetorte","Ein kulinarischer Gedenktag aus den USA für Liebhaber von Cheesecake mit Kirschtopping.","true","{""day"": 23, ""month"": 4}","US/INT","2026-01-14 22:00:02.780253+01"
"Tag des Versuchstiers","Aktionstag zur Kritik an Tierversuchen und zur Förderung von tierversuchsfreien Forschungsmethoden.","true","{""day"": 24, ""month"": 4}","INT","2026-01-14 22:00:02.780253+01"
"Tag des Multilateralismus und der Diplomatie","UN-Gedenktag zur Stärkung der internationalen Zusammenarbeit und friedlichen Konfliktlösung.","true","{""day"": 24, ""month"": 4}","INT","2026-01-14 22:00:02.780253+01"
"Fashion Revolution Day","Gedenktag an das Rana-Plaza-Unglück und Aktionstag für faire Arbeitsbedingungen in der Textilindustrie.","true","{""day"": 24, ""month"": 4}","INT","2026-01-14 22:00:02.780253+01"
"Tag der Jogginghose","Ein Tag zur Feier der Gemütlichkeit und der modischen Akzeptanz der Jogginghose.","true","{""day"": 24, ""month"": 4}","INT","2026-01-14 22:00:02.780253+01"
"Tag des Schweinchens im Teigmantel","Kulinarischer Ehrentag für Würstchen, die in Teig (Pigs in a Blanket) eingebacken sind.","true","{""day"": 24, ""month"": 4}","US/INT","2026-01-14 22:00:02.780253+01"
"Unabhängigkeitstag (Gambia)","Nationalfeiertag zur Erinnerung an die Souveränität von Großbritannien im Jahr 1965.","true","{""day"": 24, ""month"": 4}","GM","2026-01-14 22:00:02.780253+01"
"Weltmalariatag","Internationaler Aktionstag zur Aufklärung über Malaria und zur Förderung der Bekämpfung der Krankheit.","true","{""day"": 25, ""month"": 4}","INT","2026-01-14 22:00:02.780253+01"
"Tag des Baumes","Aktionstag zur Bedeutung des Waldes für die Umwelt und zur Förderung von Baumpflanzungen.","true","{""day"": 25, ""month"": 4}","DE","2026-01-14 22:00:02.780253+01"
"Festa della Liberazione","Nationalfeiertag in Italien zur Erinnerung an das Ende der Besatzung im Jahr 1945.","true","{""day"": 25, ""month"": 4}","IT","2026-01-14 22:00:02.780253+01"
"Welt-Pinguin-Tag","Aktionstag zum Schutz der Pinguine und zur Aufklärung über deren bedrohte Lebensräume.","true","{""day"": 25, ""month"": 4}","INT","2026-01-14 22:00:02.780253+01"
"DNA-Tag","Gedenktag zur Entdeckung der DNA-Doppelhelix und zur Bedeutung der Genforschung.","true","{""day"": 25, ""month"": 4}","INT","2026-01-14 22:00:02.780253+01"
"Tag des Zucchini-Brotes","Ein kulinarischer Ehrentag für das aus Zucchini hergestellte süße oder herzhafte Gebäck.","true","{""day"": 25, ""month"": 4}","US/INT","2026-01-14 22:00:02.780253+01"
"Gedenktag an die Katastrophe von Tschernobyl","Internationaler Gedenktag zur Erinnerung an die Nuklearkatastrophe von 1986 und deren Opfer.","true","{""day"": 26, ""month"": 4}","INT","2026-01-14 22:00:02.780253+01"
"Welttag des geistigen Eigentums","WIPO-Aktionstag zur Bedeutung von geistigem Eigentum für Innovation, Kreativität und Wirtschaft.","true","{""day"": 26, ""month"": 4}","INT","2026-01-14 22:00:02.780253+01"
"Welttag der Partnerstädte","Ein Tag zur Feier der Freundschaft und Zusammenarbeit zwischen Städten über nationale Grenzen hinweg.","true","{""day"": 26, ""month"": 4}","INT","2026-01-14 22:00:02.780253+01"
"Tag der Hilfe für Tiere in Not","Aktionstag zur Unterstützung von Tierheimen und zur Rettung vernachlässigter Tiere.","true","{""day"": 26, ""month"": 4}","INT","2026-01-14 22:00:02.780253+01"
"Tag der Brezel","Kulinarischer Ehrentag für das traditionelle Laugengebäck.","true","{""day"": 26, ""month"": 4}","INT","2026-01-14 22:00:02.780253+01"
"Richter-Skala-Tag","Gedenktag zum Geburtstag von Charles Francis Richter, dem Entwickler der Erdbebenskala.","true","{""day"": 26, ""month"": 4}","INT","2026-01-14 22:00:02.780253+01"
"Koningsdag (Königstag)","Nationalfeiertag der Niederlande zu Ehren des Geburtstags von König Willem-Alexander.","true","{""day"": 27, ""month"": 4}","NL","2026-01-14 22:00:02.780253+01"
"Welttag des Designs","Gedenktag zur Bedeutung von professionellem Design für die Kommunikation und soziale Entwicklung.","true","{""day"": 27, ""month"": 4}","INT","2026-01-14 22:00:02.780253+01"
"Welttag des Tapirs","Aktionstag zum Schutz der weltweit gefährdeten Tapirarten und ihrer Biotope.","true","{""day"": 27, ""month"": 4}","INT","2026-01-14 22:00:02.780253+01"
"Tag der Badeente","Ein spielerischer Ehrentag für die gelbe Gummi-Ente als Kultobjekt.","true","{""day"": 27, ""month"": 4}","INT","2026-01-14 22:00:02.780253+01"
"Tag des Rippenbratens","Ein kulinarischer Ehrentag für den Prime Rib Roast (Rinderrippenbraten).","true","{""day"": 27, ""month"": 4}","US/INT","2026-01-14 22:00:02.780253+01"
"Erzähl-eine-Geschichte-Tag","Ein Tag zur Förderung der mündlichen Erzählkunst und des Vorlesens.","true","{""day"": 27, ""month"": 4}","INT","2026-01-14 22:00:02.780253+01"
"Welttag für Sicherheit und Gesundheit am Arbeitsplatz","Aktionstag der ILO zur Prävention von Arbeitsunfällen und Berufskrankheiten.","true","{""day"": 28, ""month"": 4}","INT","2026-01-14 22:00:02.780253+01"
"Workers' Memorial Day","Gedenktag für im Dienst tödlich verunglückte oder erkrankte Beschäftigte.","true","{""day"": 28, ""month"": 4}","INT","2026-01-14 22:00:02.780253+01"
"Tag der Superhelden","Ein Tag zur Würdigung von fiktiven Helden und den Helden des Alltags.","true","{""day"": 28, ""month"": 4}","INT","2026-01-14 22:00:02.780253+01"
"Tag des Blaubeerkuchens","Kulinarischer Ehrentag für den klassischen Blueberry Pie.","true","{""day"": 28, ""month"": 4}","US/INT","2026-01-14 22:00:02.780253+01"
"Tag der Rettungshunde","Aktionstag zur Anerkennung der lebensrettenden Arbeit von Such- und Rettungshunden.","true","{""day"": 28, ""month"": 4}","INT","2026-01-14 22:00:02.780253+01"
"Tag der biologischen Uhr","Ein Tag, um sich der eigenen Biorhythmen und der inneren Uhr bewusst zu werden.","true","{""day"": 28, ""month"": 4}","INT","2026-01-14 22:00:02.780253+01"
"Welttag des Tanzes","Internationaler Aktionstag zur Feier des Tanzes als universelle Sprache und Kunstform.","true","{""day"": 29, ""month"": 4}","INT","2026-01-14 22:00:02.780253+01"
"Gedenktag für die Opfer chemischer Waffen","UN-Tag zur Erinnerung an die Opfer chemischer Kriegsführung und zur Ächtung chemischer Waffen.","true","{""day"": 29, ""month"": 4}","INT","2026-01-14 22:00:02.780253+01"
"Tag des Reißverschlusses","Gedenktag zur Patentierung des modernen Reißverschlusses im Jahr 1913.","true","{""day"": 29, ""month"": 4}","INT","2026-01-14 22:00:02.780253+01"
"Tag der Immunologie","Aktionstag zur Aufklärung über die Bedeutung des Immunsystems für die menschliche Gesundheit.","true","{""day"": 29, ""month"": 4}","INT","2026-01-14 22:00:02.780253+01"
"Tag der Garnelen-Scampi","Kulinarischer Ehrentag für in Knoblauchbutter zubereitete Garnelen.","true","{""day"": 29, ""month"": 4}","US/INT","2026-01-14 22:00:02.780253+01"
"Welttag der Wünsche","Erinnert an die Gründung der Make-A-Wish Foundation und die Erfüllung von Herzenswünschen schwerkranker Kinder.","true","{""day"": 29, ""month"": 4}","INT","2026-01-14 22:00:02.780253+01"
"Walpurgisnacht","Europäisches Frühlingsfest und Nacht der Hexenmythologie; heute oft als ""Tanz in den Mai"" gefeiert.","true","{""day"": 30, ""month"": 4}","INT","2026-01-14 22:00:02.780253+01"
"Internationaler Jazz-Tag","UNESCO-Gedenktag zur Feier des Jazz als Symbol für Einheit, Dialog und gesteigerte Kooperation.","true","{""day"": 30, ""month"": 4}","INT","2026-01-14 22:00:02.780253+01"
"Tag der gewaltfreien Erziehung","Aktionstag zur Stärkung der Kinderrechte und zur Ächtung jeglicher Gewalt in der Erziehung.","true","{""day"": 30, ""month"": 4}","DE/INT","2026-01-14 22:00:02.780253+01"
"Welttag der Mobilitätshunde","Ehrentag für Assistenzhunde, die Menschen mit motorischen Einschränkungen im Alltag unterstützen.","true","{""day"": 30, ""month"": 4}","INT","2026-01-14 22:00:02.780253+01"
"Tag der Ehrlichkeit","Ein Tag zur Förderung von Aufrichtigkeit in der Kommunikation und im sozialen Miteinander.","true","{""day"": 30, ""month"": 4}","INT","2026-01-14 22:00:02.780253+01"
"Tag des Rosinenbrots","Ein kulinarischer Ehrentag für das traditionelle Gebäck mit Rosinen.","true","{""day"": 30, ""month"": 4}","US/INT","2026-01-14 22:00:02.780253+01"
"Tag der Arbeit","Internationaler Kampftag der Arbeiterbewegung und gesetzlicher Feiertag in vielen Ländern.","true","{""day"": 1, ""month"": 5}","INT","2026-01-14 22:06:47.514425+01"
"Maifeiertag","Traditioneller Festtag zur Begrüßung des Frühlings mit Bräuchen wie dem Maibaumaufstellen.","true","{""day"": 1, ""month"": 5}","DE","2026-01-14 22:06:47.514425+01"
"Welttag der mütterlichen psychischen Gesundheit","Aktionstag zur Sensibilisierung für postnatale Depressionen und die psychische Gesundheit von Müttern.","true","{""day"": 1, ""month"": 5}","INT","2026-01-14 22:06:47.514425+01"
"Rettet-das-Nashorn-Tag","Aktionstag zum Schutz der Nashörner vor Wilderei und zum Erhalt ihres Lebensraums.","true","{""day"": 1, ""month"": 5}","INT","2026-01-14 22:06:47.514425+01"
"Tag des Schokoladenparfaits","Kulinarischer Ehrentag für das geschichtete Schokoladendessert.","true","{""day"": 1, ""month"": 5}","US/INT","2026-01-14 22:06:47.514425+01"
"Lei Day (Hawaii)","Ein Tag zur Feier der hawaiianischen Kultur, symbolisiert durch das Überreichen von Blumenketten.","true","{""day"": 1, ""month"": 5}","US-HI","2026-01-14 22:06:47.514425+01"
"Welttag des Thunfischs","UN-Aktionstag zur Sensibilisierung für die nachhaltige Bewirtschaftung der Thunfischbestände.","true","{""day"": 2, ""month"": 5}","INT","2026-01-14 22:06:47.514425+01"
"Harry-Potter-Tag","Fandom-Gedenktag zum Jahrestag der Schlacht von Hogwarts in der Buchreihe.","true","{""day"": 2, ""month"": 5}","INT","2026-01-14 22:06:47.514425+01"
"Tag der Trüffelpraline","Kulinarischer Ehrentag für Schokoladentrüffel.","true","{""day"": 2, ""month"": 5}","INT","2026-01-14 22:06:47.514425+01"
"Tag des Babys","Ein Tag zur Feier der Babys und zur Information über frühkindliche Entwicklung.","true","{""day"": 2, ""month"": 5}","INT","2026-01-14 22:06:47.514425+01"
"Gratis Comic Tag","Aktionstag des Buchhandels, an dem spezielle Comic-Hefte kostenlos verteilt werden.","false","{""month"": 5, ""occurrence"": [1], ""day_of_week"": ""Saturday""}","DE/INT","2026-01-14 22:06:47.514425+01"
"Welttag der Pressefreiheit","UN-Gedenktag zur Wahrung der Informationsfreiheit und zur Würdigung der Grundprinzipien der Pressefreiheit.","true","{""day"": 3, ""month"": 5}","INT","2026-01-14 22:06:47.514425+01"
"Verfassungstag (Polen)","Nationalfeiertag zur Erinnerung an die Verfassung vom 3. Mai 1791.","true","{""day"": 3, ""month"": 5}","PL","2026-01-14 22:06:47.514425+01"
"Tag der Sonne","Aktionstag zur Förderung der Solarenergie und zur Wertschätzung der Sonne für das Leben auf der Erde.","true","{""day"": 3, ""month"": 5}","INT","2026-01-14 22:06:47.514425+01"
"Tag der Himbeertorte","Kulinarischer Ehrentag für Backwaren mit frischen Himbeeren.","true","{""day"": 3, ""month"": 5}","US/INT","2026-01-14 22:06:47.514425+01"
"Weltlachtag","Ein globaler Tag des gemeinsamen Lachens für Gesundheit, Glück und Weltfrieden.","false","{""month"": 5, ""occurrence"": 1, ""day_of_week"": ""Sunday""}","INT","2026-01-14 22:06:47.514425+01"
"Star Wars Tag","Inoffizieller Feiertag der Popkultur (""May the fourth be with you"") zu Ehren der Weltraumsaga.","true","{""day"": 4, ""month"": 5}","INT","2026-01-14 22:06:47.514425+01"
"Internationaler Feuerwehrtag","Aktionstag zur Anerkennung der täglichen Opferbereitschaft und Arbeit der Feuerwehrleute.","true","{""day"": 4, ""month"": 5}","INT","2026-01-14 22:06:47.514425+01"
"Tag des Orang-Utans","Aktionstag zum Schutz der vom Aussterben bedrohten Orang-Utans und ihres Lebensraums.","true","{""day"": 4, ""month"": 5}","INT","2026-01-14 22:06:47.514425+01"
"Namenstag Florian","Gedenktag des Heiligen Florian, Schutzpatron der Feuerwehr und der Kaminkehrer.","true","{""day"": 4, ""month"": 5}","DE","2026-01-14 22:06:47.514425+01"
"Bird Day","Ein Tag zur Feier der Vögel und zur Förderung des Vogelschutzes (initiiert 1894).","true","{""day"": 4, ""month"": 5}","US","2026-01-14 22:06:47.514425+01"
"Tag der kandierten Orangenschale","Kulinarischer Ehrentag für die süß-herbe Backzutat und Süßigkeit.","true","{""day"": 4, ""month"": 5}","INT","2026-01-14 22:06:47.514425+01"
"Europatag des Europarates","Gedenktag zur Gründung des Europarates am 5. Mai 1949 in London.","true","{""day"": 5, ""month"": 5}","EU","2026-01-14 22:06:47.514425+01"
"Cinco de Mayo","Gedenktag an die Schlacht von Puebla (1862); Symbol für mexikanischen Stolz und Kultur.","true","{""day"": 5, ""month"": 5}","MX/US","2026-01-14 22:06:47.514425+01"
"Welttag der Handhygiene","WHO-Aktionstag zur Bedeutung der Händehygiene für die Infektionsprävention.","true","{""day"": 5, ""month"": 5}","INT","2026-01-14 22:06:47.514425+01"
"Internationaler Hebammentag","Aktionstag zur Anerkennung der Arbeit von Hebammen und Entbindungspflegern.","true","{""day"": 5, ""month"": 5}","INT","2026-01-14 22:06:47.514425+01"
"Protesttag zur Gleichstellung von Menschen mit Behinderung","Europaweiter Aktionstag für Inklusion und gegen die Benachteiligung von Menschen mit Beeinträchtigung.","true","{""day"": 5, ""month"": 5}","EU","2026-01-14 22:06:47.514425+01"
"Tag der Enchilada","Kulinarischer Ehrentag für das mexikanische Nationalgericht.","true","{""day"": 5, ""month"": 5}","INT","2026-01-14 22:06:47.514425+01"
"Internationaler Anti-Diät-Tag","Aktionstag für Körperakzeptanz und gegen Diätwahn sowie Diskriminierung aufgrund des Körpergewichts.","true","{""day"": 6, ""month"": 5}","INT","2026-01-14 22:06:47.514425+01"
"Tag der Getränkedose","Gedenktag an die Patentierung der Metalldose als Getränkeverpackung im Jahr 1935.","true","{""day"": 6, ""month"": 5}","INT","2026-01-14 22:06:47.514425+01"
"Tag der Crêpe Suzette","Kulinarischer Ehrentag für die mit Orangenlikör flambierte französische Crêpe-Spezialität.","true","{""day"": 6, ""month"": 5}","INT","2026-01-14 22:06:47.514425+01"
"Hausaufgabenfrei-Tag","Ein inoffizieller Tag, der Schülern und Studenten eine Pause von häuslichen Pflichtarbeiten gönnt.","true","{""day"": 6, ""month"": 5}","INT","2026-01-14 22:06:47.514425+01"
"Tag der Tourist-Information","Ein Tag zur Anerkennung der Arbeit von Mitarbeitern in Tourismuszentren weltweit.","true","{""day"": 6, ""month"": 5}","INT","2026-01-14 22:06:47.514425+01"
"Tag der Getränke","Ein US-Aktionstag, der dazu einlädt, sein Lieblingsgetränk zu genießen.","true","{""day"": 6, ""month"": 5}","US","2026-01-14 22:06:47.514425+01"
"Welt-Passwort-Tag","Internationaler Aktionstag zur Sensibilisierung für digitale Sicherheit und die Nutzung starker Passwörter.","false","{""month"": 5, ""occurrence"": 1, ""day_of_week"": ""Thursday""}","INT","2026-01-14 22:06:47.514425+01"
"Tag des Radios","Gedenktag an die Erfindung des Radios und die erste öffentliche Vorführung eines Funkempfängers durch Alexander Popow 1895.","true","{""day"": 7, ""month"": 5}","INT","2026-01-14 22:06:47.514425+01"
"Tag des Lammbratens","Kulinarischer Ehrentag für den traditionell zubereiteten Braten aus der Lammkeule.","true","{""day"": 7, ""month"": 5}","US/INT","2026-01-14 22:06:47.514425+01"
"Tag des barrierefreien Reisens","Ein Aktionstag, der die Bedeutung von Zugänglichkeit im Tourismus für alle Menschen betont.","true","{""day"": 7, ""month"": 5}","INT","2026-01-14 22:06:47.514425+01"
"Tag des Cosmopolitan-Cocktails","Ein kulinarischer Ehrentag für den berühmten Cocktail aus Wodka, Cointreau und Cranberrysaft.","true","{""day"": 7, ""month"": 5}","US/INT","2026-01-14 22:06:47.514425+01"
"Tag der Befreiung","Gedenktag an die bedingungslose Kapitulation der Wehrmacht 1945 und das Ende des Zweiten Weltkriegs in Europa.","true","{""day"": 8, ""month"": 5}","DE/EU","2026-01-14 22:06:47.514425+01"
"Weltrotkreuz- und Weltrothalfmond-Tag","Gedenktag am Geburtstag von Henry Dunant zur Würdigung der humanitären Hilfe weltweit.","true","{""day"": 8, ""month"": 5}","INT","2026-01-14 22:06:47.514425+01"
"Welttag des Eierstocks","Aktionstag zur Aufklärung über Symptome und Risiken von Eierstockkrebs.","true","{""day"": 8, ""month"": 5}","INT","2026-01-14 22:06:47.514425+01"
"Tag der verlorenen Socke","Ein humorvoller Tag für alle einsamen Socken, deren Gegenstück unauffindbar bleibt.","true","{""day"": 8, ""month"": 5}","INT","2026-01-14 22:06:47.514425+01"
"Tag des Kokosnusskuchens","Kulinarischer Ehrentag für den Coconut Cream Pie.","true","{""day"": 8, ""month"": 5}","US/INT","2026-01-14 22:06:47.514425+01"
"Tag der Iris","Ein Tag zur Wertschätzung der Blume (Schwertlilie) sowie ein technischer Aktionstag zur Biometrie.","true","{""day"": 8, ""month"": 5}","INT","2026-01-14 22:06:47.514425+01"
"Europatag (EU)","Jahrestag der Schuman-Erklärung von 1950; Feier von Frieden und Einheit in Europa.","true","{""day"": 9, ""month"": 5}","EU","2026-01-14 22:06:47.514425+01"
"Tag des Sieges","Gedenktag zum Ende des Zweiten Weltkriegs in Osteuropa.","true","{""day"": 9, ""month"": 5}","INT","2026-01-14 22:06:47.514425+01"
"Lost Sock Memorial Day","Ein humorvoller Tag, um den Verbleib all der in der Waschmaschine verschwundenen Socken zu ehren.","true","{""day"": 9, ""month"": 5}","INT","2026-01-14 22:06:47.514425+01"
"Tag des Butterscotch-Brownies","Kulinarischer Ehrentag für Brownies mit Karamell-Note (Blondies).","true","{""day"": 9, ""month"": 5}","US/INT","2026-01-14 22:06:47.514425+01"
"Welttag der Zugvögel","Aktionstag zum Schutz der Zugvögel und ihrer Lebensräume weltweit.","false","{""month"": 5, ""occurrence"": 2, ""day_of_week"": ""Saturday""}","INT","2026-01-14 22:06:47.514425+01"
"Muttertag","Ehrentag der Mütter; wird in vielen Ländern am zweiten Sonntag im Mai begangen.","false","{""month"": 5, ""occurrence"": 2, ""day_of_week"": ""Sunday""}","DE/INT","2026-01-14 22:06:47.514425+01"
"Tag des freien Buches","Gedenktag an die Bücherverbrennungen von 1933 und Aktionstag für geistige Freiheit.","true","{""day"": 10, ""month"": 5}","DE","2026-01-14 22:06:47.514425+01"
"Welt-Lupus-Tag","Internationaler Aktionstag zur Verbesserung der Forschung und Versorgung bei Lupus-Erkrankungen.","true","{""day"": 10, ""month"": 5}","INT","2026-01-14 22:06:47.514425+01"
"Räum-dein-Zimmer-auf-Tag","Ein motivierender Aktionstag für Ordnung und Sauberkeit im eigenen Heim.","true","{""day"": 10, ""month"": 5}","INT","2026-01-14 22:06:47.514425+01"
"Tag der Garnele","Ein kulinarischer Gedenktag zu Ehren der Garnele als vielseitige Zutat.","true","{""day"": 10, ""month"": 5}","US/INT","2026-01-14 22:06:47.514425+01"
"Eisheilige: Mamertus","Gedenktag des Heiligen Mamertus und traditioneller Beginn der Eisheiligen (Gartenregel).","true","{""day"": 11, ""month"": 5}","DE/AT/CH","2026-01-14 22:13:21.505836+01"
"Tag der Kinderbetreuung","Aktionstag zur Anerkennung von Erzieherinnen, Erziehern und Kindertagespflegepersonen.","false","{""month"": 5, ""occurrence"": 2, ""day_of_week"": ""Monday""}","DE","2026-01-14 22:13:21.505836+01"
"Iss-was-du-willst-Tag","Ein Tag ohne kulinarische Reue, an dem man seine Lieblingsspeisen ohne Reue genießen soll.","true","{""day"": 11, ""month"": 5}","INT","2026-01-14 22:13:21.505836+01"
"Bayerischer Brauertag","Regionaler Ehrentag zur Feier der bayerischen Bierkultur und Brautradition.","true","{""day"": 11, ""month"": 5}","DE-BY","2026-01-14 22:13:21.505836+01"
"Tag der Schaumwaffel","Ein kulinarischer Ehrentag für die beliebten Schaumzucker-Waffel-Spezialitäten.","true","{""day"": 11, ""month"": 5}","INT","2026-01-14 22:13:21.505836+01"
"Internationaler Tag der Pflege","Gedenktag am Geburtstag von Florence Nightingale zur Würdigung des Pflegeberufs.","true","{""day"": 12, ""month"": 5}","INT","2026-01-14 22:13:21.505836+01"
"Eisheilige: Pankratius","Zweiter Tag der Eisheiligen; traditioneller Gedenktag zur Wetterbeobachtung im Gartenbau.","true","{""day"": 12, ""month"": 5}","DE/AT/CH","2026-01-14 22:13:21.505836+01"
"Tag der chronischen Erschöpfung (CFS/ME)","Aktionstag zur Aufklärung über das Chronische Fatigue-Syndrom und Fibromyalgie.","true","{""day"": 12, ""month"": 5}","INT","2026-01-14 22:13:21.505836+01"
"Limerick-Tag","Ein Tag zur Feier der humorvollen Gedichtform des Limericks.","true","{""day"": 12, ""month"": 5}","INT","2026-01-14 22:13:21.505836+01"
"Tag des Nuss-Fudge","Ein kulinarischer Ehrentag für die süße Konfekt-Spezialität mit Nüssen.","true","{""day"": 12, ""month"": 5}","US/INT","2026-01-14 22:13:21.505836+01"
"Eisheilige: Servatius","Dritter Gedenktag der Eisheiligen; wichtiger Orientierungspunkt für das Auspflanzen von Setzlingen.","true","{""day"": 13, ""month"": 5}","DE/AT/CH","2026-01-14 22:13:21.505836+01"
"Welttag des Cocktails","Gedenktag an die erste offizielle Definition des Cocktails im Jahr 1806.","true","{""day"": 13, ""month"": 5}","INT","2026-01-14 22:13:21.505836+01"
"Tag des Apfelkuchens","Kulinarischer Ehrentag für den Apple Pie und seine weltweiten Variationen.","true","{""day"": 13, ""month"": 5}","INT","2026-01-14 22:13:21.505836+01"
"Internationaler Tag des Hummus","Ein kulinarischer Aktionstag zur Feier der Kichererbsenpaste Hummus.","true","{""day"": 13, ""month"": 5}","INT","2026-01-14 22:13:21.505836+01"
"Tag der Kobolde","Ein Tag der irischen Mythologie, der den kleinen sagenumwobenen Wesen gewidmet ist.","true","{""day"": 13, ""month"": 5}","INT","2026-01-14 22:13:21.505836+01"
"Christi Himmelfahrt / Vatertag","Christliches Hochfest und in Deutschland traditionell der Vatertag.","false","{""offset"": 39, ""calculated_type"": ""easter_sunday""}","DE/INT","2026-01-14 22:13:21.505836+01"
"Eisheilige: Bonifatius","Vierter Tag der Eisheiligen; wichtiger Termin für die Vorhersage der letzten Nachtfröste.","true","{""day"": 14, ""month"": 5}","DE/AT/CH","2026-01-14 22:13:21.505836+01"
"Tag des Wanderns","Bundesweiter Aktionstag zur Förderung des Wanderns und der Wertschätzung der Natur.","true","{""day"": 14, ""month"": 5}","DE","2026-01-14 22:13:21.505836+01"
"Tag der Buttermilch-Biscuits","Kulinarischer Ehrentag für Backwaren, die mit Buttermilch hergestellt werden.","true","{""day"": 14, ""month"": 5}","INT","2026-01-14 22:13:21.505836+01"
"Tag der unterirdischen Bauwerke","Ein Tag zur Anerkennung von Architektur und Leben unter der Erdoberfläche.","true","{""day"": 14, ""month"": 5}","US/INT","2026-01-14 22:13:21.505836+01"
"Eisheilige: Kalte Sophie","Gedenktag der Heiligen Sophia und traditionelles Ende der Eisheiligen; Ende der Nachtfrostgefahr.","true","{""day"": 15, ""month"": 5}","DE/AT/CH","2026-01-14 22:13:21.505836+01"
"Internationaler Tag der Familie","UN-Aktionstag zur Bedeutung der Familie und zur Förderung familienpolitischer Themen weltweit.","true","{""day"": 15, ""month"": 5}","INT","2026-01-14 22:13:21.505836+01"
"Tag der Schokoladenstückchen","Ein kulinarischer Ehrentag für Schokostreusel und Chocolate Chips in Backwaren.","true","{""day"": 15, ""month"": 5}","US/INT","2026-01-14 22:13:21.505836+01"
"Tag der Kriegsdienstverweigerung","Gedenktag für Menschen, die den Militärdienst aus Gewissensgründen ablehnen.","true","{""day"": 15, ""month"": 5}","INT","2026-01-14 22:13:21.505836+01"
"Tag der Nylonstrümpfe","Erinnert an den Verkaufsstart der ersten Nylonstrümpfe in den USA im Jahr 1940.","true","{""day"": 15, ""month"": 5}","INT","2026-01-14 22:13:21.505836+01"
"Internationaler Tag des Lichts","UNESCO-Gedenktag zur Bedeutung des Lichts für Wissenschaft, Kultur und technologische Entwicklung.","true","{""day"": 16, ""month"": 5}","INT","2026-01-14 22:13:21.505836+01"
"Tag des friedlichen Zusammenlebens","UN-Tag zur Förderung von Frieden, Toleranz und Solidarität innerhalb der Weltgemeinschaft.","true","{""day"": 16, ""month"": 5}","INT","2026-01-14 22:13:21.505836+01"
"Tag des Barbecues","Kulinarischer Ehrentag für die Kunst des Grillens und das gesellige Essen im Freien.","true","{""day"": 16, ""month"": 5}","INT","2026-01-14 22:13:21.505836+01"
"Tag des Mimosa-Cocktails","Ehrentag für den klassischen Brunch-Cocktail aus Champagner und Zitrussaft.","true","{""day"": 16, ""month"": 5}","US/INT","2026-01-14 22:13:21.505836+01"
"Tag der Zeichnung","Ein Tag, um die Kreativität zu fördern und die Freude am Zeichnen und Skizzieren zu teilen.","true","{""day"": 16, ""month"": 5}","INT","2026-01-14 22:13:21.505836+01"
"Umarme-einen-Baum-Tag","Ein ökologisch motivierter Tag zur Wertschätzung und Bewahrung unserer Wälder und Bäume.","true","{""day"": 16, ""month"": 5}","INT","2026-01-14 22:13:21.505836+01"
"IDAHOBIT","Internationaler Tag gegen Homo-, Bi-, Inter- und Transfeindlichkeit zur Förderung der Gleichberechtigung.","true","{""day"": 17, ""month"": 5}","INT","2026-01-14 22:13:21.505836+01"
"Welttag der Telekommunikation","UN-Tag zur Bedeutung der Informations- und Kommunikationstechnologien für Gesellschaft und Wirtschaft.","true","{""day"": 17, ""month"": 5}","INT","2026-01-14 22:13:21.505836+01"
"Welthypertonietag","Aktionstag zur Aufklärung über Bluthochdruck sowie dessen Prävention und Behandlung.","true","{""day"": 17, ""month"": 5}","INT","2026-01-14 22:13:21.505836+01"
"Nationalfeiertag (Norwegen)","Gedenktag an die Unterzeichnung der norwegischen Verfassung in Eidsvoll im Jahr 1814.","true","{""day"": 17, ""month"": 5}","NO","2026-01-14 22:13:21.505836+01"
"Tag der Walnuss","Ein kulinarischer Gedenktag zur Wertschätzung der Walnuss als gesundes Lebensmittel.","true","{""day"": 17, ""month"": 5}","INT","2026-01-14 22:13:21.505836+01"
"Tag der Sammler (Pack-rat Day)","Ein humorvoller Tag für alle, die Schwierigkeiten haben, Dinge wegzuwerfen.","true","{""day"": 17, ""month"": 5}","INT","2026-01-14 22:13:21.505836+01"
"Internationaler Museumstag","Weltweiter Aktionstag zur Förderung der Museen als Orte des kulturellen Austauschs und der Bildung.","true","{""day"": 18, ""month"": 5}","INT","2026-01-14 22:13:21.505836+01"
"Welttag des HIV-Impfstoffs","Aktionstag zur Unterstützung der Forschung nach einem wirksamen Impfstoff gegen HIV.","true","{""day"": 18, ""month"": 5}","INT","2026-01-14 22:13:21.505836+01"
"Tag der Marshmallow-Creme","Kulinarischer Ehrentag für die süße Marshmallow-Fluff-Spezialität.","true","{""day"": 18, ""month"": 5}","US/INT","2026-01-14 22:13:21.505836+01"
"Besuch-deine-Verwandten-Tag","Ein Tag zur Pflege familiärer Bindungen und zum persönlichen Austausch mit Verwandten.","true","{""day"": 18, ""month"": 5}","INT","2026-01-14 22:13:21.505836+01"
"Schick-deinem-Freund-eine-Karte-Tag","Ein nostalgischer Tag, um Freunden eine Freude per Postkarte oder Brief zu bereiten.","true","{""day"": 18, ""month"": 5}","INT","2026-01-14 22:13:21.505836+01"
"Welttag der chronisch entzündlichen Darmerkrankungen","Internationaler Aktionstag (World IBD Day) zur Aufklärung über Morbus Crohn und Colitis ulcerosa.","true","{""day"": 19, ""month"": 5}","INT","2026-01-14 22:13:21.505836+01"
"Welt-Hausärzte-Tag","Gedenktag zur Anerkennung der hausärztlichen Versorgung und ihrer Bedeutung für die Gesellschaft.","true","{""day"": 19, ""month"": 5}","INT","2026-01-14 22:13:21.505836+01"
"Tag der Jugend und des Sports","Nationaler Feiertag in der Türkei zum Gedenken an den Beginn des Unabhängigkeitskrieges 1919.","true","{""day"": 19, ""month"": 5}","TR","2026-01-14 22:13:21.505836+01"
"Tag des Teufelskuchens","Ein kulinarischer Ehrentag für den reichhaltigen, dunklen Schokoladenkuchen (Devil's Food Cake).","true","{""day"": 19, ""month"": 5}","US/INT","2026-01-14 22:13:21.505836+01"
"May Ray Day","Ein Tag, um die warmen Sonnenstrahlen des Mais im Freien zu genießen und neue Kraft zu tanken.","true","{""day"": 19, ""month"": 5}","INT","2026-01-14 22:13:21.505836+01"
"Weltbienentag","UN-Aktionstag zur Sensibilisierung für die wichtige Rolle der Bienen als Bestäuber und deren Schutz.","true","{""day"": 20, ""month"": 5}","INT","2026-01-14 22:13:21.505836+01"
"Welt-Metrologie-Tag","Gedenktag zur Unterzeichnung der Meterkonvention 1875; Feier der Wissenschaft des Messens.","true","{""day"": 20, ""month"": 5}","INT","2026-01-14 22:13:21.505836+01"
"Welttag der klinischen Studien","Aktionstag zur Bedeutung der klinischen Forschung für den medizinischen Fortschritt.","true","{""day"": 20, ""month"": 5}","INT","2026-01-14 22:13:21.505836+01"
"Tag der Quiche Lorraine","Kulinarischer Ehrentag für den traditionellen herzhaften Speckkuchen aus Frankreich.","true","{""day"": 20, ""month"": 5}","INT","2026-01-14 22:13:21.505836+01"
"Erdbeer-Pflück-Tag","Ein Tag zur Feier der Erdbeerernte, der dazu einlädt, frische Beeren direkt vom Feld zu genießen.","true","{""day"": 20, ""month"": 5}","INT","2026-01-14 22:13:21.505836+01"
"Nationalfeiertag (Kamerun)","Gedenktag zur Gründung der Vereinigten Republik Kamerun im Jahr 1972.","true","{""day"": 20, ""month"": 5}","CM","2026-01-14 22:13:21.505836+01"
"Welttag der kulturellen Vielfalt für Dialog und Entwicklung","Ein von der UNESCO ausgerufener Tag zur Förderung der kulturellen Vielfalt und des friedlichen Zusammenlebens.","true","{""day"": 21, ""month"": 5}","INT","2026-01-15 08:21:14.267425+01"
"Internationaler Teetag","Ein UN-Gedenktag, der die Bedeutung der Teeproduktion für die ländliche Entwicklung und nachhaltige Landwirtschaft hervorhebt.","true","{""day"": 21, ""month"": 5}","INT","2026-01-15 08:21:14.267425+01"
"Weltmeditationstag","Ein Tag, der Menschen weltweit dazu aufruft, innezuhalten und die mentalen Vorteile der Meditation zu nutzen.","true","{""day"": 21, ""month"": 5}","INT","2026-01-15 08:21:14.267425+01"
"Sprich-wie-Yoda-Tag","Ein Fan-Feiertag zu Ehren des Star-Wars-Meisters, an dem man in seiner charakteristischen Wortstellung sprechen soll.","true","{""day"": 21, ""month"": 5}","INT","2026-01-15 08:21:14.267425+01"
"Welttag des Bewusstseins für Barrierefreiheit","Findet jährlich am dritten Donnerstag im Mai statt, um den digitalen Zugang für Menschen mit Behinderungen zu fördern.","false","{""month"": 5, ""occurrence"": [3], ""day_of_week"": ""Thursday""}","INT","2026-01-15 08:21:14.267425+01"
"Internationaler Tag der biologischen Vielfalt","Von den Vereinten Nationen ausgerufen, um das Bewusstsein für den Erhalt der weltweiten Artenvielfalt zu stärken.","true","{""day"": 22, ""month"": 5}","INT","2026-01-15 08:23:05.997771+01"
"Bitcoin Pizza Day","Erinnert an den 22. Mai 2010, als erstmals zwei Pizzen mit der Kryptowährung Bitcoin bezahlt wurden.","true","{""day"": 22, ""month"": 5}","INT","2026-01-15 08:23:05.997771+01"
"Gedenktag des Heiligen Rita von Cascia","Die Schutzpatronin in aussichtslosen Nöten, besonders verehrt in katholischen Regionen.","true","{""day"": 22, ""month"": 5}","DE","2026-01-15 08:23:05.997771+01"
"Sherlock Holmes Day","Ehrentag zu Ehren von Sir Arthur Conan Doyle, dem Schöpfer des berühmten Detektivs.","true","{""day"": 22, ""month"": 5}","INT","2026-01-15 08:23:05.997771+01"
"Tag des Schokoladen-Puddings","Ein kulinarischer Feiertag aus den USA (National Chocolate Pudding Day), der auch international Fans hat.","true","{""day"": 22, ""month"": 5}","INT","2026-01-15 08:23:05.997771+01"
"Kauf-dir-ein-Musikinstrument-Tag","Ein Aktionstag, der dazu motiviert, ein neues Instrument zu erlernen oder die lokale Musikszene zu unterstützen.","true","{""day"": 22, ""month"": 5}","INT","2026-01-15 08:23:05.997771+01"
"Harvey Milk Day","Ein Gedenktag in Kalifornien zu Ehren des Bürgerrechtlers der LGBTQ-Bewegung.","true","{""day"": 22, ""month"": 5}","US","2026-01-15 08:23:05.997771+01"
"Tag des Grundgesetzes","Gedenktag an die Verkündung des Grundgesetzes für die Bundesrepublik Deutschland im Jahr 1949.","true","{""day"": 23, ""month"": 5}","DE","2026-01-15 08:26:34.145052+01"
"Weltschildkrötentag","Ein von American Tortoise Rescue ins Leben gerufener Tag, um den Schutz von Schildkröten und deren Lebensräumen zu fördern.","true","{""day"": 23, ""month"": 5}","INT","2026-01-15 08:26:34.145052+01"
"Internationaler Tag zur Beendigung von Geburtsfisteln","Ein UN-Aktionstag zur Sensibilisierung für diese schwere Geburtsverletzung und zur Verbesserung der medizinischen Versorgung.","true","{""day"": 23, ""month"": 5}","INT","2026-01-15 08:26:34.145052+01"
"Glück-ist-ansteckend-Tag","Ein kurioser Feiertag (Lucky Is Penny Day / Happiness is Happens), der dazu anregt, positive Energie zu teilen.","true","{""day"": 23, ""month"": 5}","INT","2026-01-15 08:26:34.145052+01"
"Welt-MS-Tag","Internationaler Aktionstag, der auf Multiple Sklerose aufmerksam macht und Solidarität mit Betroffenen zeigt.","true","{""day"": 23, ""month"": 5}","INT","2026-01-15 08:26:34.145052+01"
"Tag der Verfassung (Südkorea)","Gedenktag zur Verabschiedung der Verfassung der Republik Korea.","true","{""day"": 23, ""month"": 5}","KR","2026-01-15 08:26:34.145052+01"
"Taffy-Tag","Ein kulinarischer Feiertag aus den USA, der der zähen Süßigkeit (Taffy) gewidmet ist.","true","{""day"": 23, ""month"": 5}","US","2026-01-15 08:26:34.145052+01"
"Europäischer Tag der Parke","Ein Aktionstag der Organisation EUROPARC, um die Bedeutung von Nationalparks und Schutzgebieten zu feiern.","true","{""day"": 24, ""month"": 5}","EU","2026-01-15 08:26:34.145052+01"
"Welttag der Fischwanderung","Ein globaler Tag zur Sensibilisierung für offene Flusssysteme und die Bedeutung wandernder Fischarten.","true","{""day"": 24, ""month"": 5}","INT","2026-01-15 08:26:34.145052+01"
"Tag der bulgarischen Aufklärung, Kultur und des slawischen Schrifttums","Ein staatlicher Feiertag zu Ehren der Brüder Kyrill und Method, den Erfindern des kyrillischen Alphabets.","true","{""day"": 24, ""month"": 5}","BG","2026-01-15 08:26:34.145052+01"
"Brother’s Day – Tag der Brüder","Ein inoffizieller Feiertag, der die besondere Bindung zwischen Brüdern würdigt.","true","{""day"": 24, ""month"": 5}","INT","2026-01-15 08:26:34.145052+01"
"Tiara-Tag","Ein kurioser Feiertag, der dazu einlädt, sich wie eine Prinzessin oder ein König zu fühlen.","true","{""day"": 24, ""month"": 5}","INT","2026-01-15 08:26:34.145052+01"
"Nationaler Escargot-Tag","Ein kulinarischer Feiertag aus den USA zu Ehren der Schnecke als Delikatesse.","true","{""day"": 24, ""month"": 5}","US","2026-01-15 08:26:34.145052+01"
"Tag der Unabhängigkeit (Eritrea)","Gedenktag an die Unabhängigkeit von Äthiopien im Jahr 1993.","true","{""day"": 24, ""month"": 5}","ER","2026-01-15 08:26:34.145052+01"
"Towel Day (Handtuchtag)","Gedenktag für Douglas Adams, an dem Fans als Anspielung auf sein Werk ein Handtuch mitführen.","true","{""day"": 25, ""month"": 5}","INT","2026-01-15 08:26:34.145052+01"
"Afrikatag","Gedenktag zur Gründung der Organisation für Afrikanische Einheit (OAU) im Jahr 1963.","true","{""day"": 25, ""month"": 5}","INT","2026-01-15 08:26:34.145052+01"
"Internationaler Tag der vermissten Kinder","Ein Tag zur Sensibilisierung für das Schicksal vermisster Kinder und zur Unterstützung der betroffenen Familien.","true","{""day"": 25, ""month"": 5}","INT","2026-01-15 08:26:34.145052+01"
"Tag des Weines","National Wine Day (USA) – Ein kulinarischer Gedenktag zur Feier der Weinkultur.","true","{""day"": 25, ""month"": 5}","US","2026-01-15 08:26:34.145052+01"
"Geek Pride Day (Stolz-ein-Nerds-zu-sein-Tag)","Ein Aktionstag zur Feier der Nerd-Kultur, passend zum Jahrestag der Premiere von Star Wars (1977).","true","{""day"": 25, ""month"": 5}","INT","2026-01-15 08:26:34.145052+01"
"Jahrestag der DSGVO","Erinnert an das Inkrafttreten der EU-Datenschutz-Grundverordnung am 25. Mai 2018.","true","{""day"": 25, ""month"": 5}","EU","2026-01-15 08:26:34.145052+01"
"Tag der Unabhängigkeit (Jordanien)","Nationalfeiertag zur Erinnerung an die Unabhängigkeit Jordaniens vom britischen Protektorat 1946.","true","{""day"": 25, ""month"": 5}","JO","2026-01-15 08:26:34.145052+01"
"National Sorry Day","Ein australischer Gedenktag zur Wiedergutmachung an den Aborigines, insbesondere der „Gestohlenen Generationen“.","true","{""day"": 26, ""month"": 5}","AU","2026-01-15 08:26:34.145052+01"
"Welt-Lindy-Hop-Tag","Ein Tag zu Ehren des Swing-Tanzes und des Geburtstags von Frankie Manning, einem der Pioniere dieses Tanzstils.","true","{""day"": 26, ""month"": 5}","INT","2026-01-15 08:26:34.145052+01"
"Tag des Blaubeer-Käsekuchens","National Blueberry Cheesecake Day – ein kulinarischer Aktionstag für Fans der fruchtigen Kuchenvariante.","true","{""day"": 26, ""month"": 5}","US","2026-01-15 08:26:34.145052+01"
"Dracula-Tag","Erinnert an die Erstveröffentlichung von Bram Stokers berühmtem Roman „Dracula“ am 26. Mai 1897.","true","{""day"": 26, ""month"": 5}","INT","2026-01-15 08:26:34.145052+01"
"Tag des Papierfliegers","National Paper Airplane Day – ein spielerischer Tag, der dazu einlädt, die einfachste Form der Luftfahrt zu feiern.","true","{""day"": 26, ""month"": 5}","INT","2026-01-15 08:26:34.145052+01"
"Unabhängigkeitstag (Georgien)","Nationalfeiertag zur Erinnerung an die Erklärung der Unabhängigkeit Georgiens im Jahr 1918.","true","{""day"": 26, ""month"": 5}","GE","2026-01-15 08:26:34.145052+01"
"Gedenktag des Heiligen Philipp Neri","Ein bedeutender katholischer Gedenktag für den „Apostel von Rom“ und Gründer des Oratoriums.","true","{""day"": 26, ""month"": 5}","INT","2026-01-15 08:26:34.145052+01"
"Tag des Sonnenschutzes","Ein Aktionstag in Deutschland, der über die Gefahren von UV-Strahlung und die richtige Vorsorge informiert.","true","{""day"": 27, ""month"": 5}","DE","2026-01-15 08:26:34.145052+01"
"Nationaler Sonnencreme-Tag","Ein aus den USA stammender Tag (National Sunscreen Day), der pünktlich zum Sommerbeginn an den Hautschutz erinnert.","true","{""day"": 27, ""month"": 5}","INT","2026-01-15 08:26:34.145052+01"
"Welttag des Purzelbaums","Ein spielerischer Tag, der dazu anregt, sich sportlich zu betätigen und die kindliche Freude an der Bewegung wiederzuentdecken.","true","{""day"": 27, ""month"": 5}","INT","2026-01-15 08:26:34.145052+01"
"Tag der italienischen Kinderrechte","Erinnert an die Ratifizierung der UN-Kinderrechtskonvention in Italien im Jahr 1991.","true","{""day"": 27, ""month"": 5}","IT","2026-01-15 08:26:34.145052+01"
"Nichts-geht-mehr-Tag","Nothing to Fear Day – ein kurioser Gedenktag, der auf die berühmte Antrittsrede von F.D. Roosevelt anspielt („The only thing we have to fear is fear itself“).","true","{""day"": 27, ""month"": 5}","INT","2026-01-15 08:26:34.145052+01"
"Zellophan-Tag","Feiert die Patentierung des Zellophans durch Jacques E. Brandenberger im Jahr 1906.","true","{""day"": 27, ""month"": 5}","INT","2026-01-15 08:26:34.145052+01"
"Gedenktag des Heiligen Augustinus von Canterbury","Gedenktag des ersten Erzbischofs von Canterbury und „Apostels der Engländer“.","true","{""day"": 27, ""month"": 5}","UK","2026-01-15 08:26:34.145052+01"
"Weltspieltag","Ein Aktionstag, der das Recht von Kindern auf freies Spiel und Bewegung im öffentlichen Raum betont.","true","{""day"": 28, ""month"": 5}","INT","2026-01-15 08:26:34.145052+01"
"Internationaler Tag des Burgers","Ein kulinarischer Feiertag zu Ehren des Hamburgers, einem der weltweit beliebtesten Fast-Food-Gerichte.","true","{""day"": 28, ""month"": 5}","INT","2026-01-15 08:26:34.145052+01"
"Welttag des Hungers","World Hunger Day – macht auf die globale Hungerkrise aufmerksam und fördert nachhaltige Lösungen zur Selbsthilfe.","true","{""day"": 28, ""month"": 5}","INT","2026-01-15 08:26:34.145052+01"
"Welt-Blutkrebs-Tag","World Blood Cancer Day – ein Aktionstag zur Solidarität mit Betroffenen und zur Förderung von Stammzellspenden.","true","{""day"": 28, ""month"": 5}","INT","2026-01-15 08:26:34.145052+01"
"Internationaler Tag der Menstruationshygiene","Ein Tag zur Enttabuisierung der Menstruation und zur Verbesserung der hygienischen Bedingungen weltweit.","true","{""day"": 28, ""month"": 5}","INT","2026-01-15 08:26:34.145052+01"
"Internationaler Aktionstag für Frauengesundheit","Fokussiert auf das Recht von Frauen auf das bestmögliche Maß an körperlicher und geistiger Gesundheit.","true","{""day"": 28, ""month"": 5}","INT","2026-01-15 08:26:34.145052+01"
"Tag der Republik (Aserbaidschan/Armenien)","Gedenktag an die Gründung der ersten demokratischen Republiken im Kaukasus im Jahr 1918.","true","{""day"": 28, ""month"": 5}","AZ/AM","2026-01-15 08:26:34.145052+01"
"Internationaler Tag der UN-Friedenstruppen","Ein Gedenktag zu Ehren der „Blauhelme“, die im Dienst der Vereinten Nationen für den Frieden weltweit ihr Leben riskierten.","true","{""day"": 29, ""month"": 5}","INT","2026-01-15 08:26:34.145052+01"
"Welttag der Verdauungsgesundheit","World Digestive Health Day – ein Aktionstag zur Aufklärung über die Prävention und Behandlung von Magen-Darm-Erkrankungen.","true","{""day"": 29, ""month"": 5}","INT","2026-01-15 08:26:34.145052+01"
"Tag des Kekses auf dem Kissen","Put a Pillow on Your Fridge Day – ein bizarrer Brauch, der Wohlstand und Glück in den Haushalt bringen soll.","true","{""day"": 29, ""month"": 5}","INT","2026-01-15 08:26:34.145052+01"
"Büroklammer-Tag","National Paperclip Day – feiert die Erfindung dieses kleinen, aber unverzichtbaren Bürohelfers.","true","{""day"": 29, ""month"": 5}","INT","2026-01-15 08:26:34.145052+01"
"Lerne-über-Kompost-Tag","Learn About Composting Day – ein ökologischer Aktionstag zur Förderung der Bodenfruchtbarkeit durch Kompostierung.","true","{""day"": 29, ""month"": 5}","INT","2026-01-15 08:26:34.145052+01"
"End-of-the-Middle-Ages-Tag","Erinnert an den Fall von Konstantinopel im Jahr 1453, was oft als das Ende des Mittelalters angesehen wird.","true","{""day"": 29, ""month"": 5}","INT","2026-01-15 08:26:34.145052+01"
"Mount Everest Tag","Gedenkt der Erstbesteigung des Mount Everest durch Edmund Hillary und Tenzing Norgay im Jahr 1953.","true","{""day"": 29, ""month"": 5}","NP","2026-01-15 08:26:34.145052+01"
"Welt-MS-Tag","Internationaler Aktionstag, der auf Multiple Sklerose aufmerksam macht und Solidarität mit Betroffenen zeigt.","true","{""day"": 30, ""month"": 5}","INT","2026-01-15 08:26:34.145052+01"
"Tag der Gießkanne","Ein kurioser Feiertag, der die Gartenarbeit und das nützliche Utensil zur Bewässerung würdigt.","true","{""day"": 30, ""month"": 5}","INT","2026-01-15 08:26:34.145052+01"
"Loomis-Tag","Gedenktag für Mahlon Loomis, der 1872 ein Patent für die drahtlose Telegrafie erhielt.","true","{""day"": 30, ""month"": 5}","US","2026-01-15 08:26:34.145052+01"
"Nationaler Tag der Minze","National Mint Julep Day / Mint Day – Ein kulinarischer Tag zu Ehren der Minze und ihrer vielseitigen Verwendung.","true","{""day"": 30, ""month"": 5}","US","2026-01-15 08:26:34.145052+01"
"Kreativitätstag","Ein inoffizieller Tag, der dazu aufruft, neue Ideen zu entwickeln und die eigene schöpferische Kraft auszuleben.","true","{""day"": 30, ""month"": 5}","INT","2026-01-15 08:26:34.145052+01"
"Gedenktag der Heiligen Johanna von Orléans","Gedenktag der Jungfrau von Orléans, der französischen Nationalheldin, an ihrem Todestag.","true","{""day"": 30, ""month"": 5}","FR","2026-01-15 08:26:34.145052+01"
"Gedenktag der heiligen Walburga","In einigen Regionen das Fest der heiligen Walburga (neben dem 1. Mai), Schutzpatronin gegen Krankheiten.","true","{""day"": 30, ""month"": 5}","DE","2026-01-15 08:26:34.145052+01"
"Weltnichtrauchertag","Ein von der WHO ausgerufener Aktionstag, um auf die gesundheitlichen Risiken des Tabakkonsums aufmerksam zu machen.","true","{""day"": 31, ""month"": 5}","INT","2026-01-15 08:26:34.145052+01"
"Internationaler Tag der Flugbegleiter","Auch bekannt als Tag der Stewardess/des Stewards, zur Anerkennung der Arbeit des Kabinenpersonals.","true","{""day"": 31, ""month"": 5}","INT","2026-01-15 08:26:34.145052+01"
"Welttag der Papageien","Ein Tag, um auf die Bedrohung vieler Papageienarten und den Schutz ihrer Lebensräume hinzuweisen.","true","{""day"": 31, ""month"": 5}","INT","2026-01-15 08:26:34.145052+01"
"Lächle-deinen-Schatten-an-Tag","Ein kurioser Feiertag, der dazu einlädt, sich selbst und die eigenen Unvollkommenheiten mit Humor zu nehmen.","true","{""day"": 31, ""month"": 5}","INT","2026-01-15 08:26:34.145052+01"
"Nationaler Tag des Makronen-Gebäcks","National Macaroon Day – ein kulinarischer Gedenktag zu Ehren der Kokosmakronen.","true","{""day"": 31, ""month"": 5}","US","2026-01-15 08:26:34.145052+01"
"Gedenktag Maria Heimsuchung","Ein katholisches Fest, das an den Besuch der schwangeren Maria bei ihrer Cousine Elisabet erinnert.","true","{""day"": 31, ""month"": 5}","INT","2026-01-15 08:26:34.145052+01"
"Was-du-heute-kannst-besorgen-Tag","In Anlehnung an das Sprichwort ein Tag gegen Prokrastination (Finish Everything Day).","true","{""day"": 31, ""month"": 5}","INT","2026-01-15 08:26:34.145052+01"
"Internationaler Kindertag","Ein in über 40 Ländern gefeierter Tag, um auf die Rechte und Bedürfnisse von Kindern aufmerksam zu machen.","true","{""day"": 1, ""month"": 6}","INT","2026-01-15 08:30:43.387248+01"
"Weltmilchtag","Ein von der FAO und dem Internationalen Milchwirtschaftsverband ausgerufener Tag zur Bewerbung von Milch als gesundes Lebensmittel.","true","{""day"": 1, ""month"": 6}","INT","2026-01-15 08:30:43.387248+01"
"Weltelternstag","Ein von den Vereinten Nationen initiierter Tag, um die wertvolle Arbeit von Eltern weltweit zu würdigen.","true","{""day"": 1, ""month"": 6}","INT","2026-01-15 08:30:43.387248+01"
"Meteorologischer Sommeranfang","Der offizielle Beginn des Sommers aus Sicht der Meteorologie auf der Nordhalbkugel.","true","{""day"": 1, ""month"": 6}","INT","2026-01-15 08:30:43.387248+01"
"Heimatriegel-Tag","Say Something Nice Day – ein Tag, der dazu aufruft, Mitmenschen ein nettes Wort oder ein Kompliment zu schenken.","true","{""day"": 1, ""month"": 6}","INT","2026-01-15 08:30:43.387248+01"
"Global Day of Running","Ein weltweiter Aktionstag (häufig um den 1. Juni), der Menschen dazu bewegen soll, die Laufschuhe zu schnüren.","true","{""day"": 1, ""month"": 6}","INT","2026-01-15 08:30:43.387248+01"
"Tag der Unabhängigkeit (Samoa)","Nationalfeiertag zur Erinnerung an die Unabhängigkeit von Neuseeland im Jahr 1962.","true","{""day"": 1, ""month"": 6}","WS","2026-01-15 08:30:43.387248+01"
"Festa della Repubblica","Der Nationalfeiertag Italiens erinnert an die Volksabstimmung von 1946, bei der sich die Italiener für die Republik entschieden.","true","{""day"": 2, ""month"": 6}","IT","2026-01-15 08:30:43.387248+01"
"Ich-liebe-meinen-Zahnarzt-Tag","I Love My Dentist Day – ein Tag, um die Arbeit von Zahnärzten zu würdigen und die Angst vor dem Bohrer zu nehmen.","true","{""day"": 2, ""month"": 6}","INT","2026-01-15 08:30:43.387248+01"
"Welttag der sozialen Kommunikationsmittel","Ein von der katholischen Kirche ausgerufener Tag, der die Bedeutung moderner Medien für die Gesellschaft beleuchtet.","true","{""day"": 2, ""month"": 6}","INT","2026-01-15 08:30:43.387248+01"
"Nationaler Tag des Rocky Road Eises","Ein kulinarischer Feiertag aus den USA zu Ehren der Eissorte mit Schokolade, Marshmallows und Nüssen.","true","{""day"": 2, ""month"": 6}","US","2026-01-15 08:30:43.387248+01"
"Lass-uns-irgendetwas-aufbauen-Tag","Let’s Go Build Something Day – ein Aktionstag, der die Kreativität und das handwerkliche Geschick fördern soll.","true","{""day"": 2, ""month"": 6}","INT","2026-01-15 08:30:43.387248+01"
"Welttag für die Aufklärung über Essstörungen","World Eating Disorders Action Day – ein globaler Tag zur Sensibilisierung und Unterstützung Betroffener.","true","{""day"": 2, ""month"": 6}","INT","2026-01-15 08:30:43.387248+01"
"Tag der Verfassung (Thailand)","Gedenktag an die Einführung der ersten dauerhaften Verfassung im Jahr 1932.","true","{""day"": 2, ""month"": 6}","TH","2026-01-15 08:30:43.387248+01"
"Europäischer Tag des Fahrrads","Ein Aktionstag, der seit 1998 auf das Fahrrad als umweltfreundliches und gesundes Verkehrsmittel aufmerksam macht.","true","{""day"": 3, ""month"": 6}","EU","2026-01-15 08:30:43.387248+01"
"Welttag des Fahrrads","Der offizielle UN-Tag zur Förderung des Radfahrens als nachhaltiges Transportmittel.","true","{""day"": 3, ""month"": 6}","INT","2026-01-15 08:30:43.387248+01"
"Tag des Schokoladen-Macarons","Ein kulinarischer Gedenktag zu Ehren der französischen Schokoladen-Baisers.","true","{""day"": 3, ""month"": 6}","INT","2026-01-15 08:30:43.387248+01"
"Nationaler Tag des Donuts","Aktionstag, der auf den von der Heilsarmee geprägten Doughnut Day zurückgeht.","true","{""day"": 3, ""month"": 6}","US","2026-01-15 08:30:43.387248+01"
"Gedenktag der Märtyrer von Uganda","Ein christlicher Feiertag zu Ehren der jungen Männer, die im 19. Jahrhundert wegen ihres Glaubens hingerichtet wurden.","true","{""day"": 3, ""month"": 6}","UG","2026-01-15 08:30:43.387248+01"
"Chimborazo-Tag","Erinnert an den Berg Chimborazo in Ecuador, dessen Gipfel aufgrund der Erdausbauchung der sonnennächste Punkt der Erde ist.","true","{""day"": 3, ""month"": 6}","INT","2026-01-15 08:30:43.387248+01"
"Mabo-Tag","Gedenktag an Eddie Mabo, der eine historische Entscheidung für die Landrechte der indigenen Bevölkerung Australiens herbeiführte.","true","{""day"": 3, ""month"": 6}","AU","2026-01-15 08:30:43.387248+01"
"Internationaler Tag der unschuldigen Kinder, die zu Aggressionsopfern wurden","Ein UN-Gedenktag, um an das Leid von Kindern zu erinnern, die weltweit Opfer von physischer, psychischer und emotionaler Gewalt werden.","true","{""day"": 4, ""month"": 6}","INT","2026-01-15 08:30:43.387248+01"
"Tag des Käses","National Cheese Day – Ein inoffizieller kulinarischer Feiertag zur Feier der Vielfalt und Tradition der Käseherstellung.","true","{""day"": 4, ""month"": 6}","INT","2026-01-15 08:30:43.387248+01"
"Wandere-barfuß-Tag","Old Maid's Day / Barefoot Day – Ein Tag, der dazu einlädt, die Natur direkt unter den Füßen zu spüren und die Erdung zu fördern.","true","{""day"": 4, ""month"": 6}","INT","2026-01-15 08:30:43.387248+01"
"Tag der kognitiven Freiheit","Ein Tag, der das Recht jedes Menschen betont, über den eigenen Bewusstseinszustand selbst zu bestimmen.","true","{""day"": 4, ""month"": 6}","INT","2026-01-15 08:30:43.387248+01"
"Tag der Befreiung (Tonga)","Emancipation Day – Nationalfeiertag zur Erinnerung an die Abschaffung der Leibeigenschaft im Jahr 1862.","true","{""day"": 4, ""month"": 6}","TO","2026-01-15 08:30:43.387248+01"
"Tag des Cognacs","Ein kulinarischer Gedenktag zu Ehren des französischen Weinbrandes aus der Region Cognac.","true","{""day"": 4, ""month"": 6}","INT","2026-01-15 08:30:43.387248+01"
"Hugenottentag","Erinnert an die Geschichte und das kulturelle Erbe der französischen Protestanten (Hugenotten).","true","{""day"": 4, ""month"": 6}","FR/DE","2026-01-15 08:30:43.387248+01"
"Weltumwelttag","Der wichtigste Aktionstag der UN zur Förderung des weltweiten Bewusstseins und Handelns zum Schutz unserer Umwelt.","true","{""day"": 5, ""month"": 6}","INT","2026-01-15 08:30:43.387248+01"
"Internationaler Tag gegen illegale Fischerei","Ein UN-Tag zur Bekämpfung der illegalen, unangemeldeten und unregulierten Fischerei (IUU).","true","{""day"": 5, ""month"": 6}","INT","2026-01-15 08:30:43.387248+01"
"Tag des Ketchup","National Ketchup Day – Ein kulinarischer Gedenktag zu Ehren der weltweit beliebten Tomatensauce.","true","{""day"": 5, ""month"": 6}","INT","2026-01-15 08:30:43.387248+01"
"Heißluftballon-Tag","Hot Air Balloon Day – Erinnert an die erste öffentliche Vorführung eines Heißluftballons durch die Brüder Montgolfier im Jahr 1783.","true","{""day"": 5, ""month"": 6}","INT","2026-01-15 08:30:43.387248+01"
"Grundgesetz-Tag (Dänemark)","Grundlovsdag – Der dänische Nationalfeiertag zur Erinnerung an die erste Verfassung von 1849.","true","{""day"": 5, ""month"": 6}","DK","2026-01-15 08:30:43.387248+01"
"Tag der Befreiung (Seychellen)","Gedenktag an den Staatsstreich von 1977, der als Beginn der Unabhängigkeitsentwicklung gefeiert wird.","true","{""day"": 5, ""month"": 6}","SC","2026-01-15 08:30:43.387248+01"
"Gedenktag des Heiligen Bonifatius","Gedenktag des „Apostels der Deutschen“, der als einer der bedeutendsten Missionare des Abendlandes gilt.","true","{""day"": 5, ""month"": 6}","DE","2026-01-15 08:30:43.387248+01"
"D-Day Gedenktag","Erinnert an die Landung der alliierten Truppen in der Normandie im Jahr 1944 während des Zweiten Weltkriegs.","true","{""day"": 6, ""month"": 6}","INT","2026-01-15 08:30:43.387248+01"
"Tag der Sehbehinderten","Ein in Deutschland vom DBSV eingeführter Aktionstag, um auf die Barrieren und Bedürfnisse von Menschen mit Sehbehinderung aufmerksam zu machen.","true","{""day"": 6, ""month"": 6}","DE","2026-01-15 08:30:43.387248+01"
"Nationalfeiertag Schweden","Sveriges nationaldag – erinnert an die Wahl von Gustav I. Wasa zum König (1523) und die Verfassung von 1809.","true","{""day"": 6, ""month"": 6}","SE","2026-01-15 08:30:43.387248+01"
"UN-Tag der russischen Sprache","Etabliert von der UNESCO am Geburtstag des Dichters Alexander Puschkin, um die Mehrsprachigkeit zu fördern.","true","{""day"": 6, ""month"": 6}","INT","2026-01-15 08:30:43.387248+01"
"Tag der jodelnden Gärtner","Ein kurioser Gedenktag (Yo-Yo Day / Gardening Fine), der zwei eher gegensätzliche Hobbys spielerisch verbindet.","true","{""day"": 6, ""month"": 6}","INT","2026-01-15 08:30:43.387248+01"
"Welt-Schädlings-Tag","World Pest Day – soll das Bewusstsein für die Rolle des Schädlingsmanagements beim Schutz von Gesundheit und Eigentum schärfen.","true","{""day"": 6, ""month"": 6}","INT","2026-01-15 08:30:43.387248+01"
"Tag des Apfelstrudels","National Apple Strudel Day – ein kulinarischer Feiertag zu Ehren der traditionellen Mehlspeise.","true","{""day"": 6, ""month"": 6}","INT","2026-01-15 08:30:43.387248+01"
"Welttag der Lebensmittelsicherheit","Ein von der WHO und FAO ausgerufener Tag, um das Bewusstsein für die Vermeidung von Lebensmittelrisiken zu schärfen.","true","{""day"": 7, ""month"": 6}","INT","2026-01-15 08:30:43.387248+01"
"VCR-Tag","Ein nostalgischer Gedenktag zu Ehren des Videorekorders (Video Cassette Recorder) und der Ära der VHS.","true","{""day"": 7, ""month"": 6}","INT","2026-01-15 08:30:43.387248+01"
"Tag der Videospiele","Ein Tag zur Feier der Gaming-Kultur und der technologischen Entwicklung von Videospielen.","true","{""day"": 7, ""month"": 6}","INT","2026-01-15 08:30:43.387248+01"
"Schokoladeneis-Tag","National Chocolate Ice Cream Day – Ein kulinarischer Klassiker unter den Food-Feiertagen.","true","{""day"": 7, ""month"": 6}","US","2026-01-15 08:30:43.387248+01"
"Tag der Journalisten (Argentinien)","Gedenktag an die Gründung der ersten unabhängigen Zeitung „Gazeta de Buenos Ayres“ im Jahr 1810.","true","{""day"": 7, ""month"": 6}","AR","2026-01-15 08:30:43.387248+01"
"Gedenktag des Heiligen Koloman","Ein irischer Pilger, der als Schutzpatron der Reisenden und des Viehs verehrt wird.","true","{""day"": 7, ""month"": 6}","AT/DE","2026-01-15 08:30:43.387248+01"
"Tag der Unabhängigkeit (Norwegen)","Erinnert an die Auflösung der Union mit Schweden im Jahr 1905.","true","{""day"": 7, ""month"": 6}","NO","2026-01-15 08:30:43.387248+01"
"Welttag der Ozeane","Ein UN-Aktionstag, um auf die ökologische Bedeutung der Weltmeere und die Gefahren durch Verschmutzung und Überfischung hinzuweisen.","true","{""day"": 8, ""month"": 6}","INT","2026-01-15 08:30:43.387248+01"
"Welthirntumortag","Ein von der Deutschen Hirntumorhilfe initiierter Tag, um die Aufmerksamkeit für diese seltene Krebserkrankung zu erhöhen.","true","{""day"": 8, ""month"": 6}","INT","2026-01-15 08:30:43.387248+01"
"Bester-Freund-Tag","Best Friends Day – Ein Tag, um die engsten Freundschaften im Leben zu feiern und zu würdigen.","true","{""day"": 8, ""month"": 6}","INT","2026-01-15 08:30:43.387248+01"
"Tag des Ghostbusters-Films","Ghostbusters Day – Erinnert an die Premiere des Originalfilms im Jahr 1984.","true","{""day"": 8, ""month"": 6}","INT","2026-01-15 08:30:43.387248+01"
"Name-deinen-Giftzwerg-Tag","Name Your Poison Day – Ein kurioser Tag, der dazu einlädt, sich bewusst für eine (kleine) Sünde oder ein Laster zu entscheiden.","true","{""day"": 8, ""month"": 6}","INT","2026-01-15 08:30:43.387248+01"
"Tag der Upsy-Daisy","Upsy Daisy Day – Ein positiver Tag, der dazu anregt, mit einem Lächeln aufzustehen und den Tag optimistisch zu beginnen.","true","{""day"": 8, ""month"": 6}","INT","2026-01-15 08:30:43.387248+01"
"Bounty-Meuterei-Tag","Bounty Day – Erinnert an die Ankunft der Meuterer der Bounty auf der Insel Pitcairn oder (auf Norfolk Island) an die Umsiedlung ihrer Nachfahren.","true","{""day"": 8, ""month"": 6}","PN","2026-01-15 08:30:43.387248+01"
"Donald-Duck-Tag","Erinnert an das Leinwanddebüt der berühmtesten Ente der Welt im Film „The Wise Little Hen“ (Die kluge kleine Henne) im Jahr 1934.","true","{""day"": 9, ""month"": 6}","INT","2026-01-15 08:30:43.387248+01"
"Internationaler Archivtag","Ein Aktionstag des Internationalen Archivrats (ICA), um auf die Bedeutung von Archiven für Geschichte und Transparenz hinzuweisen.","true","{""day"": 9, ""month"": 6}","INT","2026-01-15 08:30:43.387248+01"
"Welttag der Akkreditierung","Ein globaler Aktionstag, um den Wert der Akkreditierung in Wirtschaft und Qualitätssicherung hervorzuheben.","true","{""day"": 9, ""month"": 6}","INT","2026-01-15 08:30:43.387248+01"
"Tag der Erdbeertorte","National Strawberry Rhubarb Pie Day – Ein kulinarischer Gedenktag für die klassische Kombination aus Erdbeeren und Rhabarber.","true","{""day"": 9, ""month"": 6}","INT","2026-01-15 08:30:43.387248+01"
"Tag der Helden (Uganda)","Ein staatlicher Feiertag zu Ehren der Menschen, die im Befreiungskampf Ugandas ihr Leben ließen.","true","{""day"": 9, ""month"": 6}","UG","2026-01-15 08:30:43.387248+01"
"Gedenktag des Heiligen Ephräm der Syrer","Ehrt den Kirchenlehrer und Hymnendichter, der im 4. Jahrhundert lebte.","true","{""day"": 9, ""month"": 6}","INT","2026-01-15 08:30:43.387248+01"
"Schreib-eine-Rezension-Tag","Write a Review Day – Ein Tag, der dazu animiert, Feedback für Dienstleistungen oder Produkte zu hinterlassen.","true","{""day"": 9, ""month"": 6}","INT","2026-01-15 08:30:43.387248+01"
"Kindersicherheitstag","Ein vom BAG Mehr Sicherheit für Kinder e.V. organisierter Aktionstag zur Vermeidung von Kinderunfällen.","true","{""day"": 10, ""month"": 6}","DE","2026-01-15 08:30:43.387248+01"
"Welttag des Jugendstils","World Art Nouveau Day – feiert das Erbe und die Architektur des Jugendstils am Todestag der Architekten Antoni Gaudí und Ödön Lechner.","true","{""day"": 10, ""month"": 6}","INT","2026-01-15 08:30:43.387248+01"
"Portugal-Tag","Dia de Portugal – der Nationalfeiertag Portugals zu Ehren des Dichters Luís de Camões.","true","{""day"": 10, ""month"": 6}","PT","2026-01-15 08:30:43.387248+01"
"Kugelschreiber-Tag","Ballpoint Pen Day – erinnert an die Patentierung des modernen Kugelschreibers durch László Bíró im Jahr 1943.","true","{""day"": 10, ""month"": 6}","INT","2026-01-15 08:30:43.387248+01"
"Tag des Eistees","National Iced Tea Day – ein kulinarischer Aktionstag, der besonders im Sommer für Erfrischung wirbt.","true","{""day"": 10, ""month"": 6}","INT","2026-01-15 08:30:43.387248+01"
"Kräuter-und-Gewürze-Tag","Herbs and Spices Day – ein Tag, um die kulinarische und heilende Wirkung von Kräutern zu zelebrieren.","true","{""day"": 10, ""month"": 6}","INT","2026-01-15 08:30:43.387248+01"
"Gedenktag zur Versöhnung (Lidice)","Erinnert an die Zerstörung des tschechischen Dorfes Lidice durch die Nationalsozialisten im Jahr 1942.","true","{""day"": 10, ""month"": 6}","CZ","2026-01-15 08:30:43.387248+01"
"Kindersicherheitstag","Ein vom BAG Mehr Sicherheit für Kinder e.V. organisierter Aktionstag zur Vermeidung von Kinderunfällen.","true","{""day"": 10, ""month"": 6}","DE","2026-01-15 08:35:50.494163+01"
"Welttag des Jugendstils","World Art Nouveau Day – feiert das Erbe und die Architektur des Jugendstils am Todestag der Architekten Antoni Gaudí und Ödön Lechner.","true","{""day"": 10, ""month"": 6}","INT","2026-01-15 08:35:50.494163+01"
"Portugal-Tag","Dia de Portugal – der Nationalfeiertag Portugals zu Ehren des Dichters Luís de Camões.","true","{""day"": 10, ""month"": 6}","PT","2026-01-15 08:35:50.494163+01"
"Kugelschreiber-Tag","Ballpoint Pen Day – erinnert an die Patentierung des modernen Kugelschreibers durch László Bíró im Jahr 1943.","true","{""day"": 10, ""month"": 6}","INT","2026-01-15 08:35:50.494163+01"
"Tag des Eistees","National Iced Tea Day – ein kulinarischer Aktionstag, der besonders im Sommer für Erfrischung wirbt.","true","{""day"": 10, ""month"": 6}","INT","2026-01-15 08:35:50.494163+01"
"Kräuter-und-Gewürze-Tag","Herbs and Spices Day – ein Tag, um die kulinarische und heilende Wirkung von Kräutern zu zelebrieren.","true","{""day"": 10, ""month"": 6}","INT","2026-01-15 08:35:50.494163+01"
"Gedenktag zur Versöhnung (Lidice)","Erinnert an die Zerstörung des tschechischen Dorfes Lidice durch die Nationalsozialisten im Jahr 1942.","true","{""day"": 10, ""month"": 6}","CZ","2026-01-15 08:35:50.494163+01"
"Kamehameha-Tag","Ein Feiertag auf Hawaii zu Ehren von König Kamehameha I., der die hawaiianischen Inseln vereinte.","true","{""day"": 11, ""month"": 6}","US-HI","2026-01-15 08:35:50.494163+01"
"Tag des Maiskolbens","Corn on the Cob Day – Ein kulinarischer Gedenktag zur Feier des frisch zubereiteten Maiskolbens, meist gegrillt oder gekocht.","true","{""day"": 11, ""month"": 6}","INT","2026-01-15 08:35:50.494163+01"
"Deutscher-Schokoladenkuchen-Tag","National German Chocolate Cake Day – Trotz des Namens eine US-amerikanische Erfindung (benannt nach Sam German).","true","{""day"": 11, ""month"": 6}","US","2026-01-15 08:35:50.494163+01"
"Tag der Autoliebhaber","Ein inoffizieller Tag für Enthusiasten, um die Pflege und Leidenschaft für das eigene Automobil zu zelebrieren.","true","{""day"": 11, ""month"": 6}","INT","2026-01-15 08:35:50.494163+01"
"Gedenktag des Heiligen Barnabas","Barnabastag – Gedenktag des Apostels Barnabas, der oft mit der Hoffnung auf eine gute Ernte verbunden wird.","true","{""day"": 11, ""month"": 6}","INT","2026-01-15 08:35:50.494163+01"
"Cousteau-Tag","Erinnert an den Geburtstag des berühmten Meeresforschers Jacques-Yves Cousteau (1910).","true","{""day"": 11, ""month"": 6}","INT","2026-01-15 08:35:50.494163+01"
"Tag der Befreiung (Libyen)","Gedenktag an den Abzug der US-Truppen vom Luftwaffenstützpunkt Wheelus im Jahr 1970.","true","{""day"": 11, ""month"": 6}","LY","2026-01-15 08:35:50.494163+01"
"Welttag gegen Kinderarbeit","Ein von der Internationalen Arbeitsorganisation (ILO) ausgerufener Tag, um die Ausbeutung von Kindern weltweit zu beenden.","true","{""day"": 12, ""month"": 6}","INT","2026-01-15 08:35:50.494163+01"
"Anne-Frank-Tag","Ein bundesweiter Aktionstag an Schulen gegen Antisemitismus und Rassismus, am Geburtstag von Anne Frank.","true","{""day"": 12, ""month"": 6}","DE","2026-01-15 08:35:50.494163+01"
"Internationaler Tag des Falafel","International Falafel Day – Ein kulinarischer Gedenktag zur Feier der beliebten Kichererbsenbällchen aus dem Nahen Osten.","true","{""day"": 12, ""month"": 6}","INT","2026-01-15 08:35:50.494163+01"
"Loving Day","Erinnert an das Urteil des US Supreme Court von 1967, das Verbote von interrassischen Ehen für verfassungswidrig erklärte.","true","{""day"": 12, ""month"": 6}","US","2026-01-15 08:35:50.494163+01"
"Russland-Tag","Der Nationalfeiertag der Russischen Föderation zur Erinnerung an die Annahme der Erklärung über die staatliche Souveränität 1990.","true","{""day"": 12, ""month"": 6}","RU","2026-01-15 08:35:50.494163+01"
"Tag der Unabhängigkeit (Philippinen)","Araw ng Kalayaan – Gedenktag an die Unabhängigkeitserklärung von Spanien im Jahr 1898.","true","{""day"": 12, ""month"": 6}","PH","2026-01-15 08:35:50.494163+01"
"Rotes-Eis-Tag","National Red Rose Bud Day / Red Rose Day – Ein Tag, der sowohl der Blume als auch roten Fruchteissorten gewidmet sein kann.","true","{""day"": 12, ""month"": 6}","INT","2026-01-15 08:35:50.494163+01"
"Tag des Supermanns","Superman Day – Ein von DC Comics initiierter Tag zur Feier des ersten ""Superhelden"" der Comicgeschichte.","true","{""day"": 12, ""month"": 6}","INT","2026-01-15 08:35:50.494163+01"
"Internationaler Albinismus-Tag","Ein von den Vereinten Nationen ausgerufener Tag, um auf die Menschenrechte von Personen mit Albinismus aufmerksam zu machen.","true","{""day"": 13, ""month"": 6}","INT","2026-01-15 08:35:50.494163+01"
"Tag der Nähmaschine","Erinnert an die Patentierung der ersten funktionstüchtigen Nähmaschine durch Thomas Saint im Jahr 1790.","true","{""day"": 13, ""month"": 6}","INT","2026-01-15 08:35:50.494163+01"
"Gedenktag des Heiligen Antonius von Padua","Einer der beliebtesten Heiligen der katholischen Kirche, Patron der Suchenden und der Armen.","true","{""day"": 13, ""month"": 6}","INT","2026-01-15 08:35:50.494163+01"
"Tag der Axt werfenden Frauen","International Axe Throwing Day – Ein sportlicher Aktionstag, der die wachsende Popularität des Axtwerfens feiert.","true","{""day"": 13, ""month"": 6}","INT","2026-01-15 08:35:50.494163+01"
"Schlage-eine-Pfanne-Tag","Kitchen Klutzes of America Day – Ein humorvoller Tag für alle, die in der Küche eher ungeschickt sind.","true","{""day"": 13, ""month"": 6}","US","2026-01-15 08:35:50.494163+01"
"Tag der Befreiung (Jemen)","Ein regionaler Gedenktag zur Erinnerung an historische politische Umbrüche im Land.","true","{""day"": 13, ""month"": 6}","YE","2026-01-15 08:35:50.494163+01"
"Tag der weichen Eiscreme","National Soft Serve Ice Cream Day – Ein kulinarischer Gedenktag für die cremige Variante des Speiseeises.","true","{""day"": 13, ""month"": 6}","INT","2026-01-15 08:35:50.494163+01"
"Weltblutspendetag","Ein von der WHO ausgerufener Tag, um freiwilligen Blutspendern zu danken und das Bewusstsein für die Notwendigkeit sicherer Blutkonserven zu schärfen.","true","{""day"": 14, ""month"": 6}","INT","2026-01-15 08:35:50.494163+01"
"Flag Day (Tag der Flagge)","Gedenktag an die Annahme der Flagge der Vereinigten Staaten (Stars and Stripes) im Jahr 1777.","true","{""day"": 14, ""month"": 6}","US","2026-01-15 08:35:50.494163+01"
"Internationaler Steampunk-Tag","Ein Tag zur Feier der Steampunk-Kultur, die moderne Technik mit der Ästhetik des viktorianischen Zeitalters verbindet.","true","{""day"": 14, ""month"": 6}","INT","2026-01-15 08:35:50.494163+01"
"Tag der Erdbeere mit Sahne","National Strawberry Shortcake Day – Ein kulinarischer Gedenktag, der die sommerliche Kombination aus Erdbeeren und Gebäck feiert.","true","{""day"": 14, ""month"": 6}","INT","2026-01-15 08:35:50.494163+01"
"Alternativtermin für Welt-Handtuch-Tag","Alternativtermin, der in manchen Kalendern für Welt-Handtuch-Tag geführt wird.","true","{""day"": 14, ""month"": 6}","INT","2026-01-15 08:35:50.494163+01"
"Tag der Trauer und Hoffnung (Estland/Lettland/Litauen)","Gedenktag an die ersten Massendeportationen durch die Sowjetunion im Jahr 1941.","true","{""day"": 14, ""month"": 6}","EE/LV/LT","2026-01-15 08:35:50.494163+01"
"Tag der Bourbon-Liebhaber","National Bourbon Day – Ein Tag zu Ehren des amerikanischen Whiskeys und seiner Destillationsgeschichte.","true","{""day"": 14, ""month"": 6}","US","2026-01-15 08:35:50.494163+01"
"Welttag gegen Misshandlung älterer Menschen","Ein UN-Aktionstag zur Sensibilisierung für Gewalt gegen Senioren und zur Förderung eines respektvollen Umgangs.","true","{""day"": 15, ""month"": 6}","INT","2026-01-15 08:35:50.494163+01"
"Global Wind Day (Welttag des Windes)","Ein weltweiter Aktionstag zur Förderung der Windenergie als saubere und unerschöpfliche Energiequelle.","true","{""day"": 15, ""month"": 6}","INT","2026-01-15 08:35:50.494163+01"
"Tag der Naturfotografie","Nature Photography Day – Ein Tag, der dazu einlädt, die Schönheit der Natur durch die Linse festzuhalten und zu schützen.","true","{""day"": 15, ""month"": 6}","INT","2026-01-15 08:35:50.494163+01"
"Tag des Lobster Roll","National Lobster Roll Day – Ein kulinarischer Gedenktag zu Ehren der Hummer-Sandwich-Spezialität aus Neuengland.","true","{""day"": 15, ""month"": 6}","US","2026-01-15 08:35:50.494163+01"
"Lächle-Power-Tag","Smile Power Day – Ein Tag, der die positiven Auswirkungen eines Lächelns auf die eigene Psyche und die Mitmenschen feiert.","true","{""day"": 15, ""month"": 6}","INT","2026-01-15 08:35:50.494163+01"
"Tag der Verfassungsgebenden Versammlung (Dänemark)","Valdemarsdag – Gedenktag an die Flagge Dannebrog und das historische dänische Recht.","true","{""day"": 15, ""month"": 6}","DK","2026-01-15 08:35:50.494163+01"
"Gedenktag des Heiligen Vitus (Veit)","Einer der 14 Nothelfer und Schutzpatron der Apotheker, Gastwirte und Tänzer (Veitstanz).","true","{""day"": 15, ""month"": 6}","INT","2026-01-15 08:35:50.494163+01"
"Internationaler Tag des afrikanischen Kindes","Erinnert an den Aufstand in Soweto (1976) und macht auf die Situation sowie die Bildungsrechte von Kindern in Afrika aufmerksam.","true","{""day"": 16, ""month"": 6}","INT","2026-01-15 08:35:50.494163+01"
"Bloomsday","Gedenktag an den irischen Schriftsteller James Joyce und die Handlung seines Romans ""Ulysses"", die an einem 16. Juni spielt.","true","{""day"": 16, ""month"": 6}","IE","2026-01-15 08:35:50.494163+01"
"Welttag der Meeresschildkröte","Aktionstag zum Schutz der bedrohten Meeresschildkröten am Geburtstag des Schildkrötenforschers Dr. Archie Carr.","true","{""day"": 16, ""month"": 6}","INT","2026-01-15 08:35:50.494163+01"
"Tag des frischen Gemüses","National Fresh Veggies Day – Ein Tag zur Förderung einer gesunden Ernährung mit saisonalem und regionalem Gemüse.","true","{""day"": 16, ""month"": 6}","INT","2026-01-15 08:35:50.494163+01"
"Gedenktag der ersten Frau im Weltraum","Erinnert an den Start von Walentina Tereschkowa an Bord der Wostok 6 im Jahr 1963.","true","{""day"": 16, ""month"": 6}","INT","2026-01-15 08:35:50.494163+01"
"Tag des Fudge","National Fudge Day – Ein kulinarischer Gedenktag zu Ehren der weichen Karamell-Süßware.","true","{""day"": 16, ""month"": 6}","US","2026-01-15 08:35:50.494163+01"
"Gedenktag des Heiligen Benno von Meißen","Patron der Stadt München und des Bistums Meißen, oft dargestellt mit Fisch und Schlüssel.","true","{""day"": 16, ""month"": 6}","DE","2026-01-15 08:35:50.494163+01"
"Welttag für die Bekämpfung von Wüstenbildung und Dürre","Ein UN-Aktionstag zur Sensibilisierung für die fortschreitende Degradation von Böden und zur Förderung nachhaltiger Landnutzung.","true","{""day"": 17, ""month"": 6}","INT","2026-01-15 08:35:50.494163+01"
"Gedenktag zum 17. Juni 1953","Erinnert an den Volksaufstand in der DDR; war bis 1990 der nationale Feiertag (Tag der deutschen Einheit) in der Bundesrepublik.","true","{""day"": 17, ""month"": 6}","DE","2026-01-15 08:35:50.494163+01"
"Isländischer Nationalfeiertag","Gedenkt der Gründung der Republik Island im Jahr 1944 und des Geburtstags von Jón Sigurðsson.","true","{""day"": 17, ""month"": 6}","IS","2026-01-15 08:35:50.494163+01"
"Tag der Unabhängigkeit (Seychellen)","Nationalfeiertag zur Erinnerung an die Unabhängigkeit vom Vereinigten Königreich im Jahr 1976.","true","{""day"": 29, ""month"": 6}","SC","2026-01-15 08:40:17.71483+01"
"Alternativtermin für Tag des Apfelstrudels","Alternativtermin, der in manchen Kalendern für Tag des Apfelstrudels geführt wird.","true","{""day"": 17, ""month"": 6}","INT","2026-01-15 08:35:50.494163+01"
"Iss-dein-Gemüse-Tag","Eat Your Vegetables Day – Ein Aktionstag zur Förderung einer pflanzenbasierten und gesunden Ernährungsweise.","true","{""day"": 17, ""month"": 6}","INT","2026-01-15 08:35:50.494163+01"
"Weltkrokodiltag","World Crocodile Day – Ein Tag, um auf die Bedrohung von Krokodilen und Alligatoren weltweit aufmerksam zu machen.","true","{""day"": 17, ""month"": 6}","INT","2026-01-15 08:35:50.494163+01"
"Tag der Müllabfuhr","Global Waste Management Day – Ein Tag zur Anerkennung der wichtigen Arbeit von Entsorgungsfachkräften für die öffentliche Hygiene.","true","{""day"": 17, ""month"": 6}","INT","2026-01-15 08:35:50.494163+01"
"Autistic Pride Day","Ein von Aspies For Freedom initiierter Tag, um Autismus als neurologische Variante und nicht als Krankheit zu feiern.","true","{""day"": 18, ""month"": 6}","INT","2026-01-15 08:35:50.494163+01"
"Tag der nachhaltigen Gastronomie","Ein UN-Aktionstag, der die Rolle der Kulinarik für die nachhaltige Entwicklung und den Schutz der biologischen Vielfalt betont.","true","{""day"": 18, ""month"": 6}","INT","2026-01-15 08:35:50.494163+01"
"Waterloo-Tag","Erinnert an die Schlacht bei Waterloo im Jahr 1815 und die endgültige Niederlage Napoleons.","true","{""day"": 18, ""month"": 6}","INT","2026-01-15 08:35:50.494163+01"
"Tag des Picknicks","International Picnic Day – Ein Tag, der dazu einlädt, die Mahlzeiten ins Freie zu verlegen und die Natur zu genießen.","true","{""day"": 18, ""month"": 6}","INT","2026-01-15 08:35:50.494163+01"
"Tag des Sushi","International Sushi Day – Ein kulinarischer Gedenktag zu Ehren der japanischen Spezialität.","true","{""day"": 18, ""month"": 6}","INT","2026-01-15 08:35:50.494163+01"
"Tag des Panikmachers","Panic Day – Ein humorvoller Tag, an dem man all dem Stress und der Panik des Alltags kurz freien Lauf lassen darf (oder sie bewusst bekämpft).","true","{""day"": 18, ""month"": 6}","INT","2026-01-15 08:35:50.494163+01"
"Gedenktag an den Aufruf vom 18. Juni","Erinnert an die berühmte Radioansprache von Charles de Gaulle im Jahr 1940, die den französischen Widerstand gegen die Besatzung einleitete.","true","{""day"": 18, ""month"": 6}","FR","2026-01-15 08:35:50.494163+01"
"Juneteenth (Freiheitstag)","Gedenktag an die endgültige Befreiung der versklavten Afroamerikaner in Texas im Jahr 1865; ein nationaler Feiertag in den USA.","true","{""day"": 19, ""month"": 6}","US","2026-01-15 08:35:50.494163+01"
"Welttag der Sickelzellkrankheit","Ein von der UN anerkannter Tag zur Sensibilisierung für diese genetische Blutkrankheit und zur Verbesserung der Versorgung.","true","{""day"": 19, ""month"": 6}","INT","2026-01-15 08:35:50.494163+01"
"Internationaler Tag für die Beseitigung sexueller Gewalt in Konflikten","Ein UN-Aktionstag, um das Bewusstsein für die Schrecken kriegerischer sexueller Gewalt zu schärfen und die Opfer zu ehren.","true","{""day"": 19, ""month"": 6}","INT","2026-01-15 08:35:50.494163+01"
"Tag des Albatros","World Albatross Day – macht auf die Bedrohung dieser majestätischen Seevögel durch Beifang und Klimawandel aufmerksam.","true","{""day"": 19, ""month"": 6}","INT","2026-01-15 08:35:50.494163+01"
"Tag der Garfield-Comics","Erinnert an das Erscheinen des ersten Garfield-Comicstrips durch Jim Davis am 19. Juni 1978.","true","{""day"": 19, ""month"": 6}","INT","2026-01-15 08:35:50.494163+01"
"Tag des Martinis","National Martini Day – Ein kulinarischer Gedenktag zu Ehren des klassischen Cocktails.","true","{""day"": 19, ""month"": 6}","INT","2026-01-15 08:35:50.494163+01"
"Tag des Müßiggangs","World Sauntering Day – Ein Tag, der dazu einlädt, das Tempo zu drosseln, gemütlich zu schlendern und das Leben zu genießen.","true","{""day"": 19, ""month"": 6}","INT","2026-01-15 08:35:50.494163+01"
"Weltflüchtlingstag","Ein von den Vereinten Nationen eingerichteter Aktionstag, um die Stärke und den Mut von Menschen zu ehren, die zur Flucht gezwungen wurden.","true","{""day"": 20, ""month"": 6}","INT","2026-01-15 08:35:50.494163+01"
"Sommersonnenwende (Sommeranfang)","Der astronomische Beginn des Sommers auf der Nordhalbkugel und der längste Tag des Jahres.","true","{""day"": 20, ""month"": 6}","INT","2026-01-15 08:35:50.494163+01"
"Gedenktag für die Opfer von Flucht und Vertreibung","Ein nationaler Gedenktag in Deutschland, der jährlich zeitgleich mit dem Weltflüchtlingstag stattfindet.","true","{""day"": 20, ""month"": 6}","DE","2026-01-15 08:35:50.494163+01"
"Tag der Produktivität","World Productivity Day – Ein Tag, um Arbeitsmethoden zu reflektieren und die Effizienz in Beruf und Alltag zu steigern.","true","{""day"": 20, ""month"": 6}","INT","2026-01-15 08:35:50.494163+01"
"Tag der Wi-Fi-Verbindung","World Wi-Fi Day – Eine Initiative der Wireless Broadband Alliance, um die Bedeutung von WLAN für die globale Vernetzung zu feiern.","true","{""day"": 20, ""month"": 6}","INT","2026-01-15 08:35:50.494163+01"
"Tag des Vanille-Milchshakes","National Vanilla Milkshake Day – Ein kulinarischer Gedenktag für den Klassiker unter den Shakes.","true","{""day"": 20, ""month"": 6}","US","2026-01-15 08:35:50.494163+01"
"Tag des Adlers","American Eagle Day – Ein Tag zum Schutz des Weißkopfseeadlers, dem Wappentier der USA.","true","{""day"": 20, ""month"": 6}","US","2026-01-15 08:35:50.494163+01"
"Weltflüchtlingstag","Ein von den Vereinten Nationen eingerichteter Aktionstag, um die Stärke und den Mut von Menschen zu ehren, die zur Flucht gezwungen wurden.","true","{""day"": 20, ""month"": 6}","INT","2026-01-15 08:40:17.71483+01"
"Sommersonnenwende (Sommeranfang)","Der astronomische Beginn des Sommers auf der Nordhalbkugel und der längste Tag des Jahres.","true","{""day"": 20, ""month"": 6}","INT","2026-01-15 08:40:17.71483+01"
"Gedenktag für die Opfer von Flucht und Vertreibung","Ein nationaler Gedenktag in Deutschland, der jährlich zeitgleich mit dem Weltflüchtlingstag stattfindet.","true","{""day"": 20, ""month"": 6}","DE","2026-01-15 08:40:17.71483+01"
"Tag der Produktivität","World Productivity Day – Ein Tag, um Arbeitsmethoden zu reflektieren und die Effizienz in Beruf und Alltag zu steigern.","true","{""day"": 20, ""month"": 6}","INT","2026-01-15 08:40:17.71483+01"
"Tag der Wi-Fi-Verbindung","World Wi-Fi Day – Eine Initiative der Wireless Broadband Alliance, um die Bedeutung von WLAN für die globale Vernetzung zu feiern.","true","{""day"": 20, ""month"": 6}","INT","2026-01-15 08:40:17.71483+01"
"Tag des Vanille-Milchshakes","National Vanilla Milkshake Day – Ein kulinarischer Gedenktag für den Klassiker unter den Shakes.","true","{""day"": 20, ""month"": 6}","US","2026-01-15 08:40:17.71483+01"
"Tag des Adlers","American Eagle Day – Ein Tag zum Schutz des Weißkopfseeadlers, dem Wappentier der USA.","true","{""day"": 20, ""month"": 6}","US","2026-01-15 08:40:17.71483+01"
"Fête de la Musique (Internationaler Tag der selbstgemachten Musik)","Ein weltweit gefeiertes Musikfest, bei dem Musiker honorarfrei auf öffentlichen Straßen und Plätzen auftreten.","true","{""day"": 21, ""month"": 6}","INT","2026-01-15 08:40:17.71483+01"
"Internationaler Yoga-Tag","Ein von den Vereinten Nationen ausgerufener Tag, um die ganzheitlichen Vorteile von Yoga für die Gesundheit zu fördern.","true","{""day"": 21, ""month"": 6}","INT","2026-01-15 08:40:17.71483+01"
"Welthumanistentag","Ein Tag, um die Werte des Humanismus, des freien Denkens und der wissenschaftlichen Weltanschauung zu feiern.","true","{""day"": 21, ""month"": 6}","INT","2026-01-15 08:40:17.71483+01"
"Welt-Giraffen-Tag","Eine Initiative der Giraffe Conservation Foundation, um auf die Bedrohung der höchsten Landsäugetiere aufmerksam zu machen.","true","{""day"": 21, ""month"": 6}","INT","2026-01-15 08:40:17.71483+01"
"Welttag der Hydrographie","Ein UN-Tag zur Hervorhebung der Bedeutung der Vermessung von Gewässern für die Sicherheit der Seefahrt.","true","{""day"": 21, ""month"": 6}","INT","2026-01-15 08:40:17.71483+01"
"Globaler ALS-Tag","Ein Aktionstag zur Sensibilisierung für die Nervenkrankheit Amyotrophe Lateralsklerose und zur Unterstützung der Forschung.","true","{""day"": 21, ""month"": 6}","INT","2026-01-15 08:40:17.71483+01"
"Alternativtermin für Tag des Sonnenschutzes","Alternativtermin, der in manchen Kalendern für Tag des Sonnenschutzes geführt wird.","true","{""day"": 21, ""month"": 6}","DE","2026-01-15 08:40:17.71483+01"
"Nationaler Tag der indigenen Völker (Kanada)","Ein Gedenktag zur Feier der einzigartigen Kulturen und Beiträge der First Nations, Inuit und Métis.","true","{""day"": 21, ""month"": 6}","CA","2026-01-15 08:40:17.71483+01"
"Welttag des Regenwaldes","Ein globaler Aktionstag, um auf die entscheidende Rolle der Regenwälder für das Weltklima und die Artenvielfalt aufmerksam zu machen.","true","{""day"": 22, ""month"": 6}","INT","2026-01-15 08:40:17.71483+01"
"Tag der Schokoladen-Eclairs","National Chocolate Eclair Day – Ein kulinarischer Gedenktag zu Ehren der französischen Brandteig-Spezialität.","true","{""day"": 22, ""month"": 6}","INT","2026-01-15 08:40:17.71483+01"
"Wickel-dich-in-Laken-ein-Tag","World Toga Day – Ein kurioser Feiertag, der dazu einlädt, sich wie im antiken Rom in Tücher zu hüllen.","true","{""day"": 22, ""month"": 6}","INT","2026-01-15 08:40:17.71483+01"
"Tag des VW Käfer","Jahrestag des Entwicklungsauftrags für den späteren VW Käfer im Jahr 1934.","true","{""day"": 22, ""month"": 6}","INT","2026-01-15 08:40:17.71483+01"
"Tag des Zwiebelrings","National Onion Ring Day – Ein Tag für Liebhaber der frittierten Beilage.","true","{""day"": 22, ""month"": 6}","US","2026-01-15 08:40:17.71483+01"
"Gedenktag des Heiligen Thomas Morus","Gedenktag des englischen Staatsmannes, Humanisten und Patrons der Regierenden und Politiker.","true","{""day"": 22, ""month"": 6}","INT","2026-01-15 08:40:17.71483+01"
"Tag des Lehrers (El Salvador)","Día del Maestro – Ein nationaler Ehrentag für die pädagogische Arbeit.","true","{""day"": 22, ""month"": 6}","SV","2026-01-15 08:40:17.71483+01"
"Tag des öffentlichen Dienstes der Vereinten Nationen","Ein UN-Aktionstag, um die Rolle und den Beitrag des öffentlichen Dienstes für die Gemeinschaft zu würdigen.","true","{""day"": 23, ""month"": 6}","INT","2026-01-15 08:40:17.71483+01"
"Olympischer Tag","Erinnert an die Gründung des Internationalen Olympischen Komitees (IOC) im Jahr 1894 und fördert Sport und Bewegung.","true","{""day"": 23, ""month"": 6}","INT","2026-01-15 08:40:17.71483+01"
"Internationaler Witwentag","Ein von der UN anerkannter Tag, um auf die Armut und Ungerechtigkeiten aufmerksam zu machen, denen Witwen in vielen Ländern ausgesetzt sind.","true","{""day"": 23, ""month"": 6}","INT","2026-01-15 08:40:17.71483+01"
"Tag der Frauen im Ingenieurwesen","International Women in Engineering Day – rückt die Leistungen von Frauen in technischen Berufen in den Fokus.","true","{""day"": 23, ""month"": 6}","INT","2026-01-15 08:40:17.71483+01"
"Luxemburgischer Nationalfeiertag","Offizieller Geburtstag von Großherzog Jean, gefeiert mit Paraden und Feuerwerk.","true","{""day"": 23, ""month"": 6}","LU","2026-01-15 08:40:17.71483+01"
"Tag der Typografie","National Typing Day – Ein Tag zur Feier der Kunst des Tippens und der Textgestaltung.","true","{""day"": 23, ""month"": 6}","INT","2026-01-15 08:40:17.71483+01"
"Pink-Flamingo-Tag","Pink Flamingo Day – Ein kurioser Gedenktag zu Ehren der kultigen Garten-Deko aus Plastik.","true","{""day"": 23, ""month"": 6}","INT","2026-01-15 08:40:17.71483+01"
"Tag der Hydrangea (Hortensie)","Ein Tag zur Wertschätzung der Hortensie als beliebte Zierpflanze im Sommer.","true","{""day"": 23, ""month"": 6}","INT","2026-01-15 08:40:17.71483+01"
"Johannistag (Spargelsilvester)","Gedenktag Johannes des Täufers und traditionelles Ende der Erntezeit für Spargel und Rhabarber in Europa.","true","{""day"": 24, ""month"": 6}","DE/AT/CH","2026-01-15 08:40:17.71483+01"
"Internationaler Feen-Tag","International Fairy Day – Ein Tag zur Feier von Mythologie, Folklore und der Magie der Naturgeister.","true","{""day"": 24, ""month"": 6}","INT","2026-01-15 08:40:17.71483+01"
"Nationalfeiertag von Québec","La Fête nationale du Québec – auch bekannt als Saint-Jean-Baptiste-Tag, der wichtigste Feiertag der frankophonen Kanadier.","true","{""day"": 24, ""month"": 6}","CA-QC","2026-01-15 08:40:17.71483+01"
"Tag der Schwimmbadsicherheit","Swim-a-Lap Day – Ein Aktionstag zur Förderung der Sicherheit am und im Wasser sowie der Fitness durch Schwimmen.","true","{""day"": 24, ""month"": 6}","INT","2026-01-15 08:40:17.71483+01"
"Tag des Pralinés","National Pralines Day – Ein kulinarischer Gedenktag zu Ehren der französischen und amerikanischen Konfekt-Spezialität.","true","{""day"": 24, ""month"": 6}","INT","2026-01-15 08:40:17.71483+01"
"Tag der Ufos","World UFO Day (einer von zwei Terminen) – Erinnert an die erste bekannte Sichtung durch Kenneth Arnold im Jahr 1947.","true","{""day"": 24, ""month"": 6}","INT","2026-01-15 08:40:17.71483+01"
"Inti Raymi (Sonnenfest)","Das bedeutendste Inka-Fest zu Ehren der Sonne, das besonders in den Andenregionen gefeiert wird.","true","{""day"": 24, ""month"": 6}","PE/EC/BO","2026-01-15 08:40:17.71483+01"
"Welttag der Seefahrer","Ein von der IMO ausgerufener Tag, um die unverzichtbare Arbeit von Seeleuten für den Welthandel und die Weltwirtschaft zu würdigen.","true","{""day"": 25, ""month"": 6}","INT","2026-01-15 08:40:17.71483+01"
"Welt-Vitiligo-Tag","Ein Aktionstag zur Sensibilisierung für die Weißfleckenkrankheit (Vitiligo) und zur Unterstützung betroffener Menschen.","true","{""day"": 25, ""month"": 6}","INT","2026-01-15 08:40:17.71483+01"
"Tag des Schlafs","Ein in Deutschland initiierter Aktionstag, der die Bedeutung eines gesunden Schlafs für die körperliche und geistige Leistungsfähigkeit betont.","true","{""day"": 6, ""month"": 6}","DE","2026-01-15 08:40:17.71483+01"
"Globaler Beatles-Tag","Global Beatles Day – feiert das Erbe der Fab Four und ihre Botschaft von Liebe und Frieden, die 1967 via Satellit um die Welt ging.","true","{""day"": 25, ""month"": 6}","INT","2026-01-15 08:40:17.71483+01"
"Tag der Wels-Speisen","National Catfish Day – Ein von US-Präsident Ronald Reagan proklamierter Tag zur Würdigung der Welszucht.","true","{""day"": 25, ""month"": 6}","US","2026-01-15 08:40:17.71483+01"
"Tag der Unabhängigkeit (Mosambik)","Nationalfeiertag zur Erinnerung an die Unabhängigkeit von Portugal im Jahr 1975.","true","{""day"": 25, ""month"": 6}","MZ","2026-01-15 08:40:17.71483+01"
"Tag der Unabhängigkeit (Slowenien/Kroatien)","Staatsfeiertag zur Erinnerung an die Unabhängigkeitserklärungen von Jugoslawien im Jahr 1991.","true","{""day"": 25, ""month"": 6}","SI/HR","2026-01-15 08:40:17.71483+01"
"Tag der Erdbeereis-Torte","National Strawberry Parfait Day – Ein sommerlicher, kulinarischer Gedenktag.","true","{""day"": 25, ""month"": 6}","INT","2026-01-15 08:40:17.71483+01"
"Internationaler Tag zur Unterstützung der Opfer von Folter","Ein von der UN ausgerufener Gedenktag, um an das Leid der Opfer zu erinnern und für ein absolutes Folterverbot einzutreten.","true","{""day"": 26, ""month"": 6}","INT","2026-01-15 08:40:17.71483+01"
"Weltdrogen- und Weltdrogenberichtstag","Internationaler Tag gegen Drogenmissbrauch und illegalen Suchtstoffverkehr zur Stärkung der globalen Präventionsarbeit.","true","{""day"": 26, ""month"": 6}","INT","2026-01-15 08:40:17.71483+01"
"Welttag der Kältetechnik","World Refrigeration Day – rückt die Bedeutung der Kühlung für Lebensmittel, Medizin und Rechenzentren in den Fokus.","true","{""day"": 26, ""month"": 6}","INT","2026-01-15 08:40:17.71483+01"
"Tag des Schokoladenpuddings","National Chocolate Pudding Day – Ein kulinarischer Gedenktag zu Ehren des süßen Desserts.","true","{""day"": 26, ""month"": 6}","US","2026-01-15 08:40:17.71483+01"
"Kanu-Tag","Canoe Day – Ein Aktionstag für Wassersportler, um das Paddeln und die Naturerfahrung auf Flüssen und Seen zu feiern.","true","{""day"": 26, ""month"": 6}","INT","2026-01-15 08:40:17.71483+01"
"Tag der Verfassung (Aserbaidschan)","Gedenktag zur Gründung der Streitkräfte der Republik Aserbaidschan.","true","{""day"": 26, ""month"": 6}","AZ","2026-01-15 08:40:17.71483+01"
"Tag der Unabhängigkeit (Madagaskar)","Nationalfeiertag zur Erinnerung an die Unabhängigkeit von Frankreich im Jahr 1960.","true","{""day"": 26, ""month"": 6}","MG","2026-01-15 08:40:17.71483+01"
"Stitch-Tag","Experiment 626 Day – Ein inoffizieller Fantag zu Ehren des Disney-Charakters Stitch aus Lilo & Stitch.","true","{""day"": 26, ""month"": 6}","INT","2026-01-15 08:40:17.71483+01"
"Siebenschläfertag","Bedeutender Lostag der Bauernregeln; das Wetter an diesem Tag soll das Wetter der kommenden sieben Wochen bestimmen.","true","{""day"": 27, ""month"": 6}","DE/AT/CH","2026-01-15 08:40:17.71483+01"
"Tag der Kleinst-, kleinen und mittleren Unternehmen (MSME)","Ein UN-Aktionstag zur Würdigung der Bedeutung kleiner Betriebe für die Weltwirtschaft und nachhaltige Entwicklung.","true","{""day"": 27, ""month"": 6}","INT","2026-01-15 08:40:17.71483+01"
"Tag der Sonnenbrille","National Sunglasses Day – Ein Gesundheitstag, der über den Schutz der Augen vor UV-Strahlung informiert.","true","{""day"": 27, ""month"": 6}","INT","2026-01-15 08:40:17.71483+01"
"Welt-PTSD-Tag","National Post-Traumatic Stress Disorder Awareness Day – zur Sensibilisierung für die posttraumatische Belastungsstörung.","true","{""day"": 27, ""month"": 6}","INT","2026-01-15 08:40:17.71483+01"
"Tag der Unabhängigkeit (Dschibuti)","Nationalfeiertag zur Erinnerung an die Unabhängigkeit von Frankreich im Jahr 1977.","true","{""day"": 27, ""month"": 6}","DJ","2026-01-15 08:40:17.71483+01"
"Internationaler Tag der Ananas","Ein kulinarischer Feiertag zur Feier der tropischen Frucht und ihrer vielseitigen Verwendung.","true","{""day"": 27, ""month"": 6}","INT","2026-01-15 08:40:17.71483+01"
"Gedenktag des Heiligen Kyrill von Alexandrien","Ehrt den Kirchenvater und Patriarchen von Alexandrien, einen bedeutenden Theologen der frühen Kirche.","true","{""day"": 27, ""month"": 6}","INT","2026-01-15 08:40:17.71483+01"
"Tag des ""Happy Birthday""-Liedes","Erinnert an die Registrierung des Urheberrechts für die berühmte Melodie im Jahr 1924.","true","{""day"": 27, ""month"": 6}","INT","2026-01-15 08:40:17.71483+01"
"Jahrestag des Stonewall-Aufstands","Gedenktag an den Beginn der modernen LGBTQ+-Rechtsbewegung in der Christopher Street (NYC) im Jahr 1969.","true","{""day"": 28, ""month"": 6}","INT","2026-01-15 08:40:17.71483+01"
"Ehrentag des Unkrauts","Ein Tag zur Wertschätzung von Wildkräutern und ihrer ökologischen Bedeutung für Insekten und Boden.","true","{""day"": 28, ""month"": 6}","INT","2026-01-15 08:40:17.71483+01"
"Tag des Ceviche","Día del Ceviche – Ein nationaler kulinarischer Feiertag zu Ehren des peruanischen Nationalgerichts aus rohem Fisch.","true","{""day"": 28, ""month"": 6}","PE","2026-01-15 08:40:17.71483+01"
"Internationaler Tag des Körperschmucks","Body Piercing Day – Gedenktag zum Geburtstag von James Ward, einem Pionier des modernen Piercings.","true","{""day"": 28, ""month"": 6}","INT","2026-01-15 08:40:17.71483+01"
"Tag des Versicherungs-Checks","Insurance Awareness Day – Ein praktischer Reminder, um den persönlichen Versicherungsschutz zu überprüfen.","true","{""day"": 28, ""month"": 6}","INT","2026-01-15 08:40:17.71483+01"
"Tag der Verfassung (Ukraine)","Staatsfeiertag zur Erinnerung an die Verabschiedung der ersten Verfassung der unabhängigen Ukraine im Jahr 1996.","true","{""day"": 28, ""month"": 6}","UA","2026-01-15 08:40:17.71483+01"
"Alternativtermin für Tag der Logistik","Alternativtermin, der in manchen Kalendern für Tag der Logistik geführt wird.","true","{""day"": 28, ""month"": 6}","INT","2026-01-15 08:40:17.71483+01"
"Tag des Tapioka-Puddings","National Tapioca Pudding Day – Ein traditioneller kulinarischer Gedenktag.","true","{""day"": 28, ""month"": 6}","US","2026-01-15 08:40:17.71483+01"
"Welttag der Tropen","Ein UN-Aktionstag, um auf die spezifischen Herausforderungen und die außerordentliche biologische Vielfalt der tropischen Gebiete aufmerksam zu machen.","true","{""day"": 29, ""month"": 6}","INT","2026-01-15 08:40:17.71483+01"
"Peter und Paul","Hochfest der Apostel Petrus und Paulus; ein wichtiger Feiertag im Kirchenjahr, der in einigen Regionen (z. B. im Tessin) gesetzlich arbeitsfrei ist.","true","{""day"": 29, ""month"": 6}","INT","2026-01-15 08:40:17.71483+01"
"Welttag der Sklerodermie","Ein Aktionstag zur Sensibilisierung für diese seltene Autoimmunerkrankung des Bindegewebes am Todestag des Künstlers Paul Klee.","true","{""day"": 29, ""month"": 6}","INT","2026-01-15 08:40:17.71483+01"
"Internationaler Tag des Schlamms","International Mud Day – Ein spielerischer Tag, der Kinder (und Erwachsene) dazu einlädt, sich mit der Erde zu verbinden und die Natur zu erleben.","true","{""day"": 29, ""month"": 6}","INT","2026-01-15 08:40:17.71483+01"
"Tag der Kamera","National Camera Day – Ein Tag zur Feier der Fotografie und der technischen Entwicklung der Kamera von der Camera Obscura bis heute.","true","{""day"": 29, ""month"": 6}","INT","2026-01-15 08:40:17.71483+01"
"Tag der Mandelwaffel","National Almond Buttercrunch Day – Ein kulinarischer Gedenktag zu Ehren der knusprigen Süßigkeit mit Mandeln und Karamell.","true","{""day"": 29, ""month"": 6}","US","2026-01-15 08:40:17.71483+01"
"Asteroiden-Tag","Ein UN-Gedenktag zur Aufklärung über Asteroiden und die Maßnahmen zum Schutz der Erde vor möglichen Einschlägen.","true","{""day"": 30, ""month"": 6}","INT","2026-01-15 08:40:17.71483+01"
"Internationaler Tag des Parlamentarismus","Würdigt die Rolle der Parlamente in den nationalen Regierungssystemen und markiert den Gründungstag der Interparlamentarischen Union.","true","{""day"": 30, ""month"": 6}","INT","2026-01-15 08:40:17.71483+01"
"Social Media Day","Ein von Mashable ins Leben gerufener Tag, um den Einfluss der sozialen Medien auf die globale Kommunikation zu feiern.","true","{""day"": 30, ""month"": 6}","INT","2026-01-15 08:40:17.71483+01"
"Tag des Korff-Balls","National Meteor Watch Day – Ein Tag, um den Nachthimmel nach Sternschnuppen und Meteoriten abzusuchen.","true","{""day"": 30, ""month"": 6}","INT","2026-01-15 08:40:17.71483+01"
"Unabhängigkeitstag (DR Kongo)","Nationalfeiertag zur Erinnerung an die Unabhängigkeit der Demokratischen Republik Kongo von Belgien im Jahr 1960.","true","{""day"": 30, ""month"": 6}","CD","2026-01-15 08:40:17.71483+01"
"Tag der Maitorte","National Mai Tai Day – Ein kulinarischer Ehrentag für den berühmten Tiki-Cocktail.","true","{""day"": 30, ""month"": 6}","INT","2026-01-15 08:40:17.71483+01"
"Gedenktag der ersten heiligen Märtyrer der Stadt Rom","Erinnert an die Christen, die unter Kaiser Nero nach dem großen Brand von Rom im Jahr 64 hingerichtet wurden.","true","{""day"": 30, ""month"": 6}","INT","2026-01-15 08:40:17.71483+01"
"Internationaler Witzetag","Ein Tag, der dazu einlädt, Witze zu teilen und gemeinsam zu lachen, um die Stimmung weltweit zu heben.","true","{""day"": 1, ""month"": 7}","INT","2026-01-15 08:44:45.704242+01"
"Canada Day (Kanada-Tag)","Der Nationalfeiertag Kanadas zur Erinnerung an die Bildung des Dominions Kanada im Jahr 1867.","true","{""day"": 1, ""month"": 7}","CA","2026-01-15 08:44:45.704242+01"
"Internationaler Tag der Früchte","Ein Aktionstag zur Förderung des Verzehrs von Obst und zur Würdigung der Vielfalt der Früchte.","true","{""day"": 1, ""month"": 7}","INT","2026-01-15 08:44:45.704242+01"
"Welttag der Meeresbiologie","Ein Tag zur Anerkennung der Forschung und des Schutzes mariner Ökosysteme und ihrer Bewohner.","true","{""day"": 1, ""month"": 7}","INT","2026-01-15 08:44:45.704242+01"
"Bobby-Moores-Tag","Zu Ehren des englischen Fußball-Weltmeisters Bobby Moore; oft genutzt, um auf Darmkrebsvorsorge aufmerksam zu machen.","true","{""day"": 1, ""month"": 7}","UK","2026-01-15 08:44:45.704242+01"
"Tag des Gingersnaps","National Gingersnap Day – Ein kulinarischer Gedenktag für die würzigen Ingwerkekse.","true","{""day"": 1, ""month"": 7}","US","2026-01-15 08:44:45.704242+01"
"Keti Koti (Tag der Freiheit)","Gedenktag zur Abschaffung der Sklaverei in Suriname und den Niederländischen Antillen im Jahr 1863.","true","{""day"": 1, ""month"": 7}","SR/NL","2026-01-15 08:44:45.704242+01"
"Welttag der UFOs","Der zweite und bekanntere Termin (neben dem 24.06.), der an den angeblichen UFO-Absturz in Roswell 1947 erinnert.","true","{""day"": 2, ""month"": 7}","INT","2026-01-15 08:44:45.704242+01"
"Welttag der Sportjournalisten","Ein Gedenktag zur Würdigung der Arbeit von Sportberichtern, initiiert am Gründungstag des Weltsportjournalistenverbandes (AIPS).","true","{""day"": 2, ""month"": 7}","INT","2026-01-15 08:44:45.704242+01"
"Tag des Anislikörs","National Anisette Day – Ein kulinarischer Gedenktag zu Ehren der mit Anis aromatisierten Spirituosen.","true","{""day"": 2, ""month"": 7}","INT","2026-01-15 08:44:45.704242+01"
"Tag der Mitte des Jahres","Da der 2. Juli in Nicht-Schaltjahren der 183. Tag ist, markiert er mathematisch exakt die Mitte des Kalenderjahres.","true","{""day"": 2, ""month"": 7}","INT","2026-01-15 08:44:45.704242+01"
"Vergiss-deinen-Frust-Tag","I Forgot Day – Ein Tag, um Groll, schlechte Laune oder kleine Fehler der Vergangenheit bewusst zu vergessen und neu zu starten.","true","{""day"": 2, ""month"": 7}","INT","2026-01-15 08:44:45.704242+01"
"Tag der Höhlen und der unterirdischen Welt","World Caves and Subterranean World Day – macht auf den Schutz und die Erforschung von Höhlensystemen aufmerksam.","true","{""day"": 2, ""month"": 7}","INT","2026-01-15 08:44:45.704242+01"
"Tag der Verfassung (Cayman Islands)","Constitution Day – Ein bedeutender nationaler Feiertag auf den Kaimaninseln.","true","{""day"": 2, ""month"": 7}","KY","2026-01-15 08:44:45.704242+01"
"Internationaler plastiktütenfreier Tag","Ein globaler Aktionstag zur Reduzierung von Einweg-Plastiktüten und zur Förderung nachhaltiger Alternativen.","true","{""day"": 3, ""month"": 7}","INT","2026-01-15 08:44:45.704242+01"
"Bleib-aus-der-Sonne-Tag","Stay Out of the Sun Day – Ein Gesundheitstag, der dazu rät, der Haut eine Pause von UV-Strahlen zu gönnen.","true","{""day"": 3, ""month"": 7}","INT","2026-01-15 08:44:45.704242+01"
"Tag des Schokoladen-Waffelhörnchens","National Chocolate Wafer Day – Ein kulinarischer Gedenktag für die knusprige Gebäckspezialität.","true","{""day"": 3, ""month"": 7}","US","2026-01-15 08:44:45.704242+01"
"Tag der Unabhängigkeit (Belarus)","Der Nationalfeiertag von Belarus zur Erinnerung an die Befreiung von Minsk im Jahr 1944.","true","{""day"": 3, ""month"": 7}","BY","2026-01-15 08:44:45.704242+01"
"Disobedience Day","Ein Tag, der zum zivilen Ungehorsam gegen ungerechte Regeln oder einfach zum Hinterfragen von Routinen aufruft.","true","{""day"": 3, ""month"": 7}","INT","2026-01-15 08:44:45.704242+01"
"Tag der Klimaanlage","Erinnert an die Bedeutung der Kühltechnik an heißen Sommertagen und die Erfindung durch Willis Carrier.","true","{""day"": 3, ""month"": 7}","INT","2026-01-15 08:44:45.704242+01"
"Gedenktag des Heiligen Thomas","Gedenktag des Apostels Thomas, der oft als „der Ungläubige“ bezeichnet wird.","true","{""day"": 3, ""month"": 7}","INT","2026-01-15 08:44:45.704242+01"
"Independence Day (Unabhängigkeitstag der USA)","Der Nationalfeiertag der Vereinigten Staaten zur Erinnerung an die Unterzeichnung der Unabhängigkeitserklärung 1776.","true","{""day"": 4, ""month"": 7}","US","2026-01-15 08:44:45.704242+01"
"Tag der Unabhängigkeit (Philippinen / Tag der philippinisch-amerikanischen Freundschaft)","Erinnert an die formale Unabhängigkeit von den USA im Jahr 1946.","true","{""day"": 4, ""month"": 7}","PH","2026-01-15 08:44:45.704242+01"
"Tag der Rippchen","National Barbecue Ribs Day – Ein kulinarischer Gedenktag, der in den USA traditionell mit Grillfeiern zum 4. Juli einhergeht.","true","{""day"": 4, ""month"": 7}","US","2026-01-15 08:44:45.704242+01"
"Tag des Salats","National Caesar Salad Day – Ehrt den berühmten Salat, der angeblich am 4. Juli 1924 von Caesar Cardini erfunden wurde.","true","{""day"": 4, ""month"": 7}","INT","2026-01-15 08:44:45.704242+01"
"Alice-im-Wunderland-Tag","Erinnert an den Tag im Jahr 1862, an dem Lewis Carroll die Geschichte von Alice während einer Bootsfahrt erstmals erzählte.","true","{""day"": 4, ""month"": 7}","INT","2026-01-15 08:44:45.704242+01"
"Tag des Korbblütlers","Ein Tag zur Wertschätzung von Pflanzen wie Sonnenblumen, Gänseblümchen und Astern.","true","{""day"": 4, ""month"": 7}","INT","2026-01-15 08:44:45.704242+01"
"Gedenktag des Heiligen Ulrich von Augsburg","Gedenktag des Augsburger Bischofs und Schutzpatrons gegen Wassergefahren und Rattenplagen.","true","{""day"": 4, ""month"": 7}","DE","2026-01-15 08:44:45.704242+01"
"Tag der Workaholics","Ein Tag, der darauf aufmerksam machen soll, dass Arbeit nicht alles ist und die Gesundheit sowie Erholung wichtig sind.","true","{""day"": 5, ""month"": 7}","INT","2026-01-15 08:44:45.704242+01"
"Tag der Unabhängigkeit (Venezuela)","Gedenkt der Unterzeichnung der Unabhängigkeitserklärung von Spanien im Jahr 1811.","true","{""day"": 5, ""month"": 7}","VE","2026-01-15 08:44:45.704242+01"
"Tag der Unabhängigkeit (Algerien)","Nationalfeiertag zur Erinnerung an die Unabhängigkeit von Frankreich im Jahr 1962.","true","{""day"": 5, ""month"": 7}","DZ","2026-01-15 08:44:45.704242+01"
"Tag der Unabhängigkeit (Kap Verde)","Gedenktag an die Unabhängigkeit von Portugal im Jahr 1975.","true","{""day"": 5, ""month"": 7}","CV","2026-01-15 08:44:45.704242+01"
"Tag der Bikini-Bademode","Erinnert an die Vorstellung des ersten modernen Bikinis durch Louis Réard in Paris am 5. Juli 1946.","true","{""day"": 5, ""month"": 7}","INT","2026-01-15 08:44:45.704242+01"
"Tag des Apple Turnovers (Apfeltasche)","Ein kulinarischer Gedenktag zu Ehren der mit Äpfeln gefüllten Blätterteigtaschen.","true","{""day"": 5, ""month"": 7}","US","2026-01-15 08:44:45.704242+01"
"Gedenktag der Heiligen Kyrill und Method","In Tschechien und der Slowakei ein Feiertag zu Ehren der slawischen Apostel.","true","{""day"": 5, ""month"": 7}","CZ/SK","2026-01-15 08:44:45.704242+01"
"Internationaler Tag des Kusses","Ein Tag, der die Bedeutung des Küssens als Ausdruck von Liebe und Zuneigung in den Mittelpunkt rückt.","true","{""day"": 6, ""month"": 7}","INT","2026-01-15 08:44:45.704242+01"
"Welt-Zoonosen-Tag","Erinnert an die erste erfolgreiche Tollwut-Impfung durch Louis Pasteur 1885 und mahnt zur Vorsicht bei Tier-Mensch-Erkrankungen.","true","{""day"": 6, ""month"": 7}","INT","2026-01-15 08:44:45.704242+01"
"Tag des Brathähnchens","National Fried Chicken Day – Ein kulinarischer Gedenktag zu Ehren des knusprig frittierten Hähnchens.","true","{""day"": 6, ""month"": 7}","INT","2026-01-15 08:44:45.704242+01"
"Jan-Hus-Tag","Staatlicher Feiertag in Tschechien zum Gedenken an die Verbrennung des Reformators Jan Hus im Jahr 1415.","true","{""day"": 6, ""month"": 7}","CZ","2026-01-15 08:44:45.704242+01"
"Tag der Unabhängigkeit (Malawi)","Nationalfeiertag zur Erinnerung an die Unabhängigkeit vom Vereinigten Königreich im Jahr 1964.","true","{""day"": 6, ""month"": 7}","MW","2026-01-15 08:44:45.704242+01"
"Tag der Unabhängigkeit (Komoren)","Gedenkt der Unabhängigkeitserklärung von Frankreich im Jahr 1975.","true","{""day"": 6, ""month"": 7}","KM","2026-01-15 08:44:45.704242+01"
"Virtueller-Liebe-Tag","Virtual Love Day – Ein Tag, der Beziehungen und Freundschaften feiert, die primär über das Internet bestehen.","true","{""day"": 6, ""month"": 7}","INT","2026-01-15 08:44:45.704242+01"
"Tag der Handrolle (Sushi)","National Hand Roll Day – Ein Tag zur Feier des Temaki, der kegelförmigen Sushi-Variante.","true","{""day"": 6, ""month"": 7}","INT","2026-01-15 08:44:45.704242+01"
"Tag der Schokolade","World Chocolate Day – Erinnert an die Einführung der Schokolade in Europa im Jahr 1550.","true","{""day"": 7, ""month"": 7}","INT","2026-01-15 08:44:45.704242+01"
"Sag-die-Wahrheit-Tag","Tell the Truth Day – Ein Tag, der dazu ermutigt, ehrlich zu sich selbst und anderen zu sein.","true","{""day"": 7, ""month"": 7}","INT","2026-01-15 08:44:45.704242+01"
"Globaler Tag des Verzeihens","Global Forgiveness Day – Ein Tag, um alten Groll loszulassen und Versöhnung zu suchen.","true","{""day"": 7, ""month"": 7}","INT","2026-01-15 08:44:45.704242+01"
"Tag der Unabhängigkeit (Salomonen)","Nationalfeiertag zur Erinnerung an die Unabhängigkeit vom Vereinigten Königreich im Jahr 1978.","true","{""day"": 7, ""month"": 7}","SB","2026-01-15 08:44:45.704242+01"
"Tag des Erdbeer-Sundae","National Strawberry Sundae Day – Ein kulinarischer Gedenktag für den Eisbecher-Klassiker.","true","{""day"": 7, ""month"": 7}","US","2026-01-15 08:44:45.704242+01"
"Tanabata (Sternenfest)","Ein traditionelles japanisches Fest, das die Begegnung der Sterne Wega und Altair feiert.","true","{""day"": 7, ""month"": 7}","JP","2026-01-15 08:44:45.704242+01"
"Tag der Macaroni","National Macaroni Day – Ein Tag zur Feier der vielseitigen Röhrennudeln.","true","{""day"": 7, ""month"": 7}","INT","2026-01-15 08:44:45.704242+01"
"Videospiel-Tag","National Video Game Day – Ein Tag zur Feier der Gaming-Kultur und der Klassiker der Konsolengeschichte.","true","{""day"": 8, ""month"": 7}","INT","2026-01-15 08:44:45.704242+01"
"Tag der Schokomilch","National Chocolate Milk Day – Ein kulinarischer Gedenktag zu Ehren des beliebten Mischgetränks.","true","{""day"": 8, ""month"": 7}","INT","2026-01-15 08:44:45.704242+01"
"Witz-an-deinen-Hintermann-Tag","Be a Kid Again Day – Ein Tag, der dazu einlädt, die Ernsthaftigkeit des Alltags abzulegen und kindlichen Spaß zu haben.","true","{""day"": 8, ""month"": 7}","INT","2026-01-15 08:44:45.704242+01"
"Tag der Flugabwehr (Ukraine)","Ein Gedenktag zu Ehren der Soldaten der ukrainischen Flugabwehrtruppen.","true","{""day"": 8, ""month"": 7}","UA","2026-01-15 08:44:45.704242+01"
"Tag der Familienliebe und Treue (Russland)","Ein Gedenktag zu Ehren der Heiligen Peter und Fevronia, das Pendant zum Valentinstag.","true","{""day"": 8, ""month"": 7}","RU","2026-01-15 08:44:45.704242+01"
"Gedenktag des Heiligen Kilian","Irland-Missionar und Frankenapostel, Schutzpatron der Region Franken und der Stadt Würzburg.","true","{""day"": 8, ""month"": 7}","DE","2026-01-15 08:44:45.704242+01"
"Tag des Blaubeer-Muffins","National Blueberry Muffin Day – Ein Tag zur Feier des fruchtigen Frühstücksgebäcks.","true","{""day"": 8, ""month"": 7}","US","2026-01-15 08:44:45.704242+01"
"Tag der Unabhängigkeit (Südsudan)","Nationalfeiertag zur Erinnerung an die Unabhängigkeit vom Sudan im Jahr 2011; der Südsudan ist damit der jüngste Staat der Welt.","true","{""day"": 9, ""month"": 7}","SS","2026-01-15 08:44:45.704242+01"
"Tag der Zuckerwatte","National Cotton Candy Day – Ein kulinarischer Gedenktag zu Ehren der luftigen Jahrmarkt-Süßigkeit.","true","{""day"": 9, ""month"": 7}","INT","2026-01-15 08:44:45.704242+01"
"Tag der Unabhängigkeit (Argentinien)","Día de la Independencia – Gedenkt der Erklärung der Unabhängigkeit von Spanien im Jahr 1816.","true","{""day"": 9, ""month"": 7}","AR","2026-01-15 08:44:45.704242+01"
"Tag der Verfassung (Palau)","Gedenktag an die Verabschiedung der Verfassung im Jahr 1980.","true","{""day"": 9, ""month"": 7}","PW","2026-01-15 08:44:45.704242+01"
"Keine-toten-Winkel-mehr-Tag","Ein Aktionstag zur Verkehrssicherheit, der besonders auf die Gefahren durch den toten Winkel bei LKW aufmerksam macht.","true","{""day"": 9, ""month"": 7}","INT","2026-01-15 08:44:45.704242+01"
"Tag des Nunavut-Territoriums","Nunavut Day – Feiert die offizielle Gründung des kanadischen Territoriums Nunavut im Jahr 1993.","true","{""day"": 9, ""month"": 7}","CA-NU","2026-01-15 08:44:45.704242+01"
"Gedenktag des Heiligen Nikolaus Pieck und Gefährten","Erinnert an die Märtyrer von Gorkum, die im 16. Jahrhundert für ihren Glauben starben.","true","{""day"": 9, ""month"": 7}","INT","2026-01-15 08:44:45.704242+01"
"Unabhängigkeitstag der Bahamas","Nationalfeiertag zur Erinnerung an die Erlangung der vollen Unabhängigkeit vom Vereinigten Königreich im Jahr 1973.","true","{""day"": 10, ""month"": 7}","BS","2026-01-15 08:44:45.704242+01"
"Piña-Colada-Tag","Ein kulinarischer Ehrentag für den weltberühmten Cocktail aus Rum, Kokosnusscreme und Ananassaft.","true","{""day"": 10, ""month"": 7}","INT","2026-01-15 08:44:45.704242+01"
"Nikola-Tesla-Tag","Gedenktag am Geburtstag des Erfinders und Elektroingenieurs Nikola Tesla (1856), der die moderne Elektrotechnik revolutionierte.","true","{""day"": 10, ""month"": 7}","INT","2026-01-15 08:44:45.704242+01"
"Tag der Stille (International)","Ein Aktionstag, der dazu einlädt, die Lärmverschmutzung zu reduzieren und Momente der Ruhe bewusst zu erleben.","true","{""day"": 10, ""month"": 7}","INT","2026-01-15 08:44:45.704242+01"
"Tag des Teddybären-Picknicks","Teddy Bears’ Picnic Day – Ein verspielter Gedenktag, besonders für Kinder, die ihre Plüschtiere zum Essen im Freien mitnehmen.","true","{""day"": 10, ""month"": 7}","INT","2026-01-15 08:44:45.704242+01"
"Tag der Verfassung (Mauritius)","Erinnert an die Einführung der Selbstverwaltung im Jahr 1964.","true","{""day"": 10, ""month"": 7}","MU","2026-01-15 08:44:45.704242+01"
"Tag der Pizza mit allem außer Sardellen","National Pizza Day (Specialty) – Ein humorvoller kulinarischer Nischentag für alle Pizza-Fans, die keine Sardellen mögen.","true","{""day"": 10, ""month"": 7}","US","2026-01-15 08:44:45.704242+01"
"Weltbevölkerungstag","Ein von der UN ausgerufener Tag, um auf die Herausforderungen und Chancen des globalen Bevölkerungswachstums aufmerksam zu machen.","true","{""day"": 11, ""month"": 7}","INT","2026-01-15 08:51:02.570015+01"
"Tag der einsamen Herzen","All American Pet Photo Day / Cheer Up the Lonely Day – Ein Tag, um einsamen Menschen eine Freude zu machen oder Zeit zu schenken.","true","{""day"": 11, ""month"": 7}","INT","2026-01-15 08:51:02.570015+01"
"Tag der Blaubeermuffins","National Blueberry Muffin Day – Ein kulinarischer Gedenktag zu Ehren des beliebten Gebäcks.","true","{""day"": 11, ""month"": 7}","US","2026-01-15 08:51:02.570015+01"
"Tag der Slurpees (7-Eleven Day)","Ein Marketing-Feiertag, an dem die Kette 7-Eleven oft kostenlose Slurpees verteilt, passend zum Datum 7/11.","true","{""day"": 11, ""month"": 7}","INT","2026-01-15 08:51:02.570015+01"
"Gedenktag des Heiligen Benedikt von Nursia","Der Schutzpatron Europas und Ordensgründer der Benediktiner wird an diesem Tag besonders geehrt.","true","{""day"": 11, ""month"": 7}","EU","2026-01-15 08:51:02.570015+01"
"Tag des freien Schwimmens im Meer","Ein Tag, der dazu einlädt, die Freiheit und die Natur beim Schwimmen in offenen Gewässern zu genießen.","true","{""day"": 11, ""month"": 7}","INT","2026-01-15 08:51:02.570015+01"
"Tag der Verfassung (Mongolei)","Beginn des Naadam-Festes, dem wichtigsten Nationalfeiertag der Mongolei mit traditionellen Sportarten.","true","{""day"": 11, ""month"": 7}","MN","2026-01-15 08:51:02.570015+01"
"Malala-Tag","Von den Vereinten Nationen ausgerufen, um das Recht auf Bildung für alle Kinder zu fordern; am Geburtstag von Malala Yousafzai.","true","{""day"": 12, ""month"": 7}","INT","2026-01-15 08:51:02.570015+01"
"Tag der Einfachheit","Simplicity Day – Gedenktag zu Ehren des Autors Henry David Thoreau, der für ein einfacheres, naturverbundenes Leben plädierte.","true","{""day"": 12, ""month"": 7}","INT","2026-01-15 08:51:02.570015+01"
"Tag der Unabhängigkeit (Kiribati)","Nationalfeiertag zur Erinnerung an die Erlangung der Unabhängigkeit vom Vereinigten Königreich im Jahr 1979.","true","{""day"": 12, ""month"": 7}","KI","2026-01-15 08:51:02.570015+01"
"Tag der Unabhängigkeit (São Tomé und Príncipe)","Gedenktag an die Unabhängigkeit von Portugal im Jahr 1975.","true","{""day"": 12, ""month"": 7}","ST","2026-01-15 08:51:02.570015+01"
"Pekannuss-Torte-Tag","National Pecan Pie Day – Ein kulinarischer Gedenktag zu Ehren des klassischen amerikanischen Kuchens.","true","{""day"": 12, ""month"": 7}","US","2026-01-15 08:51:02.570015+01"
"Papierbeutel-Tag","Paper Bag Day – Erinnert an die Patentierung der ersten Maschine zur Herstellung von Papiertüten im Jahr 1859.","true","{""day"": 12, ""month"": 7}","INT","2026-01-15 08:51:02.570015+01"
"Oranier-Tag (The Twelfth)","Ein nordirischer Gedenktag zur Erinnerung an die Schlacht am Boyne im Jahr 1690.","true","{""day"": 12, ""month"": 7}","UK-NIR","2026-01-15 08:51:02.570015+01"
"Tag der Pommes Frites","National French Fry Day – Ein kulinarischer Ehrentag für eine der weltweit beliebtesten Beilagen.","true","{""day"": 13, ""month"": 7}","INT","2026-01-15 08:51:02.570015+01"
"Rock-am-Radio-Tag","Gedenktag an das legendäre Live-Aid-Konzert vom 13. Juli 1985, das gleichzeitig in London und Philadelphia stattfand.","true","{""day"": 13, ""month"": 7}","INT","2026-01-15 08:51:02.570015+01"
"Tag der Fleischklößchen","National Meatball Day (mancherorts auch im März) – Ein Festtag für Fans von Köttbullar, Polpette und Co.","true","{""day"": 13, ""month"": 7}","INT","2026-01-15 08:51:02.570015+01"
"Tag des Staates (Montenegro)","Nationalfeiertag zur Erinnerung an den Beginn des Aufstands gegen die Besatzer 1941 und die Anerkennung der Unabhängigkeit 1878.","true","{""day"": 13, ""month"": 7}","ME","2026-01-15 08:51:02.570015+01"
"Gedenktag des Heiligen Heinrich II.","Gedenktag des heiligen Kaisers des Heiligen Römischen Reiches, Patron der Stadt Bamberg.","true","{""day"": 13, ""month"": 7}","DE","2026-01-15 08:51:02.570015+01"
"Umarme-deinen-Geek-Tag","Embrace Your Geekness Day – Ein Tag, um zu seinen speziellen Hobbys und Leidenschaften zu stehen.","true","{""day"": 13, ""month"": 7}","INT","2026-01-15 08:51:02.570015+01"
"Tag der Bohne","National Bean Day – Zur Wertschätzung von Hülsenfrüchten als nachhaltige Proteinquelle.","true","{""day"": 13, ""month"": 7}","INT","2026-01-15 08:51:02.570015+01"
"Nationalfeiertag Frankreich (Bastille-Tag)","Gedenktag an den Sturm auf die Bastille 1789, ein zentrales Ereignis der Französischen Revolution.","true","{""day"": 14, ""month"": 7}","FR","2026-01-15 08:51:02.570015+01"
"Welt-Schimpansen-Tag","Ein Aktionstag zu Ehren unserer nächsten Verwandten, initiiert am Jahrestag von Jane Goodalls Ankunft im Gombe-Stream-Nationalpark.","true","{""day"": 14, ""month"": 7}","INT","2026-01-15 08:51:02.570015+01"
"Internationaler Non-Binary People’s Day","Ein Tag zur Sichtbarkeit und Feier von Menschen, die sich außerhalb der zweigeteilten Geschlechterordnung identifizieren.","true","{""day"": 14, ""month"": 7}","INT","2026-01-15 08:51:02.570015+01"
"Tag des Haifischbewusstseins","Shark Awareness Day – Ein Tag zur Aufklärung über die ökologische Bedeutung von Haien und gegen ihre Stigmatisierung.","true","{""day"": 14, ""month"": 7}","INT","2026-01-15 08:51:02.570015+01"
"Tag des Pandemoniums","Pandemonium Day – Ein humorvoller Tag, um das kreative Chaos im Leben zu feiern und sich von starren Plänen zu befreien.","true","{""day"": 14, ""month"": 7}","INT","2026-01-15 08:51:02.570015+01"
"Tag der Makkaroni mit Käse","National Mac and Cheese Day – Ein kulinarischer Gedenktag für eines der beliebtesten ""Comfort Foods"" weltweit.","true","{""day"": 14, ""month"": 7}","US","2026-01-15 08:51:02.570015+01"
"Gedenktag des Heiligen Kamillus von Lellis","Patron der Kranken, Krankenhäuser und des Pflegepersonals.","true","{""day"": 14, ""month"": 7}","INT","2026-01-15 08:51:02.570015+01"
"Welttag für den Kompetenzentwicklungsbedarf Jugendlicher","Ein von der UN ausgerufener Tag, um die Bedeutung der beruflichen Bildung und Qualifizierung junger Menschen hervorzuheben.","true","{""day"": 15, ""month"": 7}","INT","2026-01-15 08:51:02.570015+01"
"Tag der Demokratie und nationalen Einheit (Türkei)","Gedenktag zur Erinnerung an den gescheiterten Putschversuch vom 15. Juli 2016.","true","{""day"": 15, ""month"": 7}","TR","2026-01-15 08:51:02.570015+01"
"Tag des Gummi-Entchens","Ein kurioser Feiertag zu Ehren des klassischen gelben Badespielzeugs, das weltweit Kultstatus genießt.","true","{""day"": 15, ""month"": 7}","INT","2026-01-15 08:51:02.570015+01"
"Tag der Tapioka-Perlen","National Tapioca Pudding Day (Ersatztermin) – Ein kulinarischer Gedenktag für die vielseitigen Stärkekugeln.","true","{""day"": 15, ""month"": 7}","INT","2026-01-15 08:51:02.570015+01"
"Tag des Haustier-Feuerlöschers","Pet Fire Safety Day – Ein Aktionstag, der Tierbesitzer sensibilisiert, ihre Haie und Katzen für Notfälle vorzubereiten.","true","{""day"": 15, ""month"": 7}","US","2026-01-15 08:51:02.570015+01"
"Gedenktag des Heiligen Bonaventura","Bedeutender Theologe, Philosoph und Kirchenlehrer des Franziskanerordens.","true","{""day"": 15, ""month"": 7}","INT","2026-01-15 08:51:02.570015+01"
"Swithun-Tag","Ein englischer Lostag; das Wetter an diesem Tag soll (ähnlich wie beim Siebenschläfer) 40 Tage lang anhalten.","true","{""day"": 15, ""month"": 7}","UK","2026-01-15 08:51:02.570015+01"
"Welt-Schlangentag","Ein Aktionstag zur Aufklärung über die ökologische Bedeutung von Schlangen und zum Abbau von Vorurteilen gegenüber diesen Reptilien.","true","{""day"": 16, ""month"": 7}","INT","2026-01-15 08:51:02.570015+01"
"Start-von-Apollo-11-Tag","Erinnert an den Start der legendären Mondmission im Jahr 1969 vom Kennedy Space Center.","true","{""day"": 16, ""month"": 7}","INT","2026-01-15 08:51:02.570015+01"
"Tag der Corned Beef-Pastete","National Corned Beef Hash Day – Ein kulinarischer Gedenktag für das traditionelle Frühstücksgericht.","true","{""day"": 16, ""month"": 7}","US","2026-01-15 08:51:02.570015+01"
"Tag des persönlichen Wohlbefindens","Personal Chef Day – Würdigt die Arbeit von Privatköchen und betont die Bedeutung einer gesunden, individuell zubereiteten Ernährung.","true","{""day"": 16, ""month"": 7}","INT","2026-01-15 08:51:02.570015+01"
"Gedenktag Unserer Lieben Frau auf dem Berge Karmel","Das Patronatsfest des Karmelitenordens und ein bedeutender Mariengedenktag.","true","{""day"": 16, ""month"": 7}","INT","2026-01-15 08:51:02.570015+01"
"Tag der Befreiung (La Paz)","Ein wichtiger regionaler Feiertag in Bolivien zur Erinnerung an den Aufstand von 1809.","true","{""day"": 16, ""month"": 7}","BO","2026-01-15 08:51:02.570015+01"
"Meerschweinchen-Tag","Guinea Pig Appreciation Day – Ein Ehrentag für die beliebten kleinen Nagetiere.","true","{""day"": 16, ""month"": 7}","INT","2026-01-15 08:51:02.570015+01"
"World Emoji Day","Ein globaler Feiertag zur Feier der digitalen Symbole; das Datum bezieht sich auf das Kalender-Emoji in iOS.","true","{""day"": 17, ""month"": 7}","INT","2026-01-15 08:51:02.570015+01"
"Tag der internationalen Strafjustiz","Erinnert an die Annahme des Römischen Statuts 1998, der Grundlage für den Internationalen Strafgerichtshof.","true","{""day"": 17, ""month"": 7}","INT","2026-01-15 08:51:02.570015+01"
"Gelbe-Schweine-Tag","Yellow Pig Day – Ein humorvoller Tag, der in den 1960ern von Mathematikstudenten zu Ehren der Zahl 17 ins Leben gerufen wurde.","true","{""day"": 17, ""month"": 7}","INT","2026-01-15 08:51:02.570015+01"
"Tag des Pfirsicheises","National Peach Ice Cream Day – Ein kulinarischer Gedenktag, der die sommerliche Ernte der Pfirsiche feiert.","true","{""day"": 17, ""month"": 7}","US","2026-01-15 08:51:02.570015+01"
"Tag des Tattoos","National Tattoo Day – Ein Tag zur Wertschätzung der Körperkunst und der Geschichte des Tätowierens.","true","{""day"": 17, ""month"": 7}","INT","2026-01-15 08:51:02.570015+01"
"Verfassungstag (Südkorea)","Gedenktag an die Verkündung der südkoreanischen Verfassung im Jahr 1948.","true","{""day"": 17, ""month"": 7}","KR","2026-01-15 08:51:02.570015+01"
"Gedenktag der seligen Karmelitinnen von Compiègne","Erinnert an die 16 Nonnen, die während der Französischen Revolution hingerichtet wurden.","true","{""day"": 17, ""month"": 7}","FR","2026-01-15 08:51:02.570015+01"
"Nelson-Mandela-Tag","Internationaler UN-Gedenktag zur Feier von Mandelas Geburtstag und seinem Einsatz für Frieden, Versöhnung und Menschenrechte.","true","{""day"": 18, ""month"": 7}","INT","2026-01-15 08:51:02.570015+01"
"Welttag des Zuhörens","World Listening Day – rückt die Bedeutung des bewussten Zuhörens und der akustischen Ökologie in den Mittelpunkt.","true","{""day"": 18, ""month"": 7}","INT","2026-01-15 08:51:02.570015+01"
"Tag der Kaviar-Liebhaber","National Caviar Day – Ein kulinarischer Gedenktag zu Ehren der edlen Delikatesse.","true","{""day"": 18, ""month"": 7}","INT","2026-01-15 08:51:02.570015+01"
"Tag des Sour Candy (Saure Süßigkeiten)","National Sour Candy Day – Ein Tag für alle, die es bei Süßwaren gerne säuerlich und prickelnd mögen.","true","{""day"": 18, ""month"": 7}","US","2026-01-15 08:51:02.570015+01"
"Versicherungstag","National Insurance Day – Ein praktischer Tag zur Überprüfung der eigenen Vorsorge und Absicherung.","true","{""day"": 18, ""month"": 7}","INT","2026-01-15 08:51:02.570015+01"
"Gedenktag des Heiligen Arnulf von Metz","Schutzpatron der Brauer und Namensgeber für das Arnulf-Fest; ein bedeutender fränkischer Bischof.","true","{""day"": 18, ""month"": 7}","FR/DE","2026-01-15 08:51:02.570015+01"
"Tag der Verfassung (Uruguay)","Jura de la Constitución – Gedenktag an die feierliche Vereidigung der ersten Verfassung im Jahr 1830.","true","{""day"": 18, ""month"": 7}","UY","2026-01-15 08:51:02.570015+01"
"Tag des Müßiggangs","World Sauntering Day – Ein Tag, der dazu einlädt, das Tempo zu drosseln, gemütlich zu schlendern und das Leben ohne Eile zu genießen.","true","{""day"": 19, ""month"": 7}","INT","2026-01-15 08:51:02.570015+01"
"Tag der Daiquiri-Liebhaber","National Daiquiri Day – Ein kulinarischer Ehrentag für den klassischen kubanischen Cocktail aus Rum, Limette und Zucker.","true","{""day"": 19, ""month"": 7}","INT","2026-01-15 08:51:02.570015+01"
"Seneca Falls Gedenktag","Erinnert an den Beginn der ersten Frauenrechtskonvention (Seneca Falls Convention) im Jahr 1848, einem Meilenstein des Feminismus.","true","{""day"": 19, ""month"": 7}","US","2026-01-15 08:51:02.570015+01"
"Alternativtermin für Tag der Garfield-Comics","Alternativtermin, der in manchen Kalendern für Tag der Garfield-Comics geführt wird.","true","{""day"": 19, ""month"": 7}","INT","2026-01-15 08:51:02.570015+01"
"Tag der Unabhängigkeit (Laos)","Gedenktag zur Erlangung der Unabhängigkeit von Frankreich im Jahr 1949.","true","{""day"": 19, ""month"": 7}","LA","2026-01-15 08:51:02.570015+01"
"Tag der Zungenbrecher","International Tongue Twister Day (Sommer-Termin) – Ein spielerischer Tag für linguistische Herausforderungen.","true","{""day"": 19, ""month"": 7}","INT","2026-01-15 08:51:02.570015+01"
"Gedenktag der Heiligen Makrina die Jüngere","Die ""Lehrerin"" und Schwester von Basilius dem Großen, hochverehrt in der orthodoxen und katholischen Kirche.","true","{""day"": 19, ""month"": 7}","INT","2026-01-15 08:51:02.570015+01"
"Tag der Märtyrer (Myanmar)","Ein bedeutender nationaler Gedenktag zu Ehren von Aung San und weiteren Mitgliedern der Übergangsregierung, die 1947 ermordet wurden.","true","{""day"": 19, ""month"": 7}","MM","2026-01-15 08:51:02.570015+01"
"Internationaler Weltschachtag","Gedenktag zur Gründung des Weltschachverbandes FIDE im Jahr 1924; feiert das Schachspiel als Symbol für Strategie und Logik.","true","{""day"": 20, ""month"": 7}","INT","2026-01-15 08:51:02.570015+01"
"Weltraumtag (Tag der Mondlandung)","Erinnert an die erste bemannte Mondlandung durch Apollo 11 im Jahr 1969 und die berühmten Worte von Neil Armstrong.","true","{""day"": 20, ""month"": 7}","INT","2026-01-15 08:51:02.570015+01"
"Gedenktag zum 20. Juli 1944","Erinnert an das versuchte Attentat von Claus Schenk Graf von Stauffenberg auf Adolf Hitler und den Widerstand gegen den Nationalsozialismus.","true","{""day"": 20, ""month"": 7}","DE","2026-01-15 08:51:02.570015+01"
"Welt-Lollipop-Tag","National Lollipop Day – Ein kulinarischer Gedenktag zu Ehren der bunten Dauerlutscher.","true","{""day"": 20, ""month"": 7}","INT","2026-01-15 08:51:02.570015+01"
"Tag der Unabhängigkeit (Kolumbien)","Nationalfeiertag zur Erinnerung an die Unabhängigkeitserklärung von Spanien im Jahr 1810.","true","{""day"": 20, ""month"": 7}","CO","2026-01-15 08:51:02.570015+01"
"Tag des Glückskekses","National Fortune Cookie Day – Ein Tag zur Feier der knusprigen Kekse mit den verborgenen Botschaften.","true","{""day"": 20, ""month"": 7}","INT","2026-01-15 08:51:02.570015+01"
"Tag der hässlichen LKW","Ugly Truck Day – Ein kurioser Gedenktag, der die Zuverlässigkeit alter, verbeulter Lastkraftwagen feiert.","true","{""day"": 20, ""month"": 7}","INT","2026-01-15 08:51:02.570015+01"
"Gedenktag des Propheten Elija","Ein bedeutender biblischer Prophet, der in der jüdischen, christlichen und islamischen Tradition verehrt wird.","true","{""day"": 20, ""month"": 7}","INT","2026-01-15 08:51:02.570015+01"
"Nationaler Gedenktag für verstorbene Drogenabhängige","Ein Tag des Erinnerns an die Opfer von Drogensucht und zur Forderung einer humaneren Drogenpolitik.","true","{""day"": 21, ""month"": 7}","DE","2026-01-15 08:51:02.570015+01"
"Nationalfeiertag Belgien","Erinnert an den Amtseid von Leopold I. im Jahr 1831, dem ersten König der Belgier.","true","{""day"": 21, ""month"": 7}","BE","2026-01-15 08:51:02.570015+01"
"Tag des Junkfoods","National Junk Food Day – Ein Tag, an dem man sich bewusst und ohne schlechtes Gewissen seinen liebsten ungesunden Snacks widmen darf.","true","{""day"": 21, ""month"": 7}","INT","2026-01-15 08:51:02.570015+01"
"Lerne-deine-Insel-kennen-Tag","Local Island Awareness Day – Ein Aktionstag zur Förderung des Tourismus und Schutzes lokaler Inselökosysteme.","true","{""day"": 21, ""month"": 7}","INT","2026-01-15 08:51:02.570015+01"
"Gedenktag zur Befreiung (Guam)","Liberation Day – Erinnert an die Befreiung der Insel von der japanischen Besatzung im Jahr 1944.","true","{""day"": 21, ""month"": 7}","GU","2026-01-15 08:51:02.570015+01"
"Tag der Unabhängigkeit (Belgien)","Zusätzlicher Aspekt des belgischen Nationalfeiertags zur Feier der staatlichen Souveränität.","true","{""day"": 21, ""month"": 7}","BE","2026-01-15 08:51:02.570015+01"
"Gedenktag des Heiligen Laurentius von Brindisi","Kirchenlehrer und Kapuzinerpater, bekannt für sein diplomatisches Geschick im 16. Jahrhundert.","true","{""day"": 21, ""month"": 7}","INT","2026-01-15 08:51:02.570015+01"
"Welthirntag","World Brain Day – Eine Initiative der World Federation of Neurology zur Aufklärung über Hirngesundheit und Prävention.","true","{""day"": 22, ""month"": 7}","INT","2026-01-15 08:51:02.570015+01"
"Tag der Hängematte","Hammock Day – Ein inoffizieller Feiertag, der dazu aufruft, die Seele baumeln zu lassen und im Freien zu entspannen.","true","{""day"": 22, ""month"": 7}","INT","2026-01-15 08:51:02.570015+01"
"Pi-Annäherungstag","Gedenktag für die Kreiszahl Pi, da der Bruch 22/7 eine mathematische Annäherung an den Wert von Pi darstellt.","true","{""day"": 22, ""month"": 7}","INT","2026-01-15 08:51:02.570015+01"
"Gedenktag der Heiligen Maria Magdalena","Festtag der „Apostelin der Apostel“; seit 2016 im römischen Generalkalender den Apostelfesten gleichgestellt.","true","{""day"": 22, ""month"": 7}","INT","2026-01-15 08:51:02.570015+01"
"Tag der Ratte","Ratcatcher’s Day – Erinnert an die Sage des Rattenfängers von Hameln, der laut Überlieferung am 22. Juli 1284 die Kinder entführte.","true","{""day"": 22, ""month"": 7}","DE","2026-01-15 08:51:02.570015+01"
"Tag des Penuche-Fudge","National Penuche Fudge Day – Ein kulinarischer Gedenktag für die aus braunem Zucker hergestellte Karamell-Süßware.","true","{""day"": 22, ""month"": 7}","US","2026-01-15 08:51:02.570015+01"
"Tag der Verfassung (Aserbaidschan)","Nationalfeiertag zu Ehren der nationalen Presse und Information.","true","{""day"": 22, ""month"": 7}","AZ","2026-01-15 08:51:02.570015+01"
"Tag des Hot Dogs","National Hot Dog Day – Ein kulinarischer Ehrentag für den Klassiker im Brötchen, der besonders im Sommer zelebriert wird.","true","{""day"": 23, ""month"": 7}","INT","2026-01-15 08:51:02.570015+01"
"Sprich-wie-ein-Seemann-Tag","International Talk Like a Pirate Day (Ersatztermin/Abwandlung) – Ein humorvoller Tag für nautischen Slang und Seemannsgarn.","true","{""day"": 23, ""month"": 7}","INT","2026-01-15 08:51:02.570015+01"
"Tag der Revolution (Ägypten)","Nationalfeiertag zur Erinnerung an die Revolution von 1952 und die Ausrufung der Republik.","true","{""day"": 23, ""month"": 7}","EG","2026-01-15 08:51:02.570015+01"
"Tag der Renaissance (Oman)","Renaissance Day – Feiert den Thronantritt von Sultan Qabus im Jahr 1970 und den Beginn der Modernisierung des Landes.","true","{""day"": 23, ""month"": 7}","OM","2026-01-15 08:51:02.570015+01"
"Vanilleeis-Tag","National Vanilla Ice Cream Day – Ein Gedenktag für die weltweit beliebteste Eissorte.","true","{""day"": 23, ""month"": 7}","INT","2026-01-15 08:51:02.570015+01"
"Alternativtermin für Tag des Zeichentrickfilms","Alternativtermin, der in manchen Kalendern für Tag des Zeichentrickfilms geführt wird.","true","{""day"": 23, ""month"": 7}","INT","2026-01-15 08:51:02.570015+01"
"Gedenktag der Heiligen Birgitta von Schweden","Patronin Europas und Ordensgründerin der Erlöserorden (Birgittinnen).","true","{""day"": 23, ""month"": 7}","EU","2026-01-15 08:51:02.570015+01"
"Tag der Freude","International Day of Joy – Ein Tag, um das Glück im Alltag zu suchen und positive Energie mit Mitmenschen zu teilen.","true","{""day"": 24, ""month"": 7}","INT","2026-01-15 08:51:02.570015+01"
"Tag der Cousins und Cousinen","National Cousins Day – Ein Ehrentag für die oft ersten Freunde im Leben innerhalb der erweiterten Familie.","true","{""day"": 24, ""month"": 7}","INT","2026-01-15 08:51:02.570015+01"
"Pionier-Tag (Utah)","Pioneer Day – Gedenktag an den Einzug von Brigham Young und den mormonischen Pionieren ins Salt Lake Valley 1847.","true","{""day"": 24, ""month"": 7}","US-UT","2026-01-15 08:51:02.570015+01"
"Tag des Tequila","National Tequila Day – Ein kulinarischer Gedenktag zu Ehren der mexikanischen Agaven-Spirituose.","true","{""day"": 24, ""month"": 7}","INT","2026-01-15 08:51:02.570015+01"
"Tag der Autoverwertung","Ein Aktionstag, der auf die Bedeutung von Recycling und nachhaltiger Ressourcenrückgewinnung in der Automobilindustrie aufmerksam macht.","true","{""day"": 24, ""month"": 7}","INT","2026-01-15 08:51:02.570015+01"
"Gedenktag der Heiligen Christina von Bolsena","Frühchristliche Märtyrerin und Schutzpatronin der Müller, Bogenschützen und Seeleute.","true","{""day"": 24, ""month"": 7}","INT","2026-01-15 08:51:02.570015+01"
"Simon-Bolivar-Tag","Gedenktag an den Geburtstag des ""Libertador"" Simón Bolívar, der die Unabhängigkeit vieler südamerikanischer Staaten anführte.","true","{""day"": 24, ""month"": 7}","VE/CO/EC","2026-01-15 08:51:02.570015+01"
"Fahre-mit-deinem-Oldtimer-zur-Arbeit-Tag","Drive Your Antique Car to Work Day – Ein Tag zur Präsentation von historischen Fahrzeugen im Alltag.","true","{""day"": 24, ""month"": 7}","INT","2026-01-15 08:51:02.570015+01"
"Welttag der Prävention gegen Ertrinken","Ein von der WHO koordinierter Tag, um auf Ertrinken als vermeidbare Todesursache aufmerksam zu machen.","true","{""day"": 25, ""month"": 7}","INT","2026-01-15 08:51:02.570015+01"
"Jakobustag (St. James Day)","Gedenktag des Apostels Jakobus des Älteren, Schutzpatron der Pilger; wichtigster Tag für den Jakobsweg.","true","{""day"": 25, ""month"": 7}","INT","2026-01-15 08:51:02.570015+01"
"Nationalfeiertag (Galicien)","Dia da Patria Galega – fällt zusammen mit dem Jakobustag und feiert die Identität der Region Galicien.","true","{""day"": 25, ""month"": 7}","ES-GA","2026-01-15 08:51:02.570015+01"
"Tag des Karussells","Merry-Go-Round Day – Erinnert an das erste Patent für ein modernes Karussell in den USA im Jahr 1871.","true","{""day"": 25, ""month"": 7}","INT","2026-01-15 08:51:02.570015+01"
"Tag der kulinarischen Vielfalt (Hot Fudge Sundae Day)","National Hot Fudge Sundae Day – Ein Genusstag für Liebhaber von warmem Schokoguss auf Eis.","true","{""day"": 25, ""month"": 7}","US","2026-01-15 08:51:02.570015+01"
"Tag der Verfassung (Puerto Rico)","Gedenktag an die Proklamation der Verfassung des assoziierten Freistaats im Jahr 1952.","true","{""day"": 25, ""month"": 7}","PR","2026-01-15 08:51:02.570015+01"
"Tag der tunesischen Republik","Nationalfeiertag zur Erinnerung an die Ausrufung der Republik im Jahr 1957.","true","{""day"": 25, ""month"": 7}","TN","2026-01-15 08:51:02.570015+01"
"Tag der Onkel und Tanten","Aunt and Uncle Day – Ein Ehrentag für die Geschwister der Eltern, die oft eine wichtige Vertrauensrolle in der Familie einnehmen.","true","{""day"": 26, ""month"": 7}","INT","2026-01-15 08:51:02.570015+01"
"Welttag für den Schutz des Mangroven-Ökosystems","Ein UNESCO-Aktionstag zur Sensibilisierung für die ökologische Bedeutung und den Erhalt der Mangrovenwälder.","true","{""day"": 26, ""month"": 7}","INT","2026-01-15 08:51:02.570015+01"
"Tag des Kaffeeschüttelns (Coffee Milkshake Day)","National Coffee Milkshake Day – Ein kulinarischer Gedenktag für die eiskalte Kombination aus Koffein und Milcheis.","true","{""day"": 26, ""month"": 7}","US","2026-01-15 08:51:02.570015+01"
"Tag der nationalen Rebellion (Kuba)","Día de la Rebeldía Nacional – erinnert an den Angriff auf die Moncada-Kaserne 1953 durch Fidel Castro.","true","{""day"": 26, ""month"": 7}","CU","2026-01-15 08:51:02.570015+01"
"Tag der Unabhängigkeit (Liberia)","Nationalfeiertag zur Erinnerung an die Unabhängigkeitserklärung der ersten afrikanischen Republik im Jahr 1847.","true","{""day"": 26, ""month"": 7}","LR","2026-01-15 08:51:02.570015+01"
"Tag der Unabhängigkeit (Malediven)","Gedenktag zur Erlangung der Unabhängigkeit vom britischen Protektorat im Jahr 1965.","true","{""day"": 26, ""month"": 7}","MV","2026-01-15 08:51:02.570015+01"
"Gedenktag der Heiligen Anna und Joachim","Die Eltern der Jungfrau Maria; Patronatstage für Großeltern und in vielen Regionen als „Annatag“ gefeiert.","true","{""day"": 26, ""month"": 7}","INT","2026-01-15 08:51:02.570015+01"
"Siebenschläfertag (Bauernregel)","Traditioneller Lostag: Das Wetter an diesem Tag soll den Charakter der kommenden sieben Wochen bestimmen.","true","{""day"": 27, ""month"": 7}","DE","2026-01-15 08:51:02.570015+01"
"Welttag der Kopf-Hals-Tumore","Ein globaler Aktionstag zur Aufklärung über Früherkennung und Behandlung von Krebserkrankungen im Kopf-Hals-Bereich.","true","{""day"": 27, ""month"": 7}","INT","2026-01-15 08:51:02.570015+01"
"Tag der Kleinst-, kleinen und mittleren Unternehmen","Ein UN-Tag zur Würdigung der Bedeutung von KMU für die Weltwirtschaft und nachhaltige Entwicklung.","true","{""day"": 27, ""month"": 7}","INT","2026-01-15 08:51:02.570015+01"
"Tag der Sonnenbrille","National Sunglasses Day – Ein Gesundheitstag, der über den Schutz der Augen vor UV-Strahlung informiert.","true","{""day"": 27, ""month"": 7}","INT","2026-01-15 08:51:02.570015+01"
"Tag der Unabhängigkeit (Dschibuti)","Nationalfeiertag zur Erinnerung an die Unabhängigkeit von Frankreich im Jahr 1977.","true","{""day"": 27, ""month"": 7}","DJ","2026-01-15 08:51:02.570015+01"
"Scotch-Whisky-Tag","National Scotch Day – Ein kulinarischer Gedenktag zu Ehren des schottischen Whiskys.","true","{""day"": 27, ""month"": 7}","INT","2026-01-15 08:51:02.570015+01"
"Gedenktag des Heiligen Pantaleon","Einer der vierzehn Nothelfer und Schutzpatron der Ärzte und Hebammen.","true","{""day"": 27, ""month"": 7}","INT","2026-01-15 08:51:02.570015+01"
"Gedenktag des Waffenstillstands (Korea)","Gedenktag zum Ende der Kampfhandlungen im Koreakrieg im Jahr 1953.","true","{""day"": 27, ""month"": 7}","KR","2026-01-15 08:51:02.570015+01"
"Welt-Hepatitis-Tag","Ein von der WHO koordinierter Aktionstag zur Aufklärung über Virushepatitis und zur Förderung von Prävention und Behandlung.","true","{""day"": 28, ""month"": 7}","INT","2026-01-15 08:51:02.570015+01"
"Tag der Unabhängigkeit (Peru)","Fiestas Patrias – Nationalfeiertag zur Erinnerung an die Unabhängigkeitserklärung von Spanien durch José de San Martín 1821.","true","{""day"": 28, ""month"": 7}","PE","2026-01-15 08:51:02.570015+01"
"Tag des Naturschutzes","World Nature Conservation Day – Ein globaler Tag zur Sensibilisierung für den Erhalt natürlicher Ressourcen und gesunder Ökosysteme.","true","{""day"": 28, ""month"": 7}","INT","2026-01-15 08:51:02.570015+01"
"Tag der Milchschokolade","National Milk Chocolate Day – Ein kulinarischer Gedenktag zu Ehren der cremigen Schokoladenvariante.","true","{""day"": 28, ""month"": 7}","INT","2026-01-15 08:51:02.570015+01"
"Tag der Öffentlich-Rechtlichen (Ukraine)","Gedenktag zur Taufe der Kiewer Rus und Tag der ukrainischen Staatlichkeit.","true","{""day"": 28, ""month"": 7}","UA","2026-01-15 08:51:02.570015+01"
"Buffalo-Soldiers-Tag","Gedenktag zu Ehren der afroamerikanischen Regimenter der US-Armee, die nach dem Bürgerkrieg dienten.","true","{""day"": 28, ""month"": 7}","US","2026-01-15 08:51:02.570015+01"
"Gedenktag von Johann Sebastian Bach","Todestag des berühmten Komponisten (1750), der in der evangelischen Kirche als bedeutender Zeuge des Glaubens geehrt wird.","true","{""day"": 28, ""month"": 7}","DE","2026-01-15 08:51:02.570015+01"
"Welt-Tiger-Tag","International Tiger Day – Ein Aktionstag zur Sensibilisierung für den Schutz der bedrohten Tiger und ihrer Lebensräume.","true","{""day"": 29, ""month"": 7}","INT","2026-01-15 08:51:02.570015+01"
"Tag der Lasagne","National Lasagna Day – Ein kulinarischer Gedenktag zu Ehren des geschichteten italienischen Nudelgerichts.","true","{""day"": 29, ""month"": 7}","INT","2026-01-15 08:51:02.570015+01"
"Tag des Lippenstifts","National Lipstick Day – Ein Tag zur Feier der Geschichte und der kulturellen Bedeutung des Lippenstifts als Ausdrucksmittel.","true","{""day"": 29, ""month"": 7}","INT","2026-01-15 08:51:02.570015+01"
"Tag der Regenflut","Rain Day – Ein lokaler Gedenktag aus Pennsylvania, an dem es der Legende nach fast jedes Jahr am 29. Juli regnet.","true","{""day"": 29, ""month"": 7}","US","2026-01-15 08:51:02.570015+01"
"Tag der Unabhängigkeit (Wallis und Futuna)","Nationalfeiertag zur Erinnerung an den Status als französisches Übersee-Territorium seit 1961.","true","{""day"": 29, ""month"": 7}","WF","2026-01-15 08:51:02.570015+01"
"Olavstag (Olsok)","Nationaler Feiertag in Norwegen und auf den Färöern zum Gedenken an König Olav den Heiligen.","true","{""day"": 29, ""month"": 7}","NO/FO","2026-01-15 08:51:02.570015+01"
"Tag des Chicken Wings","National Chicken Wing Day – Ein kulinarischer Ehrentag für die beliebten frittierten Hähnchenflügel.","true","{""day"": 29, ""month"": 7}","INT","2026-01-15 08:51:02.570015+01"
"Gedenktag der Heiligen Martha von Betanien","Patronin der Hausfrauen, Köche und Gastwirte; Schwester von Maria und Lazarus.","true","{""day"": 29, ""month"": 7}","INT","2026-01-15 08:51:02.570015+01"
"Internationaler Tag der Freundschaft","Ein von der UN ausgerufener Tag, um die Rolle der Freundschaft für Frieden und Verständnis zwischen Kulturen zu würdigen.","true","{""day"": 30, ""month"": 7}","INT","2026-01-15 08:51:02.570015+01"
"Welttag gegen Menschenhandel","Ein UN-Aktionstag, um auf die Notlage von Opfern von Menschenhandel aufmerksam zu machen und deren Rechte zu fördern.","true","{""day"": 30, ""month"": 7}","INT","2026-01-15 08:51:02.570015+01"
"Tag des Cheesecake","National Cheesecake Day – Ein kulinarischer Gedenktag zu Ehren der cremigen Käsetorte in all ihren Varianten.","true","{""day"": 30, ""month"": 7}","INT","2026-01-15 08:51:02.570015+01"
"Tag des Paperback-Buches","Paperback Book Day – Erinnert an die Veröffentlichung der ersten Penguin-Taschenbücher im Jahr 1935.","true","{""day"": 30, ""month"": 7}","INT","2026-01-15 08:51:02.570015+01"
"Tag der Unabhängigkeit (Vanuatu)","Nationalfeiertag zur Erinnerung an die Erlangung der Unabhängigkeit vom Vereinigten Königreich und Frankreich im Jahr 1980.","true","{""day"": 30, ""month"": 7}","VU","2026-01-15 08:51:02.570015+01"
"Tag der Thronbesteigung (Marokko)","Fête du Trône – Feiert die offizielle Thronbesteigung von König Mohammed VI. im Jahr 1999.","true","{""day"": 30, ""month"": 7}","MA","2026-01-15 08:51:02.570015+01"
"Schipper-Tag","Father-in-Law Day – Ein Ehrentag für den Schwiegervater.","true","{""day"": 30, ""month"": 7}","US","2026-01-15 08:51:02.570015+01"
"Weltranger-Tag","World Ranger Day – Ehren- und Gedenktag für Parkranger, die im Dienst verletzt wurden oder ums Leben kamen, sowie zur Anerkennung ihrer Naturschutzarbeit.","true","{""day"": 31, ""month"": 7}","INT","2026-01-15 08:59:59.499958+01"
"Tag des Mischlingshundes","Mutt’s Day – Ein Tag zur Feier von Hunden ohne Stammbaum und zur Förderung der Adoption aus Tierheimen.","true","{""day"": 31, ""month"": 7}","INT","2026-01-15 08:59:59.499958+01"
"Harry-Potter-Tag","Inoffizieller Fantag zu Ehren des Geburtstags der fiktiven Figur Harry Potter sowie seiner Schöpferin J.K. Rowling.","true","{""day"": 31, ""month"": 7}","INT","2026-01-15 08:59:59.499958+01"
"Tag der Avocado","National Avocado Day – Ein kulinarischer Gedenktag zur Feier der beliebten Superfrucht.","true","{""day"": 31, ""month"": 7}","INT","2026-01-15 08:59:59.499958+01"
"Tag der Unabhängigkeit (Hawaii)","Lā Hoʻihoʻi Ea – Ein historischer Feiertag zur Erinnerung an die Wiederherstellung der Souveränität Hawaiis im Jahr 1843.","true","{""day"": 31, ""month"": 7}","US-HI","2026-01-15 08:59:59.499958+01"
"Alternativtermin für Tag der Zuckerwatte","Alternativtermin, der in manchen Kalendern für Tag der Zuckerwatte geführt wird.","true","{""day"": 31, ""month"": 7}","INT","2026-01-15 08:59:59.499958+01"
"Gedenktag des Heiligen Ignatius von Loyola","Todestag des Gründers des Jesuitenordens (Societas Jesu), Schutzpatron der Exerzitien und Soldaten.","true","{""day"": 31, ""month"": 7}","INT","2026-01-15 08:59:59.499958+01"
"Schweizer Nationalfeiertag","Bundesfeiertag der Schweiz zur Erinnerung an den Bundesbrief von 1291 und die Gründung der Eidgenossenschaft.","true","{""day"": 1, ""month"": 8}","CH","2026-01-15 10:42:55.103491+01"
"Welt-Lungenkrebstag","World Lung Cancer Day – Ein Aktionstag zur Aufklärung über Prävention, Früherkennung und die Behandlung von Lungenkrebs.","true","{""day"": 1, ""month"": 8}","INT","2026-01-15 10:42:55.103491+01"
"Welttag der Freude","Ein inoffizieller Tag, der dazu aufruft, positive Emotionen zu teilen und das allgemeine Wohlbefinden zu steigern.","true","{""day"": 1, ""month"": 8}","INT","2026-01-15 10:42:55.103491+01"
"World Wide Web Tag","Ein Gedenktag zur Feier der Erfindung des WWW durch Tim Berners-Lee und dessen Einfluss auf die moderne Welt.","true","{""day"": 1, ""month"": 8}","INT","2026-01-15 10:42:55.103491+01"
"Tag der Unabhängigkeit (Benin)","Nationalfeiertag zur Erinnerung an die Unabhängigkeit von Frankreich im Jahr 1960.","true","{""day"": 1, ""month"": 8}","BJ","2026-01-15 10:42:55.103491+01"
"Tag der Himbeertorte","National Raspberry Cream Pie Day – Ein kulinarischer Gedenktag zu Ehren der sommerlichen Beeren-Spezialität.","true","{""day"": 1, ""month"": 8}","INT","2026-01-15 10:42:55.103491+01"
"Beginn der Weltstillwoche","Eine globale Kampagne der WABA und WHO zur Förderung des Stillens.","true","{""day"": 1, ""month"": 8}","INT","2026-01-15 10:42:55.103491+01"
"Gedenktag des Heiligen Alfons von Liguori","Kirchenlehrer, Jurist und Gründer des Redemptoristenordens, Schutzpatron der Beichtväter.","true","{""day"": 1, ""month"": 8}","INT","2026-01-15 10:42:55.103491+01"
"Europäischer Holocaust-Gedenktag für Sinti und Roma","Erinnert an die 4.300 Sinti und Roma, die 1944 im Vernichtungslager Auschwitz-Birkenau ermordet wurden.","true","{""day"": 2, ""month"": 8}","EU","2026-01-15 10:42:55.103491+01"
"Internationaler Tag des Bieres","Inoffizieller Aktionstag für Braukultur, Biergenuss und die Menschen hinter dem Bier.","true","{""day"": 2, ""month"": 8}","INT","2026-01-15 10:42:55.103491+01"
"Tag des Eiscreme-Sandwiches","National Ice Cream Sandwich Day – Ein kulinarischer Gedenktag für die beliebte sommerliche Süßspeise.","true","{""day"": 2, ""month"": 8}","US","2026-01-15 10:42:55.103491+01"
"Alternativtermin für Malvinas-Tag","Alternativtermin, der in manchen Kalendern für Malvinas-Tag geführt wird.","true","{""day"": 2, ""month"": 8}","AR","2026-01-15 10:42:55.103491+01"
"Tag der Ausmalbilder","National Coloring Book Day – Ein Tag zur Entspannung durch das Ausmalen von Bildern für Kinder und Erwachsene.","true","{""day"": 2, ""month"": 8}","INT","2026-01-15 10:42:55.103491+01"
"Gedenktag des Heiligen Eusebius von Vercelli","Erster Bischof von Vercelli und ein bedeutender Verteidiger des Glaubens gegen den Arianismus.","true","{""day"": 2, ""month"": 8}","INT","2026-01-15 10:42:55.103491+01"
"Portiuncula-Fest","Ein wichtiger Gedenktag im Franziskanerorden (Portiuncula-Ablass) zur Weihe der Kapelle Portiuncula.","true","{""day"": 2, ""month"": 8}","INT","2026-01-15 10:42:55.103491+01"
"Tag der Wassermelone","National Watermelon Day – Ein kulinarischer Gedenktag zur Feier der wasserreichsten Sommerfrucht.","true","{""day"": 3, ""month"": 8}","INT","2026-01-15 10:42:55.103491+01"
"Tag der Unabhängigkeit (Niger)","Nationalfeiertag zur Erinnerung an die Unabhängigkeit von Frankreich im Jahr 1960.","true","{""day"": 3, ""month"": 8}","NE","2026-01-15 10:42:55.103491+01"
"Tag der Meerenge von Gibraltar","Erinnert an die historische und strategische Bedeutung der Meerenge zwischen Europa und Afrika.","true","{""day"": 3, ""month"": 8}","INT","2026-01-15 10:42:55.103491+01"
"Tag des Grabens (Grab-ein-Loch-Tag)","Grab a Hole Day – Ein kurioser Gedenktag, der dazu einlädt, sich buchstäblich mit der Erde zu verbinden.","true","{""day"": 3, ""month"": 8}","INT","2026-01-15 10:42:55.103491+01"
"Tag des weißen Weines","National White Wine Day – Ein Genusstag zur Würdigung der Vielfalt weißer Rebsorten.","true","{""day"": 3, ""month"": 8}","INT","2026-01-15 10:42:55.103491+01"
"Befreiungstag (Äquatorialguinea)","Gedenktag an den Staatsstreich von 1979, der als Tag der Befreiung gefeiert wird.","true","{""day"": 3, ""month"": 8}","GQ","2026-01-15 10:42:55.103491+01"
"Gedenktag des Heiligen Nikodemus","Pharisäer und Ratsherr, der im Neuen Testament als heimlicher Jünger Jesu erscheint.","true","{""day"": 3, ""month"": 8}","INT","2026-01-15 10:42:55.103491+01"
"Tag des Champagners","Ein kulinarischer Gedenktag zu Ehren des berühmten Schaumweins aus der französischen Champagne.","true","{""day"": 4, ""month"": 8}","INT","2026-01-15 10:42:55.103491+01"
"Tag der Küstenwache","Coast Guard Day – Würdigung der Arbeit der Küstenwachen weltweit, am Gründungstag der US Coast Guard (1790).","true","{""day"": 4, ""month"": 8}","INT","2026-01-15 10:42:55.103491+01"
"Tag der Schokoladenkekse","National Chocolate Chip Cookie Day – Ein Genusstag für den wohl bekanntesten Keks der Welt.","true","{""day"": 4, ""month"": 8}","US","2026-01-15 10:42:55.103491+01"
"Tag der Assistenzhunde","International Assistance Dog Day – Ein Ehrentag für Blinden-, Service- und Signalhunde, die Menschen im Alltag unterstützen.","true","{""day"": 4, ""month"": 8}","INT","2026-01-15 10:42:55.103491+01"
"Tag der Schwestern","National Sisters Day – Ein Tag zur Feier der besonderen Bindung zwischen Schwestern.","true","{""day"": 4, ""month"": 8}","INT","2026-01-15 10:42:55.103491+01"
"Nationalfeiertag (Cookinseln)","Constitution Day – Gedenktag zur Erlangung der Selbstverwaltung im Jahr 1965.","true","{""day"": 4, ""month"": 8}","CK","2026-01-15 10:42:55.103491+01"
"Gedenktag des Heiligen Jean-Marie Vianney","Der „Pfarrer von Ars“, Schutzpatron aller Pfarrer weltweit.","true","{""day"": 4, ""month"": 8}","INT","2026-01-15 10:42:55.103491+01"
"Welttag der Ampel","Erinnert an die Installation der ersten elektrischen Verkehrsampel der Welt am 5. August 1914 in Cleveland, USA.","true","{""day"": 5, ""month"": 8}","INT","2026-01-15 10:42:55.103491+01"
"Tag der Auster","National Oyster Day – Ein kulinarischer Gedenktag zur Feier der Muschel als Delikatesse und ihrer ökologischen Bedeutung.","true","{""day"": 5, ""month"": 8}","INT","2026-01-15 10:42:55.103491+01"
"Tag der Unabhängigkeit (Burkina Faso)","Nationalfeiertag zur Erinnerung an die Erlangung der Unabhängigkeit von Frankreich im Jahr 1960.","true","{""day"": 5, ""month"": 8}","BF","2026-01-15 10:42:55.103491+01"
"Tag der Unterwäsche","National Underwear Day – Ein humorvoller Aktionstag, der das Selbstbewusstsein und die Körperakzeptanz fördern soll.","true","{""day"": 5, ""month"": 8}","INT","2026-01-15 10:42:55.103491+01"
"Alternativtermin für Tag des Bieres","Alternativtermin, der in manchen Kalendern für Tag des Bieres geführt wird.","true","{""day"": 5, ""month"": 8}","INT","2026-01-15 10:42:55.103491+01"
"Tag des Sieges und der heimatlichen Dankbarkeit (Kroatien)","Staatsfeiertag zur Erinnerung an die Operation Sturm (Oluja) im Jahr 1995.","true","{""day"": 5, ""month"": 8}","HR","2026-01-15 10:42:55.103491+01"
"Maria Schnee (Gedenktag)","Ein katholischer Gedenktag zur Weihe der Basilika Santa Maria Maggiore in Rom, verbunden mit der Legende eines sommerlichen Schneefalls.","true","{""day"": 5, ""month"": 8}","INT","2026-01-15 10:42:55.103491+01"
"Hiroshima-Gedenktag","Gedenktag an den Abwurf der ersten Atombombe 1945; ein weltweites Symbol für den Einsatz für Frieden und atomare Abrüstung.","true","{""day"": 6, ""month"": 8}","INT","2026-01-15 10:42:55.103491+01"
"Tag der Unabhängigkeit (Jamaika)","Nationalfeiertag zur Erinnerung an die Erlangung der Unabhängigkeit vom Vereinigten Königreich im Jahr 1962.","true","{""day"": 6, ""month"": 8}","JM","2026-01-15 10:42:55.103491+01"
"Tag der Unabhängigkeit (Bolivien)","Gedenktag an die Unabhängigkeitserklärung von Spanien im Jahr 1825.","true","{""day"": 6, ""month"": 8}","BO","2026-01-15 10:42:55.103491+01"
"Tag des frischen Atems","National Fresh Breath Day – Ein Aktionstag zur Förderung der Mundhygiene und des Bewusstseins für Zahngesundheit.","true","{""day"": 6, ""month"": 8}","INT","2026-01-15 10:42:55.103491+01"
"Tag des Root Beer Float","National Root Beer Float Day – Ein kulinarischer Gedenktag für das beliebte US-Getränk aus Root Beer und Vanilleeis.","true","{""day"": 6, ""month"": 8}","US","2026-01-15 10:42:55.103491+01"
"Wackel-mit-den-Zehen-Tag","Wiggle Your Toes Day – Ein spielerischer Tag, der dazu einlädt, die Füße zu entspannen und die Freiheit barfuß zu genießen.","true","{""day"": 6, ""month"": 8}","INT","2026-01-15 10:42:55.103491+01"
"Verklärung des Herrn","Ein bedeutendes christliches Fest, das an die Offenbarung der göttlichen Herrlichkeit Jesu auf dem Berg Tabor erinnert.","true","{""day"": 6, ""month"": 8}","INT","2026-01-15 10:42:55.103491+01"
"Tag der Leuchttürme","National Lighthouse Day – Ein Gedenktag zur Würdigung der historischen Bedeutung von Leuchttürmen für die Schifffahrt.","true","{""day"": 7, ""month"": 8}","INT","2026-01-15 10:42:55.103491+01"
"Internationaler Tag des Bieres","Inoffizieller Aktionstag für Braukultur, Biergenuss und die Menschen hinter dem Bier.","false","{""month"": 8, ""occurrence"": [1], ""day_of_week"": ""Friday""}","INT","2026-01-15 10:42:55.103491+01"
"Tag der Unabhängigkeit (Elfenbeinküste)","Nationalfeiertag zur Erinnerung an die Erlangung der Unabhängigkeit von Frankreich im Jahr 1960.","true","{""day"": 7, ""month"": 8}","CI","2026-01-15 10:42:55.103491+01"
"Tag der kolumbianischen Flagge (Schlacht von Boyacá)","Gedenktag an den entscheidenden Sieg Simon Bolivars 1819, der zur Unabhängigkeit Kolumbiens führte.","true","{""day"": 7, ""month"": 8}","CO","2026-01-15 10:42:55.103491+01"
"Besonders-nett-zu-jemandem-sein-Tag","Particularly Preposterous Packaging Day / Especially Kind Day – Ein Tag, der zu kleinen freundlichen Gesten im Alltag aufruft.","true","{""day"": 7, ""month"": 8}","INT","2026-01-15 10:42:55.103491+01"
"Tag der Himbeeren","National Raspberries n’ Cream Day – Ein kulinarischer Gedenktag zur Feier der sommerlichen Beerenfrüchte.","true","{""day"": 7, ""month"": 8}","INT","2026-01-15 10:42:55.103491+01"
"Gedenktag des Heiligen Cajetan von Thiene","Mitbegründer des Theatinerordens und Schutzpatron der Arbeitssuchenden und Gebärenden.","true","{""day"": 7, ""month"": 8}","INT","2026-01-15 10:42:55.103491+01"
"Internationaler Katzentag","Ein Aktionstag zur Feier der Bindung zwischen Mensch und Katze sowie zur Sensibilisierung für artgerechte Haltung und Tierschutz.","true","{""day"": 8, ""month"": 8}","INT","2026-01-15 10:42:55.103491+01"
"Friedensfest (Augsburg)","Ein weltweit einzigartiger gesetzlicher Feiertag (nur im Stadtgebiet Augsburg), der an das Ende der Unterdrückung der Protestanten erinnert.","true","{""day"": 8, ""month"": 8}","DE","2026-01-15 10:42:55.103491+01"
"Tag der Zucchini","National Zucchini Day – Ein kulinarischer Gedenktag, der oft dazu einlädt, die reiche Ernte im Garten mit Nachbarn zu teilen.","true","{""day"": 8, ""month"": 8}","INT","2026-01-15 10:42:55.103491+01"
"Internationaler Tag des weiblichen Orgasmus","Ein Tag zur Förderung der sexuellen Aufklärung, Gesundheit und Selbstbestimmung von Frauen.","true","{""day"": 8, ""month"": 8}","INT","2026-01-15 10:42:55.103491+01"
"Tag der Unabhängigkeit (Bhutan)","Nationalfeiertag zur Erinnerung an den indisch-bhutanischen Vertrag von 1949, der die Souveränität des Landes festigte.","true","{""day"": 8, ""month"": 8}","BT","2026-01-15 10:42:55.103491+01"
"Tag des Glücks (Schottland)","Happiness Happens Day – Ein Tag, der dazu ermutigt, Glücksmomente ohne Vorbehalte zu genießen und zu teilen.","true","{""day"": 8, ""month"": 8}","INT","2026-01-15 10:42:55.103491+01"
"Gedenktag des Heiligen Dominikus","Gründer des Predigerordens (Dominikaner) und Schutzpatron der Astronomen und Wissenschaftler.","true","{""day"": 8, ""month"": 8}","INT","2026-01-15 10:42:55.103491+01"
"Internationaler Tag der indigenen Völker der Welt","Ein von der UN ausgerufener Tag, um die Rechte der indigenen Bevölkerung zu schützen und deren kulturelle Leistungen zu würdigen.","true","{""day"": 9, ""month"": 7}","INT","2026-01-15 10:42:55.103491+01"
"Welttag des Löwen","World Lion Day – Ein Aktionstag zur Sensibilisierung für den Schutz des ""Königs der Tiere"" und den Erhalt seines Lebensraums.","true","{""day"": 9, ""month"": 8}","INT","2026-01-15 10:42:55.103491+01"
"Nationalfeiertag Singapur","National Day – Erinnert an die Unabhängigkeit Singapurs von Malaysia im Jahr 1965.","true","{""day"": 9, ""month"": 8}","SG","2026-01-15 10:42:55.103491+01"
"Tag der Buchliebhaber","National Book Lovers Day – Ein Tag, der dazu einlädt, das Smartphone wegzulegen und sich in ein gutes Buch zu vertiefen.","true","{""day"": 9, ""month"": 8}","INT","2026-01-15 10:42:55.103491+01"
"Nationaler Frauentag (Südafrika)","National Women’s Day – Erinnert an den friedlichen Marsch von 20.000 Frauen gegen die Passgesetze im Jahr 1956.","true","{""day"": 9, ""month"": 8}","ZA","2026-01-15 10:42:55.103491+01"
"Tag des Milchreises","National Rice Pudding Day – Ein kulinarischer Gedenktag für die weltweit beliebte Süßspeise.","true","{""day"": 9, ""month"": 8}","INT","2026-01-15 10:42:55.103491+01"
"Gedenktag der Heiligen Teresia Benedicta vom Kreuz","Edith Stein – Philosophin, Frauenrechtlerin und Märtyrerin; sie ist eine der Patroninnen Europas.","true","{""day"": 9, ""month"": 8}","EU","2026-01-15 10:42:55.103491+01"
"Tag der Faulpelze","Lazy Day – Ein humorvoller Aktionstag, der dazu aufruft, alle Pflichten ruhen zu lassen und sich der Entspannung zu widmen.","true","{""day"": 10, ""month"": 8}","INT","2026-01-15 10:42:55.103491+01"
"Welttag des Löwen","World Lion Day – Ein globaler Tag zur Sensibilisierung für den Schutz des Königs der Tiere und dessen schwindenden Lebensraum.","true","{""day"": 10, ""month"": 8}","INT","2026-01-15 10:42:55.103491+01"
"Alternativtermin für Nikola-Tesla-Tag","Alternativtermin, der in manchen Kalendern für Nikola-Tesla-Tag geführt wird.","true","{""day"": 10, ""month"": 8}","INT","2026-01-15 10:42:55.103491+01"
"Tag der Unabhängigkeit (Ecuador)","Día del Primer Grito de Independencia – Erinnert an den ersten Aufruf zur Unabhängigkeit von Spanien im Jahr 1809.","true","{""day"": 10, ""month"": 7}","EC","2026-01-15 10:42:55.103491+01"
"Tag des S’mores","National S’mores Day – Ein kulinarischer Gedenktag für die US-Lagerfeuer-Spezialität aus Keks, Schokolade und Marshmallows.","true","{""day"": 10, ""month"": 8}","US","2026-01-15 10:42:55.103491+01"
"Tag der Biostoffe","National Fuel Day – Erinnert an den ersten Testlauf eines Dieselmotors mit Erdnussöl durch Rudolf Diesel im Jahr 1893.","true","{""day"": 10, ""month"": 8}","INT","2026-01-15 10:42:55.103491+01"
"Gedenktag des Heiligen Laurentius von Rom","Laurentiustag – Märtyrer und Schutzpatron der Köche und Bibliothekare; bekannt für die „Laurentiustränen“ (Perseiden-Meteorstrom).","true","{""day"": 10, ""month"": 8}","INT","2026-01-15 10:42:55.103491+01"
"Söhne-und-Töchter-Tag","National Sons and Daughters Day – Ein Tag, um Zeit mit den eigenen Kindern zu verbringen und die Eltern-Kind-Beziehung zu würdigen.","true","{""day"": 11, ""month"": 8}","INT","2026-01-15 10:42:55.103491+01"
"Verfassungstag der Weimarer Republik","Erinnert an die Unterzeichnung der Weimarer Verfassung durch Reichspräsident Friedrich Ebert im Jahr 1919.","true","{""day"": 11, ""month"": 8}","DE","2026-01-15 10:42:55.103491+01"
"Tag der Unabhängigkeit (Tschad)","Nationalfeiertag zur Erinnerung an die Unabhängigkeit von Frankreich im Jahr 1960.","true","{""day"": 11, ""month"": 8}","TD","2026-01-15 10:42:55.103491+01"
"Alternativtermin für Tag der Himbeertorte","Alternativtermin, der in manchen Kalendern für Tag der Himbeertorte geführt wird.","true","{""day"": 11, ""month"": 8}","US","2026-01-15 10:42:55.103491+01"
"Play-in-the-Sand-Day","Spiele-im-Sand-Tag – Ein sommerlicher Aktionstag, der dazu einlädt, kreativ am Strand oder im Sandkasten zu sein.","true","{""day"": 11, ""month"": 8}","INT","2026-01-15 10:42:55.103491+01"
"Tag des Berges (Japan)","Yama no Hi – Ein 2014 eingeführter staatlicher Feiertag, um die Berge zu ehren und ihre Bedeutung für Japan zu würdigen.","true","{""day"": 11, ""month"": 8}","JP","2026-01-15 10:42:55.103491+01"
"Gedenktag der Heiligen Klara von Assisi","Gründerin des Ordens der Klarissen und Schutzpatronin des Fernsehens sowie der Wäscherinnen.","true","{""day"": 11, ""month"": 8}","INT","2026-01-15 10:42:55.103491+01"
"Internationaler Tag der Jugend","Ein von der UN ausgerufener Tag, um auf die Belange junger Menschen und deren Rolle in der globalen Gesellschaft aufmerksam zu machen.","true","{""day"": 12, ""month"": 8}","INT","2026-01-15 10:42:55.103491+01"
"Welt-Elefanten-Tag","World Elephant Day – Ein Aktionstag zur Sensibilisierung für die Bedrohung der afrikanischen und asiatischen Elefanten durch Wilderei und Lebensraumverlust.","true","{""day"": 12, ""month"": 8}","INT","2026-01-15 10:42:55.103491+01"
"Tag der Vinylplatte","Vinyl Record Day – Ein Gedenktag zur Feier der Schallplatte als Kulturobjekt und für den Erhalt der Musikgeschichte.","true","{""day"": 12, ""month"": 8}","INT","2026-01-15 10:42:55.103491+01"
"Tag der mittleren Kindheit","Middle Child’s Day – Ein inoffizieller Ehrentag für das ""Sandwich-Kind"", um dessen oft übersehene Rolle in der Familie zu würdigen.","true","{""day"": 12, ""month"": 8}","INT","2026-01-15 10:42:55.103491+01"
"Tag der Julienne-Suppe","National Julienne Fries Day / Soup Day – Ein kulinarischer Gedenktag für die Kunst des feinen Schneidens von Gemüse.","true","{""day"": 12, ""month"": 8}","INT","2026-01-15 10:42:55.103491+01"
"Glorious Twelfth (Beginn der Moorhuhnjagd)","Ein traditioneller Tag im Vereinigten Königreich, der den Beginn der Jagdsaison für das Schottische Moorhuhn markiert.","true","{""day"": 12, ""month"": 8}","UK","2026-01-15 10:42:55.103491+01"
"Tag der thailändischen Königin (Muttertag)","Der Geburtstag von Königin Sirikit wird in Thailand landesweit als Muttertag gefeiert.","true","{""day"": 12, ""month"": 8}","TH","2026-01-15 10:42:55.103491+01"
"Internationaler Linkshändertag","Ein Aktionstag zur Sensibilisierung für die Bedürfnisse und Herausforderungen von Linkshändern in einer rechtshändig orientierten Welt.","true","{""day"": 13, ""month"": 8}","INT","2026-01-15 10:42:55.103491+01"
"Gedenktag zum Bau der Berliner Mauer","Erinnert an den 13. August 1961, als der Bau der Mauer begann, die Deutschland für 28 Jahre teilte.","true","{""day"": 13, ""month"": 8}","DE","2026-01-15 10:42:55.103491+01"
"Tag der Bratwurst","National Bratwurst Day – Ein in den USA populärer kulinarischer Gedenktag zu Ehren der deutschen Wurstspezialität.","true","{""day"": 13, ""month"": 8}","US","2026-01-15 10:42:55.103491+01"
"Tag der Orgel","World Organ Day – Ein Tag zur Würdigung der Orgel als ""Königin der Instrumente"" und ihrer Bedeutung für die Musikkultur.","true","{""day"": 13, ""month"": 8}","INT","2026-01-15 10:42:55.103491+01"
"Tag des Prosecco","National Prosecco Day – Ein sommerlicher Gedenktag zur Feier des italienischen Schaumweins.","true","{""day"": 13, ""month"": 8}","INT","2026-01-15 10:42:55.103491+01"
"Tag der Unabhängigkeit (Zentralafrikanische Republik)","Nationalfeiertag zur Erinnerung an die Unabhängigkeit von Frankreich im Jahr 1960.","true","{""day"": 13, ""month"": 8}","CF","2026-01-15 10:42:55.103491+01"
"Gedenktag der Heiligen Radegunde","Thüringische Prinzessin und fränkische Königin, die als Wohltäterin und Klostergründerin verehrt wird.","true","{""day"": 13, ""month"": 8}","DE/FR","2026-01-15 10:42:55.103491+01"
"Welttag der Echsen","World Lizard Day – Ein Aktionstag zur Sensibilisierung für den Schutz von Echsen und deren Bedeutung für das ökologische Gleichgewicht.","true","{""day"": 14, ""month"": 8}","INT","2026-01-15 10:42:55.103491+01"
"Tag der Unabhängigkeit (Pakistan)","Yom-e-Istiqlal – Nationalfeiertag zur Erinnerung an die Erlangung der staatlichen Souveränität von Britisch-Indien im Jahr 1947.","true","{""day"": 14, ""month"": 8}","PK","2026-01-15 10:42:55.103491+01"
"Tag des Cremsorbet (Creamsicle)","National Creamsicle Day – Ein kulinarischer Gedenktag zu Ehren des klassischen US-Eises am Stiel (Vanilleeis mit Fruchtüberzug).","true","{""day"": 14, ""month"": 8}","US","2026-01-15 10:42:55.103491+01"
"V-J Day (Victory over Japan Day)","Erinnert an die Radioansprache des japanischen Kaisers Hirohito 1945, die das Ende der Kampfhandlungen im Zweiten Weltkrieg einläutete.","true","{""day"": 14, ""month"": 8}","INT","2026-01-15 10:42:55.103491+01"
"Navajo Code Talkers Day","Ein Ehrentag in den USA zur Würdigung der Navajo-Indianer, die im Zweiten Weltkrieg mit ihrer Sprache eine unknackbare Verschlüsselung schufen.","true","{""day"": 14, ""month"": 8}","US","2026-01-15 10:42:55.103491+01"
"Gedenktag des Heiligen Maximilian Kolbe","Franziskaner-Minorit und Märtyrer, der im KZ Auschwitz sein Leben für einen Mithäftling gab.","true","{""day"": 14, ""month"": 8}","INT","2026-01-15 10:42:55.103491+01"
"Alternativtermin für Tag des Witzes","Alternativtermin, der in manchen Kalendern für Tag des Witzes geführt wird.","true","{""day"": 14, ""month"": 8}","INT","2026-01-15 10:42:55.103491+01"
"Vesuv-Tag","Gedenktag an den Vesuvausbruch von 79 n. Chr., der Pompeji und Herculaneum verschüttete.","true","{""day"": 24, ""month"": 8}","INT","2026-01-15 10:42:55.103491+01"
"Mariä Himmelfahrt","Hochfest der Aufnahme Mariens in den Himmel; gesetzlicher Feiertag in Bayern (Gemeinden mit überwiegend katholischem Bevölkerungsanteil) und im Saarland.","true","{""day"": 15, ""month"": 8}","DE/AT/CH","2026-01-15 10:42:55.103491+01"
"Tag der Unabhängigkeit (Indien)","Nationalfeiertag zur Erinnerung an das Ende der britischen Kolonialherrschaft im Jahr 1947.","true","{""day"": 15, ""month"": 8}","IN","2026-01-15 10:42:55.103491+01"
"Tag der Befreiung (Südkorea)","Gwangbokjeol – Feiert den Sieg über Japan im Jahr 1945 und das Ende der 35-jährigen Besatzungszeit.","true","{""day"": 15, ""month"": 8}","KR","2026-01-15 10:42:55.103491+01"
"Tag der Unabhängigkeit (Republik Kongo)","Gedenktag an die Erlangung der Unabhängigkeit von Frankreich im Jahr 1960.","true","{""day"": 15, ""month"": 8}","CG","2026-01-15 10:42:55.103491+01"
"Nationalfeiertag (Liechtenstein)","Staatsfeiertag des Fürstentums, der seit 1940 am Geburtstag von Fürst Franz Josef II. gefeiert wird.","true","{""day"": 15, ""month"": 8}","LI","2026-01-15 10:42:55.103491+01"
"Tag des Zitronen-Baiser-Kuchens","National Lemon Meringue Pie Day – Ein kulinarischer Gedenktag für die erfrischende sommerliche Torte.","true","{""day"": 15, ""month"": 8}","US","2026-01-15 10:42:55.103491+01"
"Check-die-Microchips-Tag","Check the Chip Day – Ein Aktionstag für Tierbesitzer, um sicherzustellen, dass die Registrierungsdaten ihrer gechipten Haustiere aktuell sind.","true","{""day"": 15, ""month"": 8}","INT","2026-01-15 10:42:55.103491+01"
"Tag der Achterbahn","National Roller Coaster Day – Erinnert an die Patentierung der ersten Achterbahn durch LaMarcus Adna Thompson im Jahr 1898.","true","{""day"": 16, ""month"": 8}","INT","2026-01-15 10:42:55.103491+01"
"Erzähl-einen-Witz-Tag","Tell a Joke Day – Ein Tag, der dazu einlädt, Humor zu verbreiten und durch Witze für gute Laune zu sorgen.","true","{""day"": 16, ""month"": 8}","INT","2026-01-15 10:42:55.103491+01"
"Elvis-Presley-Gedenktag","Todestag des „King of Rock ’n’ Roll“ (1977); jährlich pilgern tausende Fans nach Graceland, um sein Erbe zu feiern.","true","{""day"": 16, ""month"": 8}","INT","2026-01-15 10:42:55.103491+01"
"Alternativtermin für Tag der Bratwurst","Alternativtermin, der in manchen Kalendern für Tag der Bratwurst geführt wird.","true","{""day"": 16, ""month"": 8}","INT","2026-01-15 10:42:55.103491+01"
"Tag der Unabhängigkeit (Zypern)","Nationalfeiertag zur Erinnerung an die Erlangung der Unabhängigkeit vom Vereinigten Königreich im Jahr 1960.","true","{""day"": 16, ""month"": 8}","CY","2026-01-15 10:42:55.103491+01"
"Tag der Rum-Liebhaber","National Rum Day – Ein kulinarischer Gedenktag zu Ehren der Spirituose aus Zuckerrohr.","true","{""day"": 16, ""month"": 8}","INT","2026-01-15 10:42:55.103491+01"
"Gedenktag des Heiligen Stephan von Ungarn","Nationalheiliger und erster König von Ungarn, der das Land zum Christentum führte.","true","{""day"": 16, ""month"": 8}","HU/INT","2026-01-15 10:42:55.103491+01"
"Tag der schwarzen Katze","Black Cat Appreciation Day – Ein Aktionstag, um Vorurteile gegenüber schwarzen Katzen abzubauen und deren Adoptionsrate in Tierheimen zu erhöhen.","true","{""day"": 17, ""month"": 8}","INT","2026-01-15 10:42:55.103491+01"
"Tag der Unabhängigkeit (Indonesien)","Hari Proklamasi – Nationalfeiertag zur Erinnerung an die Unabhängigkeitserklärung von den Niederlanden im Jahr 1945.","true","{""day"": 17, ""month"": 8}","ID","2026-01-15 10:42:55.103491+01"
"Tag der Unabhängigkeit (Gabun)","Nationalfeiertag zur Erinnerung an die Erlangung der Unabhängigkeit von Frankreich im Jahr 1960.","true","{""day"": 17, ""month"": 8}","GA","2026-01-15 10:42:55.103491+01"
"Tag der Non-Profit-Organisationen","National Nonprofit Day – Ein Tag zur Anerkennung der Arbeit von NGOs und gemeinnützigen Organisationen weltweit.","true","{""day"": 17, ""month"": 8}","INT","2026-01-15 10:42:55.103491+01"
"Tag des Sparschweins","National Thrift Shop Day – Ein Tag zur Förderung von Nachhaltigkeit und Second-Hand-Kultur.","true","{""day"": 17, ""month"": 8}","INT","2026-01-15 10:42:55.103491+01"
"Tag des Vanillepuddings","National Vanilla Custard Day – Ein kulinarischer Gedenktag zu Ehren der klassischen Süßspeise.","true","{""day"": 17, ""month"": 8}","US","2026-01-15 10:42:55.103491+01"
"Gedenktag des Heiligen Hyazinth von Polen","Der „Apostel des Nordens“ und Dominikanermönch, der im 13. Jahrhundert in Osteuropa wirkte.","true","{""day"": 17, ""month"": 8}","INT","2026-01-15 10:42:55.103491+01"
"Alternativtermin für Nelson-Mandela-Tag","Alternativtermin, der in manchen Kalendern für Nelson-Mandela-Tag geführt wird.","true","{""day"": 18, ""month"": 8}","INT","2026-01-15 10:42:55.103491+01"
"Welttag des Helms","World Helmet Day – Ein Aktionstag zur Förderung der Sicherheit im Straßen- und Freizeitsport.","true","{""day"": 18, ""month"": 8}","INT","2026-01-15 10:42:55.103491+01"
"Tag der schlechten Poesie","Bad Poetry Day – Ein humorvoller Tag, an dem man ohne Scham schlechte Verse verfassen und teilen darf.","true","{""day"": 18, ""month"": 8}","INT","2026-01-15 10:42:55.103491+01"
"Tag der Fajita","National Fajita Day – Ein kulinarischer Gedenktag zu Ehren der mexikanischen Spezialität vom Grill.","true","{""day"": 18, ""month"": 8}","INT","2026-01-15 10:42:55.103491+01"
"Tag der Verfassung (Uruguay)","Jura de la Constitución – Gedenktag an die feierliche Vereidigung der ersten Verfassung im Jahr 1830.","true","{""day"": 18, ""month"": 8}","UY","2026-01-15 10:42:55.103491+01"
"Tag der Helgoland-Übernahme","Erinnert an die feierliche Übergabe der Insel Helgoland vom Vereinigten Königreich an das Deutsche Kaiserreich 1890.","true","{""day"": 18, ""month"": 8}","DE","2026-01-15 10:42:55.103491+01"
"Gedenktag der Heiligen Helena","Mutter von Kaiser Konstantin dem Großen und Schutzpatronin der Archäologen sowie der Nagelschmiede.","true","{""day"": 18, ""month"": 8}","INT","2026-01-15 10:42:55.103491+01"
"Welttag der humanitären Hilfe","Ein von der UN ausgerufener Gedenktag zu Ehren aller Helfer, die im Einsatz ihr Leben verloren oder ihr Wohlbefinden riskiert haben.","true","{""day"": 19, ""month"": 8}","INT","2026-01-15 10:42:55.103491+01"
"Weltfototag","World Photography Day – Erinnert an die Vorstellung der Daguerreotypie im Jahr 1839 und feiert die Kunst und Wissenschaft der Fotografie.","true","{""day"": 19, ""month"": 8}","INT","2026-01-15 10:42:55.103491+01"
"Weltbienentag (US-Termin/Ersatz)","National Honey Bee Day – Ein Aktionstag zur Sensibilisierung für die Bedeutung der Honigbienen für Umwelt und Landwirtschaft.","true","{""day"": 19, ""month"": 8}","US","2026-01-15 10:42:55.103491+01"
"Tag der Luftfahrt","National Aviation Day – Ein US-Gedenktag am Geburtstag von Orville Wright zur Feier der Entwicklung der Luftfahrt.","true","{""day"": 19, ""month"": 8}","US","2026-01-15 10:42:55.103491+01"
"Alternativtermin für Tag der Kartoffel","Alternativtermin, der in manchen Kalendern für Tag der Kartoffel geführt wird.","true","{""day"": 19, ""month"": 8}","INT","2026-01-15 10:42:55.103491+01"
"Tag der Unabhängigkeit (Afghanistan)","Gedenktag an den Rawalpindi-Vertrag von 1919, der die Unabhängigkeit vom britischen Einfluss besiegelte.","true","{""day"": 19, ""month"": 8}","AF","2026-01-15 10:42:55.103491+01"
"Gedenktag des Heiligen Johannes Eudes","Volksmissionar und Gründer der Eudisten, bekannt für seine Förderung der Herz-Jesu-Verehrung.","true","{""day"": 19, ""month"": 8}","INT","2026-01-15 10:42:55.103491+01"
"Welt-Mosquito-Tag","Erinnert an die Entdeckung von Sir Ronald Ross im Jahr 1897, dass weibliche Stechmücken Malaria übertragen.","true","{""day"": 20, ""month"": 8}","INT","2026-01-15 10:42:55.103491+01"
"Tag der Limonade","National Lemonade Day – Ein sommerlicher Erfrischungstag, der oft auch genutzt wird, um Kindern spielerisch Unternehmertum beizubringen.","true","{""day"": 20, ""month"": 8}","INT","2026-01-15 10:42:55.103491+01"
"Tag des heiligen Stephan von Ungarn","Nationalfeiertag in Ungarn zu Ehren des Staatsgründers und ersten Königs des Landes.","true","{""day"": 20, ""month"": 8}","HU","2026-01-15 10:42:55.103491+01"
"Tag der Schokoladentorte","National Chocolate Pecan Pie Day – Ein kulinarischer Gedenktag für die süße Kombination aus Schokolade und Pekannüssen.","true","{""day"": 20, ""month"": 8}","US","2026-01-15 10:42:55.103491+01"
"Tag der Wiederherstellung der Unabhängigkeit (Estland)","Gedenkt der Wiedererlangung der Souveränität von der Sowjetunion im Jahr 1991.","true","{""day"": 20, ""month"": 8}","EE","2026-01-15 10:42:55.103491+01"
"Alternativtermin für Virtueller-Liebe-Tag","Alternativtermin, der in manchen Kalendern für Virtueller-Liebe-Tag geführt wird.","true","{""day"": 20, ""month"": 8}","INT","2026-01-15 10:42:55.103491+01"
"Gedenktag des Heiligen Bernhard von Clairvaux","Bedeutender Zisterzienserabt, Kirchenlehrer und Mystiker des 12. Jahrhunderts.","true","{""day"": 20, ""month"": 8}","INT","2026-01-15 10:42:55.103491+01"
"Welttag der Senioren","Ein Tag zur Anerkennung der Beiträge älterer Menschen zur Gesellschaft sowie zur Sensibilisierung für deren Bedürfnisse.","true","{""day"": 21, ""month"": 8}","INT","2026-01-15 10:42:55.103491+01"
"Internationaler Gedenktag für die Opfer des Terrorismus","Ein von der UN ausgerufener Tag, um die Opfer und Überlebenden terroristischer Akte zu ehren und zu unterstützen.","true","{""day"": 21, ""month"": 8}","INT","2026-01-15 10:42:55.103491+01"
"Tag der Wiederherstellung der Unabhängigkeit (Lettland)","Gedenktag an die Verabschiedung des Verfassungsgesetzes über den Status als unabhängiger Staat im Jahr 1991.","true","{""day"": 21, ""month"": 8}","LV","2026-01-15 10:42:55.103491+01"
"Tag des Honigkuchens","National Honey Bee Day (Ersatztermin) / Spumoni Day – Ein kulinarischer Gedenktag für Honig-Spezialitäten und dreifarbige Eiscreme.","true","{""day"": 21, ""month"": 8}","INT","2026-01-15 10:42:55.103491+01"
"Tag der Internet-Liebe","Internet Self-Care Day – Ein Tag, der dazu aufruft, achtsam mit der eigenen Online-Präsenz umzugehen und positive Inhalte zu fördern.","true","{""day"": 21, ""month"": 8}","INT","2026-01-15 10:42:55.103491+01"
"Gedenktag des Heiligen Pius X.","Gedenktag des 257. Papstes, der als „Papst der Eucharistie“ bekannt ist und im frühen 20. Jahrhundert wirkte.","true","{""day"": 21, ""month"": 8}","INT","2026-01-15 10:42:55.103491+01"
"Tag der Ninoy Aquino (Philippinen)","Ein nationaler Gedenktag zu Ehren des ermordeten Senators Benigno „Ninoy“ Aquino Jr., ein Symbol des Widerstands.","true","{""day"": 21, ""month"": 8}","PH","2026-01-15 10:42:55.103491+01"
"Internationaler Gedenktag für die Opfer von Gewaltakten aufgrund der Religion oder der Weltanschauung","Ein von der UN ausgerufener Tag, um Solidarität mit Opfern religiöser Intoleranz zu zeigen.","true","{""day"": 22, ""month"": 8}","INT","2026-01-15 10:42:55.103491+01"
"Sei-ein-Engel-Tag","Be an Angel Day – Ein Tag, der dazu ermutigt, anderen Menschen uneigennützig zu helfen und eine gute Tat zu vollbringen.","true","{""day"": 22, ""month"": 8}","INT","2026-01-15 10:42:55.103491+01"
"Tag der Zahnfee","National Tooth Fairy Day – Einer der zwei jährlichen Termine zu Ehren des Fabelwesens, das Milchzähne gegen Belohnungen tauscht.","true","{""day"": 22, ""month"": 8}","INT","2026-01-15 10:42:55.103491+01"
"Tag der Pflanzendekoration","National Plant a Flower Day (Ersatztermin) – Ein Tag zur Verschönerung der Umgebung mit Blumen und Zimmerpflanzen.","true","{""day"": 22, ""month"": 8}","INT","2026-01-15 10:42:55.103491+01"
"Tag der Burger-Liebhaber","National Burger Day (UK-Termin) – Ein kulinarischer Ehrentag, der im Vereinigten Königreich oft am Donnerstag vor dem August Bank Holiday gefeiert wird.","true","{""day"": 22, ""month"": 8}","UK","2026-01-15 10:42:55.103491+01"
"Tag der Flagge (Russland)","Gedenktag an die Wiedereinführung der Trikolore als Nationalflagge im Jahr 1991.","true","{""day"": 22, ""month"": 8}","RU","2026-01-15 10:42:55.103491+01"
"Gedenktag Maria Königin","Ein katholischer Gedenktag, der die königliche Würde der Muttergottes in den Mittelpunkt stellt.","true","{""day"": 22, ""month"": 8}","INT","2026-01-15 10:42:55.103491+01"
"Internationaler Tag zur Erinnerung an den Sklavenhandel und dessen Abschaffung","Ein UNESCO-Gedenktag, der an den Sklavenaufstand von 1791 in Saint-Domingue erinnert, welcher den Weg zur Abschaffung des transatlantischen Sklavenhandels ebnete.","true","{""day"": 23, ""month"": 8}","INT","2026-01-15 10:42:55.103491+01"
"Europäischer Tag des Gedenkens an die Opfer von Stalinismus und Nationalsozialismus","Auch bekannt als Black Ribbon Day; erinnert an die Unterzeichnung des Hitler-Stalin-Pakts 1939 und die Opfer totalitärer Regime.","true","{""day"": 23, ""month"": 8}","EU","2026-01-15 10:42:55.103491+01"
"Beginn des Sternzeichens Jungfrau","Astronomischer Übergang der Sonne in das Tierkreiszeichen Jungfrau (Datum kann je nach Jahr leicht variieren).","true","{""day"": 23, ""month"": 8}","INT","2026-01-15 10:42:55.103491+01"
"Tag der Billigflieger","Cheap Flight Day – Ein strategischer Tag für Reisende, da Ende August oft die Flugpreise für die Nachsaison sinken.","true","{""day"": 23, ""month"": 8}","INT","2026-01-15 10:42:55.103491+01"
"Tag des Biskuitkuchens","National Sponge Cake Day – Ein kulinarischer Gedenktag zu Ehren des luftig-leichten Tortenbodens.","true","{""day"": 23, ""month"": 8}","INT","2026-01-15 10:42:55.103491+01"
"Tag der Nationalflagge (Ukraine)","Ein staatlicher Feiertag zur Würdigung der blau-gelben Nationalflagge vor dem Unabhängigkeitstag.","true","{""day"": 23, ""month"": 8}","UA","2026-01-15 10:42:55.103491+01"
"Reit-einen-Windhauch-Tag","Ride the Wind Day – Ein Tag, der dazu einlädt, Windenergie zu nutzen, sei es beim Segeln, Drachensteigen oder einfach durch das Gefühl von Freiheit.","true","{""day"": 23, ""month"": 8}","INT","2026-01-15 10:42:55.103491+01"
"Unabhängigkeitstag der Ukraine","Nationalfeiertag zur Erinnerung an die Unabhängigkeitserklärung von der Sowjetunion im Jahr 1991.","true","{""day"": 24, ""month"": 8}","UA","2026-01-15 10:42:55.103491+01"
"Tag des Messers","National Knife Day – Ein Tag zur Würdigung des Messers als eines der ältesten und wichtigsten Werkzeuge der Menschheit.","true","{""day"": 24, ""month"": 8}","INT","2026-01-15 10:42:55.103491+01"
"Tag der Waffel","National Waffle Day (US-Termin) – Erinnert an die Patentierung des ersten US-Waffeleisens durch Cornelius Swartwout im Jahr 1869.","true","{""day"": 24, ""month"": 8}","US","2026-01-15 10:42:55.103491+01"
"Tag des Merkwürdigen","Strange Music Day – Ein Tag, der dazu einlädt, neue, ungewöhnliche Musikgenres zu entdecken und den eigenen Horizont zu erweitern.","true","{""day"": 24, ""month"": 8}","INT","2026-01-15 10:42:55.103491+01"
"Tag des Pfirsichkuchens","National Peach Pie Day – Ein kulinarischer Gedenktag zu Ehren der sommerlichen Pfirsichernte.","true","{""day"": 24, ""month"": 8}","INT","2026-01-15 10:42:55.103491+01"
"Gedenktag des Heiligen Bartholomäus","Bartholomäustag – Apostel und Märtyrer; im Bauernkalender ein wichtiger Lostag für den beginnenden Herbst.","true","{""day"": 24, ""month"": 8}","INT","2026-01-15 10:42:55.103491+01"
"Tag der Unabhängigkeit (Uruguay)","Nationalfeiertag zur Erinnerung an die Unabhängigkeitserklärung von Brasilien im Jahr 1825.","true","{""day"": 25, ""month"": 8}","UY","2026-01-15 10:42:55.103491+01"
"Tag des Bananensplits","National Banana Split Day – Ein kulinarischer Gedenktag zu Ehren des klassischen Eisbechers, der Anfang des 20. Jahrhunderts erfunden wurde.","true","{""day"": 25, ""month"": 8}","INT","2026-01-15 10:42:55.103491+01"
"Tag der Whiskey-Sauer-Liebhaber","National Whiskey Sour Day – Ein Tag zur Feier des traditionellen Cocktails aus Whiskey, Zitronensaft und Zucker.","true","{""day"": 25, ""month"": 8}","INT","2026-01-15 10:42:55.103491+01"
"Küss-einen-Segler-Tag","Kiss a Sailor Day – Erinnert an das berühmte Foto vom Times Square zum Ende des Zweiten Weltkriegs 1945.","true","{""day"": 25, ""month"": 8}","US","2026-01-15 10:42:55.103491+01"
"Tag des National Park Service (USA)","Gründungstag der US-Nationalparkbehörde im Jahr 1916 zum Schutz der Naturdenkmäler.","true","{""day"": 25, ""month"": 8}","US","2026-01-15 10:42:55.103491+01"
"Tag des Second-Hand-Ladens","National Thrift Shop Day (Ersatztermin) – Zur Förderung von Nachhaltigkeit und dem Kauf gebrauchter Waren.","true","{""day"": 25, ""month"": 8}","INT","2026-01-15 10:42:55.103491+01"
"Gedenktag des Heiligen Ludwig IX.","Ludwig der Heilige – Einziger heiliggesprochener König von Frankreich, bekannt für seine Gerechtigkeit und Frömmigkeit.","true","{""day"": 25, ""month"": 8}","INT","2026-01-15 10:42:55.103491+01"
"Welthundetag","Ein Aktionstag zur Feier der besonderen Bindung zwischen Mensch und Hund sowie zur Unterstützung von Hunden in Tierheimen.","true","{""day"": 26, ""month"": 8}","INT","2026-01-15 10:42:55.103491+01"
"Women’s Equality Day","Gedenktag an die Verabschiedung des 19. Zusatzartikels zur US-Verfassung im Jahr 1920, der Frauen das Wahlrecht garantierte.","true","{""day"": 26, ""month"": 8}","US","2026-01-15 10:42:55.103491+01"
"Tag der Kirsch-Paprika","National Cherry Popsicle Day – Ein kulinarischer Gedenktag zu Ehren des roten Wassereises am Stiel.","true","{""day"": 26, ""month"": 8}","US","2026-01-15 10:42:55.103491+01"
"Tag des Toilettenpapiers","National Toilet Paper Day – Ein kurioser Gedenktag, der an die erste kommerzielle Vermarktung im Jahr 1857 erinnert.","true","{""day"": 26, ""month"": 8}","INT","2026-01-15 10:42:55.103491+01"
"Web-Gerechtigkeits-Tag","Web Not War Day – Ein Aktionstag zur Förderung offener Web-Standards und der Zusammenarbeit in der digitalen Welt.","true","{""day"": 26, ""month"": 8}","INT","2026-01-15 10:42:55.103491+01"
"Tag der Verfassung (Sardinien/Italien)","Regionaler Gedenktag zur Feier der autonomen Identität und Geschichte.","true","{""day"": 26, ""month"": 8}","IT-SAR","2026-01-15 10:42:55.103491+01"
"Gedenktag der Heiligen Johanna Elisabeth Bichier des Ages","Mitbegründerin der „Töchter vom Kreuz“ und Patronin der Armen und Kranken.","true","{""day"": 26, ""month"": 8}","INT","2026-01-15 10:42:55.103491+01"
"Welttag der Kopf-Hals-Tumore","Ein globaler Aktionstag zur Aufklärung über Früherkennung und Behandlung von Krebserkrankungen im Kopf-Hals-Bereich.","true","{""day"": 27, ""month"": 8}","INT","2026-01-15 10:42:55.103491+01"
"Tag der Unabhängigkeit (Moldau)","Ziua Independenței – Nationalfeiertag zur Erinnerung an die Unabhängigkeitserklärung von der Sowjetunion im Jahr 1991.","true","{""day"": 27, ""month"": 8}","MD","2026-01-15 10:42:55.103491+01"
"Tag der Erdnussbutter-Plätzchen","National Peanut Butter Lover’s Day (Ersatztermin) – Ein kulinarischer Gedenktag für Liebhaber der cremigen Nuss-Spezialität.","true","{""day"": 27, ""month"": 8}","US","2026-01-15 10:42:55.103491+01"
"Tag der „Banana-Republic“","Erinnert an die Gründung der ersten modernen Bananenrepubliken und dient heute oft als kritischer Tag für fairen Handel.","true","{""day"": 27, ""month"": 8}","INT","2026-01-15 10:42:55.103491+01"
"Tag der Petroleum-Entdeckung","Oil Tally Day – Erinnert an die erste erfolgreiche Ölbohrung durch Edwin L. Drake in Pennsylvania im Jahr 1859.","true","{""day"": 27, ""month"": 8}","INT","2026-01-15 10:42:55.103491+01"
"Tag des ""The Rock"" (Dwayne Johnson)","Ein inoffizieller Fantag zu Ehren des Schauspielers und ehemaligen Wrestlers.","true","{""day"": 27, ""month"": 8}","INT","2026-01-15 10:42:55.103491+01"
"Gedenktag der Heiligen Monika von Tagaste","Mutter des heiligen Augustinus und Schutzpatronin der Frauen und Mütter.","true","{""day"": 27, ""month"": 8}","INT","2026-01-15 10:42:55.103491+01"
"Jahrestag der „I Have a Dream“-Rede","Erinnert an Martin Luther Kings berühmte Rede während des Marsches auf Washington für Arbeit und Freiheit im Jahr 1963.","true","{""day"": 28, ""month"": 8}","US","2026-01-15 10:42:55.103491+01"
"Tag des roten Weines","National Red Wine Day – Ein kulinarischer Gedenktag zur Feier der Vielfalt und Kultur roter Rebsorten.","true","{""day"": 28, ""month"": 8}","INT","2026-01-15 10:42:55.103491+01"
"Tag der Kirschpastete","National Cherry Turnover Day – Ein kulinarischer Gedenktag zu Ehren der mit Kirschen gefüllten Blätterteigtaschen.","true","{""day"": 28, ""month"": 8}","US","2026-01-15 10:42:55.103491+01"
"Tag des Radio-Hörspiels","Crackers over the Keyboard Day / Radio Commercial Day – Ein Tag zur Würdigung der Geschichte der Radiowerbung und Hörspielkultur.","true","{""day"": 28, ""month"": 8}","INT","2026-01-15 10:42:55.103491+01"
"Gedenktag des Heiligen Augustinus von Hippo","Todestag des bedeutenden Kirchenlehrers und Philosophen, Schutzpatron der Buchdrucker und Theologen.","true","{""day"": 28, ""month"": 8}","INT","2026-01-15 10:42:55.103491+01"
"Tag der Marine (Mexiko)","Día de la Armada de México – Ein Gedenktag zu Ehren der mexikanischen Seestreitkräfte.","true","{""day"": 28, ""month"": 8}","MX","2026-01-15 10:42:55.103491+01"
"Tag der Verfassung (Sint Maarten)","Constitution Day – Ein bedeutender staatlicher Feiertag auf der Karibikinsel.","true","{""day"": 28, ""month"": 8}","SX","2026-01-15 10:42:55.103491+01"
"Internationaler Tag gegen Nuklearversuche","Ein von der UN ausgerufener Tag, um das Bewusstsein für die Auswirkungen von Atomwaffentests zu schärfen und ein Ende solcher Versuche zu fordern.","true","{""day"": 29, ""month"": 8}","INT","2026-01-15 10:42:55.103491+01"
"Nationalfeiertag der Slowakei","Gedenktag an den Slowakischen Nationalaufstand von 1944 gegen das NS-Regime und dessen Kollaborateure.","true","{""day"": 29, ""month"": 8}","SK","2026-01-15 10:42:55.103491+01"
"Nationaler Sporttag (Indien)","Wird am Geburtstag der Hockey-Legende Major Dhyan Chand gefeiert, um die Bedeutung von Sport und Gesundheit zu fördern.","true","{""day"": 29, ""month"": 8}","IN","2026-01-15 10:42:55.103491+01"
"Tag der Zitronensaft-Liebhaber","National Lemon Juice Day – Ein kulinarischer Gedenktag zu Ehren der vielseitigen Verwendung von Zitronensaft in Küche und Haushalt.","true","{""day"": 29, ""month"": 8}","INT","2026-01-15 10:42:55.103491+01"
"Gedenktag Enthauptung Johannes’ des Täufers","Ein christlicher Gedenktag, der an das Martyrium Johannes’ des Täufers erinnert.","true","{""day"": 29, ""month"": 8}","INT","2026-01-15 10:42:55.103491+01"
"Nationaler Heldentag (Philippinen)","Nationaler Gedenktag zu Ehren der bekannten und unbekannten Heldinnen und Helden des Landes.","true","{""day"": 29, ""month"": 8}","PH","2026-01-15 10:42:55.103491+01"
"Tag des ""Kräuter-Schlagens"" (Chop Suey)","National Chop Suey Day – Ein kulinarischer Tag zur Feier des chinesisch-amerikanischen Gerichts.","true","{""day"": 29, ""month"": 8}","US","2026-01-15 10:42:55.103491+01"
"Internationaler Tag der Opfer des Verschwindenlassens","Ein von der UN ausgerufener Gedenktag, um auf das Schicksal von Menschen aufmerksam zu machen, die durch staatliche Stellen oder Gruppen willkürlich inhaftiert oder entführt wurden.","true","{""day"": 30, ""month"": 8}","INT","2026-01-15 10:42:55.103491+01"
"Welttag des Walhais","International Whale Shark Day – Ein Aktionstag zur Sensibilisierung für den Schutz des größten Fisches der Welt und den Erhalt mariner Ökosysteme.","true","{""day"": 30, ""month"": 8}","INT","2026-01-15 10:42:55.103491+01"
"Tag des Sieges (Türkei)","Zafer Bayramı – Ein bedeutender staatlicher Feiertag zur Erinnerung an den entscheidenden Sieg in der Schlacht von Dumlupınar im Jahr 1922.","true","{""day"": 30, ""month"": 8}","TR","2026-01-15 10:42:55.103491+01"
"Verfassungstag (Kasachstan)","Nationalfeiertag zur Erinnerung an die Annahme der aktuellen Verfassung durch ein Referendum im Jahr 1995.","true","{""day"": 30, ""month"": 8}","KZ","2026-01-15 10:42:55.103491+01"
"Tag der gerösteten Marshmallows","National Toasted Marshmallow Day – Ein kulinarischer Gedenktag, der die beliebte Lagerfeuer-Süßigkeit feiert.","true","{""day"": 30, ""month"": 8}","INT","2026-01-15 10:42:55.103491+01"
"Frankenstein-Tag","Erinnert an den Geburtstag von Mary Shelley (1797), der Autorin des berühmten Romans „Frankenstein“.","true","{""day"": 30, ""month"": 8}","INT","2026-01-15 10:42:55.103491+01"
"Gedenktag der Heiligen Rosa von Lima","Erste Heilige Amerikas und Patronin von Peru, Lateinamerika und den Philippinen.","true","{""day"": 30, ""month"": 8}","INT","2026-01-15 10:42:55.103491+01"
"Internationaler Tag der Menschen afrikanischer Abstammung","Ein UN-Aktionstag zur Anerkennung der außerordentlichen Beiträge der afrikanischen Diaspora weltweit und zur Bekämpfung von Diskriminierung.","true","{""day"": 31, ""month"": 8}","INT","2026-01-15 10:42:55.103491+01"
"Hari Merdeka (Unabhängigkeitstag Malaysia)","Nationalfeiertag zur Erinnerung an die Unabhängigkeitserklärung der Föderation Malaya vom Vereinigten Königreich im Jahr 1957.","true","{""day"": 31, ""month"": 8}","MY","2026-01-15 10:42:55.103491+01"
"Welttag der Überdosierung","International Overdose Awareness Day – Ein Gedenktag zur Sensibilisierung für das Risiko von Überdosierungen und zum Gedenken an Verstorbene.","true","{""day"": 31, ""month"": 8}","INT","2026-01-15 10:42:55.103491+01"
"Prinzessin-Diana-Gedenktag","Todestag von Diana, Princess of Wales (1997); weltweit erinnern Menschen an ihr karitatives Wirken und ihr Leben.","true","{""day"": 31, ""month"": 8}","INT","2026-01-15 10:42:55.103491+01"
"Tag der Sprache (Moldau)","Limba Noastră – Ein staatlicher Feiertag zur Würdigung der moldauischen (rumänischen) Sprache und Kultur.","true","{""day"": 31, ""month"": 8}","MD","2026-01-15 10:42:55.103491+01"
"Tag der Studentenfutter-Liebhaber","National Trail Mix Day – Ein kulinarischer Gedenktag zu Ehren des energiereichen Snacks aus Nüssen und Trockenfrüchten.","true","{""day"": 31, ""month"": 8}","INT","2026-01-15 10:42:55.103491+01"
"Tag der Unabhängigkeit (Trinidad und Tobago)","Nationalfeiertag zur Erinnerung an die Erlangung der Unabhängigkeit vom Vereinigten Königreich im Jahr 1962.","true","{""day"": 31, ""month"": 8}","TT","2026-01-15 10:42:55.103491+01"
"Antikriegstag","Erinnert an den Beginn des Zweiten Weltkrieges mit dem Überfall auf Polen 1939; ein Tag für Frieden und gegen Faschismus.","true","{""day"": 1, ""month"": 9}","DE","2026-01-15 11:48:20.332673+01"
"Meteorologischer Herbstanfang","Der offizielle Beginn des Herbstes aus Sicht der Klimaforschung auf der Nordhalbkugel.","true","{""day"": 1, ""month"": 9}","INT","2026-01-15 11:48:20.332673+01"
"Weltgebetstag für die Bewahrung der Schöpfung","Ein von Papst Franziskus und der orthodoxen Kirche ausgerufener Tag zum Gebet und Handeln für den Umweltschutz.","true","{""day"": 1, ""month"": 9}","INT","2026-01-15 11:48:20.332673+01"
"Tag der Verfassung (Slowakei)","Nationalfeiertag zur Erinnerung an die Annahme der slowakischen Verfassung im Jahr 1992.","true","{""day"": 1, ""month"": 9}","SK","2026-01-15 11:48:20.332673+01"
"Tag der Unabhängigkeit (Usbekistan)","Mustaqillik Kuni – Nationalfeiertag zur Erinnerung an die Unabhängigkeitserklärung von der Sowjetunion 1991.","true","{""day"": 1, ""month"": 9}","UZ","2026-01-15 11:48:20.332673+01"
"Emma-M.-Nutt-Tag","Ehrt die erste Telefonistin der Geschichte (1878) und damit den Beginn der weiblichen Berufstätigkeit in der Telekommunikation.","true","{""day"": 1, ""month"": 9}","INT","2026-01-15 11:48:20.332673+01"
"Tag des Kirschkuchens","National Cherry Popover Day – Ein kulinarischer Gedenktag zu Ehren des luftigen Kirschgebäcks.","true","{""day"": 1, ""month"": 9}","US","2026-01-15 11:48:20.332673+01"
"Welttag der Kokosnuss","World Coconut Day – Ein Aktionstag zur Förderung der wirtschaftlichen Bedeutung und der gesundheitlichen Vorteile der Kokosnuss.","true","{""day"": 2, ""month"": 9}","INT","2026-01-15 11:48:20.332673+01"
"V-J Day (Sieg über Japan)","Offizieller Gedenktag zum Ende des Zweiten Weltkriegs durch die Unterzeichnung der Kapitulationsurkunde Japans 1945.","true","{""day"": 2, ""month"": 9}","INT","2026-01-15 11:48:20.332673+01"
"Nationalfeiertag Vietnam","Gedenktag an die Unabhängigkeitserklärung von Frankreich im Jahr 1945 durch Ho Chi Minh.","true","{""day"": 2, ""month"": 9}","VN","2026-01-15 11:48:20.332673+01"
"Tag der Unabhängigkeit (Transnistrien)","Nationalfeiertag der völkerrechtlich nicht anerkannten Republik zur Erinnerung an die Abspaltung von Moldau 1990.","true","{""day"": 2, ""month"": 9}","MD","2026-01-15 11:48:20.332673+01"
"Blaubeer-Eis-Tag","National Blueberry Popsicle Day – Ein kulinarischer Gedenktag zu Ehren des fruchtigen Wassereises am Stiel.","true","{""day"": 2, ""month"": 9}","US","2026-01-15 11:48:20.332673+01"
"Tag der bärtigen Männer","Aktionstag rund um Bartkultur und Bartpflege.","true","{""day"": 2, ""month"": 9}","INT","2026-01-15 11:48:20.332673+01"
"Gedenktag des Heiligen Agricola von Avignon","Patron gegen Unglück und für Regen; ein im südfranzösischen Raum sehr verehrter Bischof.","true","{""day"": 2, ""month"": 9}","INT","2026-01-15 11:48:20.332673+01"
"Welttag des Wolkenkratzers","National Skyscraper Day – Gedenktag zum Geburtstag von Louis Sullivan, dem „Vater der Wolkenkratzer“, zur Feier architektonischer Meisterleistungen.","true","{""day"": 3, ""month"": 9}","INT","2026-01-15 11:48:20.332673+01"
"Nationalfeiertag San Marino","Feiert die Gründung der ältesten Republik der Welt durch den heiligen Marinus im Jahr 301 n. Chr.","true","{""day"": 3, ""month"": 9}","SM","2026-01-15 11:48:20.332673+01"
"Tag der Unabhängigkeit (Katar)","Gedenktag an die Erlangung der vollen Unabhängigkeit vom Vereinigten Königreich im Jahr 1971.","true","{""day"": 3, ""month"": 9}","QA","2026-01-15 11:48:20.332673+01"
"Tag des Sieges über Japan (China)","Gedenktag an den Sieg über die japanischen Invasoren im Zweiten Weltkrieg im Jahr 1945.","true","{""day"": 3, ""month"": 9}","CN","2026-01-15 11:48:20.332673+01"
"Tag der Erbsensuppe","Ein traditioneller kulinarischer Aktionstag in Deutschland, der die klassische Hausmannskost würdigt.","true","{""day"": 3, ""month"": 9}","DE","2026-01-15 11:48:20.332673+01"
"Tag der US-Bowlingliga","US Bowling League Day – Ein Tag zur Feier des Breitensports und der Gemeinschaft in Bowling-Ligen.","true","{""day"": 3, ""month"": 9}","US","2026-01-15 11:48:20.332673+01"
"Gedenktag des Heiligen Gregor des Großen","Gedenktag an die Wahl und Weihe von Papst Gregor I. im Jahr 590 n. Chr., einem der bedeutendsten Kirchenlehrer.","true","{""day"": 3, ""month"": 9}","INT","2026-01-15 11:48:20.332673+01"
"Welttag für sexuelle Gesundheit","Ein globaler Aktionstag der WAS zur Förderung des Bewusstseins für sexuelle Rechte und das Wohlbefinden weltweit.","true","{""day"": 4, ""month"": 9}","INT","2026-01-15 11:48:20.332673+01"
"Tag des Macadamia-Nuss-Puddings","National Macadamia Nut Day – Ein kulinarischer Gedenktag zu Ehren der ""Königin der Nüsse"".","true","{""day"": 4, ""month"": 9}","INT","2026-01-15 11:48:20.332673+01"
"Gründung der Dritten Republik (Frankreich)","Erinnert an die Proklamation der Republik im Jahr 1870 durch Léon Gambetta.","true","{""day"": 4, ""month"": 9}","FR","2026-01-15 11:48:20.332673+01"
"Tag der Zeitungsausträger","Newspaper Carrier Day – Erinnert an den ersten Zeitungsjungen, Barney Flaherty, der 1833 in New York angestellt wurde.","true","{""day"": 4, ""month"": 9}","INT","2026-01-15 11:48:20.332673+01"
"Tag des Wildtiers (Wildlife Day)","National Wildlife Day – Ein Tag zur Aufklärung über bedrohte Arten und die Notwendigkeit des Naturschutzes.","true","{""day"": 4, ""month"": 9}","INT","2026-01-15 11:48:20.332673+01"
"Tag der Taubheit","Ein Aktionstag (mancherorts am 4.9.), der auf die Situation von Menschen mit Hörbehinderung aufmerksam macht.","true","{""day"": 4, ""month"": 9}","INT","2026-01-15 11:48:20.332673+01"
"Gedenktag der Heiligen Rosalia","Schutzpatronin von Palermo; erinnert an die Auffindung ihrer Reliquien im Jahr 1624.","true","{""day"": 4, ""month"": 9}","IT","2026-01-15 11:48:20.332673+01"
"Internationaler Tag der Wohltätigkeit","Ein von der UN ausgerufener Gedenktag zu Ehren von Mutter Teresa (Todestag 1997), um weltweit für humanitäres Engagement zu werben.","true","{""day"": 5, ""month"": 9}","INT","2026-01-15 11:48:20.332673+01"
"Kopfschmerz-Check-Tag","Ein Gesundheitstag, der dazu aufruft, Ursachen von Kopfschmerzen abzuklären und präventive Maßnahmen zu ergreifen.","true","{""day"": 5, ""month"": 9}","INT","2026-01-15 11:48:20.332673+01"
"Tag der Käsepizza","National Cheese Pizza Day – Ein kulinarischer Gedenktag, der den zeitlosen Klassiker der italienisch-amerikanischen Küche feiert.","true","{""day"": 5, ""month"": 9}","US","2026-01-15 11:48:20.332673+01"
"Tag des Beira-Mar (Beira-Mar-Tag)","Regionaler Gedenktag in Brasilien zur Würdigung der Küstenkultur und maritimen Traditionen.","true","{""day"": 5, ""month"": 9}","BR","2026-01-15 11:48:20.332673+01"
"Tag der indischen Lehrer","Wird am Geburtstag von Dr. Sarvepalli Radhakrishnan gefeiert, um die Rolle der Pädagogen für die Gesellschaft zu ehren.","true","{""day"": 5, ""month"": 9}","IN","2026-01-15 11:48:20.332673+01"
"Gedenktag der Heiligen Mutter Teresa","Todestag der Friedensnobelpreisträgerin und Ordensgründerin der Missionarinnen der Nächstenliebe.","true","{""day"": 5, ""month"": 9}","INT","2026-01-15 11:48:20.332673+01"
"Tag der Verspätungen","Be Late for Something Day – Ein humorvoller Tag, der dazu einlädt, dem Termindruck für einen Moment zu entfliehen.","true","{""day"": 5, ""month"": 9}","INT","2026-01-15 11:48:20.332673+01"
"Lies-ein-Buch-Tag","Read a Book Day – Ein Tag, der dazu aufruft, den digitalen Alltag zu pausieren und sich der Lektüre eines Buches zu widmen.","true","{""day"": 6, ""month"": 9}","INT","2026-01-15 11:48:20.332673+01"
"Nationalfeiertag Eswatini","Umhlanga / Independence Day – Erinnert an die Erlangung der Unabhängigkeit vom Vereinigten Königreich im Jahr 1968.","true","{""day"": 6, ""month"": 9}","SZ","2026-01-15 11:48:20.332673+01"
"Tag der bulgarischen Vereinigung","Nationaler Feiertag zur Erinnerung an die Vereinigung des Fürstentums Bulgarien mit Ostrumelien im Jahr 1885.","true","{""day"": 6, ""month"": 9}","BG","2026-01-15 11:48:20.332673+01"
"Tag der Kaffeepause","National Coffee Ice Cream Day – Ein kulinarischer Gedenktag zu Ehren der Kombination aus Koffein und gefrorener Süßspeise.","true","{""day"": 6, ""month"": 9}","US","2026-01-15 11:48:20.332673+01"
"Gedenktag Hans Grade","Erinnert an den deutschen Flugpionier, der 1908 den ersten erfolgreichen Motorflug in Deutschland absolvierte.","true","{""day"": 6, ""month"": 9}","DE","2026-01-15 11:48:20.332673+01"
"Tag der Verteidigung (Pakistan)","Defence Day – Ein nationaler Gedenktag zu Ehren der Streitkräfte und der Gefallenen des Indo-Pakistanischen Krieges 1965.","true","{""day"": 6, ""month"": 9}","PK","2026-01-15 11:48:20.332673+01"
"Gedenktag des Heiligen Magnus von Füssen","Der „Apostel des Allgäus“, Schutzpatron gegen Ungeziefer und Schädlinge.","true","{""day"": 6, ""month"": 9}","DE","2026-01-15 11:48:20.332673+01"
"Tag der Lehrer (Argentinien)","Día del Maestro – Gedenktag an den Todestag von Domingo Faustino Sarmiento, dem ""Lehrer Amerikas"".","true","{""day"": 11, ""month"": 9}","AR","2026-01-15 11:48:20.332673+01"
"Internationaler Tag der sauberen Luft für einen blauen Himmel","Ein von der UN ausgerufener Aktionstag zur Sensibilisierung für Luftqualität und deren Bedeutung für Gesundheit und Klima.","true","{""day"": 7, ""month"": 9}","INT","2026-01-15 11:48:20.332673+01"
"Tag der Unabhängigkeit (Brasilien)","Sete de Setembro – Nationalfeiertag zur Erinnerung an die Unabhängigkeitserklärung von Portugal im Jahr 1822.","true","{""day"": 7, ""month"": 9}","BR","2026-01-15 11:48:20.332673+01"
"Welttag der Salami","Salami Day – Ein kulinarischer Gedenktag, der die Vielfalt und Tradition der Salam herstellung feiert.","true","{""day"": 7, ""month"": 9}","INT","2026-01-15 11:48:20.332673+01"
"Duchenne-Aufklärungstag","World Duchenne Awareness Day – Ein globaler Tag zur Aufklärung über die Duchenne-Muskeldystrophie.","true","{""day"": 7, ""month"": 9}","INT","2026-01-15 11:48:20.332673+01"
"Kauf-dir-ein-Buch-Tag","Buy a Book Day – Eine Ergänzung zum Lies-ein-Buch-Tag, um lokale Buchhandlungen und Autoren zu unterstützen.","true","{""day"": 7, ""month"": 9}","INT","2026-01-15 11:48:20.332673+01"
"Tag der Militärparade (Australien)","Battle of Australia Day – Gedenktag an die Verteidigung Australiens während des Zweiten Weltkriegs 1942.","true","{""day"": 7, ""month"": 9}","AU","2026-01-15 11:48:20.332673+01"
"Gedenktag des Heiligen Marko von Križevci","Kroatischer Heiliger und Märtyrer, der im 17. Jahrhundert während der Gegenreformation wirkte.","true","{""day"": 7, ""month"": 9}","HR","2026-01-15 11:48:20.332673+01"
"Weltalphabetisierungstag","Ein von der UNESCO ausgerufener Tag, um an die Bedeutung des Lesens und Schreibens als Menschenrecht zu erinnern.","true","{""day"": 8, ""month"": 9}","INT","2026-01-15 11:48:20.332673+01"
"Welt-Physiotherapie-Tag","Ein Aktionstag zur Anerkennung der entscheidenden Rolle der Physiotherapeuten für die globale Gesundheit.","true","{""day"": 8, ""month"": 9}","INT","2026-01-15 11:48:20.332673+01"
"Tag der Verfassung (Andorra)","Nationalfeiertag (Mare de Déu de Meritxell) und Gedenktag an die Verfassung von 1993.","true","{""day"": 8, ""month"": 9}","AD","2026-01-15 11:48:20.332673+01"
"Alternativtermin für Tag der Ersten Hilfe","Alternativtermin, der in manchen Kalendern für Tag der Ersten Hilfe geführt wird.","true","{""day"": 8, ""month"": 9}","INT","2026-01-15 11:48:20.332673+01"
"Mariä Geburt","Ein bedeutendes Fest im Kirchenjahr der katholischen, orthodoxen und anglikanischen Kirche.","true","{""day"": 8, ""month"": 9}","INT","2026-01-15 11:48:20.332673+01"
"Pardel-Luchs-Tag","Ein Tag zur Sensibilisierung für den Schutz des Iberischen Luchses, einer der seltensten Katzenarten der Welt.","true","{""day"": 8, ""month"": 9}","ES/PT","2026-01-15 11:48:20.332673+01"
"Tag des Notizbuchs","Ein Tag zur Feier des analogen Schreibens und der kreativen Planung in Notizbüchern.","true","{""day"": 8, ""month"": 9}","INT","2026-01-15 11:48:20.332673+01"
"Welttag des Elektroautos","World EV Day – Ein globaler Aktionstag zur Förderung der Elektromobilität und des Übergangs zu nachhaltigem Transport.","true","{""day"": 9, ""month"": 9}","INT","2026-01-15 11:48:20.332673+01"
"Tag des Wiener Schnitzels","Ein kulinarischer Gedenktag zu Ehren eines der bekanntesten Gerichte der österreichischen Küche.","true","{""day"": 9, ""month"": 9}","INT","2026-01-15 11:48:20.332673+01"
"Tag der Unabhängigkeit (Tadschikistan)","Nationalfeiertag zur Erinnerung an die Unabhängigkeitserklärung von der Sowjetunion im Jahr 1991.","true","{""day"": 9, ""month"": 9}","TJ","2026-01-15 11:48:20.332673+01"
"Gründungstag der Republik (Nordkorea)","Der wichtigste Nationalfeiertag in der DVRK zur Erinnerung an die Staatsgründung im Jahr 1948.","true","{""day"": 9, ""month"": 9}","KP","2026-01-15 11:48:20.332673+01"
"Internationaler Tag zum Schutz der Bildung vor Angriffen","Ein UN-Tag, um auf die Notwendigkeit aufmerksam zu machen, Schulen und Universitäten in Konfliktgebieten als sichere Orte zu erhalten.","true","{""day"": 9, ""month"": 9}","INT","2026-01-15 11:48:20.332673+01"
"Teddybär-Tag","National Teddy Bear Day – Ein Tag zur Feier des kuscheligen Begleiters, benannt nach US-Präsident Theodore Roosevelt.","true","{""day"": 9, ""month"": 9}","INT","2026-01-15 11:48:20.332673+01"
"Welttag des alkoholgeschädigten Kindes","FASD Day – Macht auf die Gefahren von Alkoholkonsum während der Schwangerschaft aufmerksam (symbolisch um 09:09 Uhr am 09.09.).","true","{""day"": 9, ""month"": 9}","INT","2026-01-15 11:48:20.332673+01"
"Welttag der Suizidprävention","Ein von der WHO und IASP ausgerufener Tag, um das Bewusstsein für die Suizidprävention zu schärfen und Stigmatisierung abzubauen.","true","{""day"": 10, ""month"": 9}","INT","2026-01-15 11:48:20.332673+01"
"St. George’s Caye Day","Nationalfeiertag in Belize zur Erinnerung an den Sieg über die spanische Flotte im Jahr 1798.","true","{""day"": 10, ""month"": 9}","BZ","2026-01-15 11:48:20.332673+01"
"Tag des Tauschtisches","Swap Ideas Day – Ein Tag, der dazu ermutigt, Wissen, kreative Konzepte und neue Perspektiven mit anderen zu teilen.","true","{""day"": 10, ""month"": 9}","INT","2026-01-15 11:48:20.332673+01"
"Alternativtermin für Tag des Fernsehens","Alternativtermin, der in manchen Kalendern für Tag des Fernsehens geführt wird.","true","{""day"": 10, ""month"": 9}","INT","2026-01-15 11:48:20.332673+01"
"Tag der bayerischen Schule","Oft als inoffizieller Termin zum Schulstart nach den Sommerferien genutzt, um die Bildungstradition im Freistaat zu würdigen.","true","{""day"": 10, ""month"": 9}","DE-BY","2026-01-15 11:48:20.332673+01"
"Tag des bunten TV-Abends","National TV Dinner Day – Ein kulinarischer Gedenktag zu Ehren der Einführung von Fertiggerichten in den 1950er Jahren.","true","{""day"": 10, ""month"": 9}","US","2026-01-15 11:48:20.332673+01"
"Gedenktag des Heiligen Nikolaus von Tolentino","Patron der Seelen im Fegefeuer und der Schiffbrüchigen; bekannt als großer Wundertäter des Augustinerordens.","true","{""day"": 10, ""month"": 9}","INT","2026-01-15 11:48:20.332673+01"
"Patriot Day (9/11 Gedenktag)","Nationaler Gedenktag in den USA zur Erinnerung an die Opfer der Terroranschläge vom 11. September 2001.","true","{""day"": 11, ""month"": 9}","US","2026-01-15 11:48:20.332673+01"
"Nationalfeiertag Katalonien (Diada)","Diada Nacional de Catalunya – Erinnert an den Fall Barcelonas 1714 und ist Ausdruck katalanischer Identität.","true","{""day"": 11, ""month"": 9}","ES-CT","2026-01-15 11:48:20.332673+01"
"Enkutatash (Äthiopisches Neujahr)","Das Neujahrsfest nach dem äthiopischen Kalender; markiert das Ende der Regenzeit.","true","{""day"": 11, ""month"": 9}","ET","2026-01-15 11:48:20.332673+01"
"Tag der Wohnungslosen","Aktionstag der BAG Wohnungslosenhilfe, um auf die soziale Notlage von Menschen ohne festen Wohnsitz aufmerksam zu machen.","true","{""day"": 11, ""month"": 9}","DE","2026-01-15 11:48:20.332673+01"
"Tag des Notrufs (US-Termin)","9-1-1 Day – Neben dem Gedenken wird oft die Bedeutung der Notrufnummern und der Ersthelfer hervorgehoben.","true","{""day"": 11, ""month"": 9}","US","2026-01-15 11:48:20.332673+01"
"Keine-Nachrichten-sind-gute-Nachrichten-Tag","No News Is Good News Day – Ein Tag, um sich bewusst eine Auszeit von der Informationsflut zu gönnen.","true","{""day"": 11, ""month"": 9}","INT","2026-01-15 11:48:20.332673+01"
"Tag der Programmierer","Berufsbezogener Aktionstag für Programmiererinnen und Programmierer am 256. Tag des Jahres.","false","{""day_of_year"": 256}","INT","2026-01-15 11:48:20.332673+01"
"Tag der Vereinten Nationen für die Süd-Süd-Zusammenarbeit","Ein UN-Aktionstag zur Förderung der wirtschaftlichen und sozialen Kooperation zwischen den Ländern des globalen Südens.","true","{""day"": 12, ""month"": 9}","INT","2026-01-15 11:48:20.332673+01"
"Tag der Schokomilch-Shakes","National Chocolate Milkshake Day – Ein kulinarischer Gedenktag zu Ehren des klassischen amerikanischen Milchshakes.","true","{""day"": 12, ""month"": 9}","US","2026-01-15 11:48:20.332673+01"
"Alternativtermin für Tag der Videospiele","Alternativtermin, der in manchen Kalendern für Tag der Videospiele geführt wird.","true","{""day"": 12, ""month"": 9}","INT","2026-01-15 11:48:20.332673+01"
"Gedenktag Mariä Namen","Ein katholischer Gedenktag zur Verehrung des Namens der Gottesmutter Maria, historisch verbunden mit dem Sieg über die Osmanen 1683.","true","{""day"": 12, ""month"": 9}","INT","2026-01-15 11:48:20.332673+01"
"Nationalfeiertag Äthiopien (Nayrouz)","Erinnert an das Ende der Regenzeit und wird traditionell als Neujahrsfest gefeiert.","true","{""day"": 12, ""month"": 9}","ET","2026-01-15 11:48:20.332673+01"
"Tag der Ermutigung","National Day of Encouragement – Ein Tag, der dazu aufruft, Mitmenschen durch positives Feedback und Unterstützung zu stärken.","true","{""day"": 12, ""month"": 9}","US","2026-01-15 11:48:20.332673+01"
"Tag der Programmierer im Schaltjahr","Berufsbezogener Aktionstag für Programmiererinnen und Programmierer; im Schaltjahr fällt er auf den 13. September.","false","{""day_of_year"": 256}","INT","2026-01-15 11:48:20.332673+01"
"Internationaler Schokoladentag","International Chocolate Day – Erinnert an den Geburtstag von Milton S. Hershey und feiert Schokolade in all ihren Formen.","true","{""day"": 13, ""month"": 9}","INT","2026-01-15 11:48:20.332673+01"
"Roald Dahl Tag","Feiert das Leben und die Werke des berühmten Kinderbuchautors („Charlie und die Schokoladenfabrik“) an dessen Geburtstag.","true","{""day"": 13, ""month"": 9}","INT","2026-01-15 11:48:20.332673+01"
"Tag der positiven Einstellung","Positive Thinking Day – Ein Tag, um sich auf optimistische Gedanken zu konzentrieren und die mentale Gesundheit zu stärken.","true","{""day"": 13, ""month"": 9}","INT","2026-01-15 11:48:20.332673+01"
"Tag der Keks-Glückskekse","National Fortune Cookie Day – Ein kulinarischer Gedenktag für die knusprigen Kekse mit den verborgenen Botschaften.","true","{""day"": 13, ""month"": 9}","US","2026-01-15 11:48:20.332673+01"
"Tag der Programmierer (Russland)","In Russland ein offizieller berufsbezogener Feiertag für IT-Spezialisten.","true","{""day"": 13, ""month"": 9}","RU","2026-01-15 11:48:20.332673+01"
"Gedenktag des Heiligen Johannes Chrysostomos","Einer der vier großen griechischen Kirchenväter, bekannt als „Goldmund“ für seine Redegewalt.","true","{""day"": 13, ""month"": 9}","INT","2026-01-15 11:48:20.332673+01"
"Kreuzerhöhung","Ein bedeutendes christliches Fest zur Erinnerung an die Auffindung des Kreuzes Christi durch die heilige Helena im 4. Jahrhundert.","true","{""day"": 14, ""month"": 9}","INT","2026-01-15 11:48:20.332673+01"
"Tag des Wiener Schnitzels","National Wiener Schnitzel Day – Ein kulinarischer Gedenktag zu Ehren des berühmten österreichischen Fleischgerichts.","true","{""day"": 14, ""month"": 9}","INT","2026-01-15 11:48:20.332673+01"
"Tag der Tropenmedizin","Macht auf die Bedeutung der Erforschung und Bekämpfung von Tropenkrankheiten wie Malaria und Dengue-Fieber aufmerksam.","true","{""day"": 14, ""month"": 9}","INT","2026-01-15 11:48:20.332673+01"
"Tag der ungelösten Rätsel","National Color-Blind Awareness Day / Gobstopper Day – Ein Tag, der oft mit der Entdeckung Daltonismus und wissenschaftlichen Rätseln verknüpft wird.","true","{""day"": 14, ""month"": 9}","INT","2026-01-15 11:48:20.332673+01"
"Tag der Kinder-Live-Musik","Ein Aktionstag, um Kindern den Zugang zu Live-Musik und musikalischer Bildung zu ermöglichen.","true","{""day"": 14, ""month"": 9}","INT","2026-01-15 11:48:20.332673+01"
"Tag der Verfassung (Nikolaus-Tag)","In manchen Ländern ein Gedenktag zu Ehren historischer Verfassungsentwürfe.","true","{""day"": 14, ""month"": 9}","INT","2026-01-15 11:48:20.332673+01"
"Gedenktag des Heiligen Notburga von Eben","Tiroler Volksheilige, Schutzpatronin der Dienstboten, Bauern und der Armen.","true","{""day"": 14, ""month"": 9}","AT/DE","2026-01-15 11:48:20.332673+01"
"Internationaler Tag der Demokratie","Ein von der UN ausgerufener Tag zur Förderung und Verteidigung der Grundsätze der Demokratie weltweit.","true","{""day"": 15, ""month"": 9}","INT","2026-01-15 11:48:20.332673+01"
"Beginn des National Hispanic Heritage Month","Start einer einmonatigen Feier der Geschichte und Kultur von US-Bürgern mit Wurzeln in Spanien, Mexiko und Lateinamerika.","true","{""day"": 15, ""month"": 9}","US","2026-01-15 11:48:20.332673+01"
"Welttag des Lymphoms","World Lymphoma Awareness Day – Ein Aktionstag zur Aufklärung über Krebserkrankungen des Lymphsystems.","true","{""day"": 15, ""month"": 9}","INT","2026-01-15 11:48:20.332673+01"
"Tag der Unabhängigkeit (Zentralamerika)","Gemeinsamer Unabhängigkeitstag von Costa Rica, El Salvador, Guatemala, Honduras und Nicaragua (1821).","true","{""day"": 15, ""month"": 9}","INT","2026-01-15 11:48:20.332673+01"
"Tag des Punktes","International Dot Day – Ein Tag für Kreativität und Mut, basierend auf dem Kinderbuch „Der Punkt“ von Peter H. Reynolds.","true","{""day"": 15, ""month"": 9}","INT","2026-01-15 11:48:20.332673+01"
"Tag der Ingenieure (Indien)","Engineers Day – Gedenktag an den Geburtstag von Sir M. Visvesvaraya, einem Pionier des indischen Ingenieurwesens.","true","{""day"": 15, ""month"": 9}","IN","2026-01-15 11:48:20.332673+01"
"Gedächtnis der Schmerzen Mariens","Ein katholischer Gedenktag, der sich den sieben Schmerzen der Gottesmutter widmet.","true","{""day"": 15, ""month"": 9}","INT","2026-01-15 11:48:20.332673+01"
"Internationaler Tag für die Erhaltung der Ozonschicht","Erinnert an die Unterzeichnung des Montrealer Protokolls 1987; ein UN-Tag zur Würdigung des Schutzes der Erdatmosphäre.","true","{""day"": 16, ""month"": 9}","INT","2026-01-15 11:48:20.332673+01"
"Tag der Unabhängigkeit (Mexiko)","Grito de Dolores – Der wichtigste Nationalfeiertag Mexikos zur Erinnerung an den Aufruf zum Aufstand gegen die Spanier 1810.","true","{""day"": 16, ""month"": 9}","MX","2026-01-15 11:48:20.332673+01"
"Tag der Unabhängigkeit (Papua-Neuguinea)","Nationalfeiertag zur Erinnerung an die Unabhängigkeit von Australien im Jahr 1975.","true","{""day"": 16, ""month"": 9}","PG","2026-01-15 11:48:20.332673+01"
"Malaysia-Tag","Hari Malaysia – Gedenktag an die Gründung der Föderation Malaysia im Jahr 1963.","true","{""day"": 16, ""month"": 9}","MY","2026-01-15 11:48:20.332673+01"
"Tag der Guacamole","National Guacamole Day – Ein kulinarischer Gedenktag, der passend zum mexikanischen Unabhängigkeitstag die Avocado-Spezialität feiert.","true","{""day"": 16, ""month"": 9}","INT","2026-01-15 11:48:20.332673+01"
"Tag des Play-Doh","National Play-Doh Day – Ein Tag zur Feier der berühmten Knetmasse, die Generationen von Kindern kreativ geprägt hat.","true","{""day"": 16, ""month"": 9}","INT","2026-01-15 11:48:20.332673+01"
"Gedenktag der Heiligen Kornelius und Cyprian","Zwei bedeutende Märtyrer der frühen Kirche und Verteidiger der Einheit der Christen im 3. Jahrhundert.","true","{""day"": 16, ""month"": 9}","INT","2026-01-15 11:48:20.332673+01"
"Welttag der Patientensicherheit","Ein von der WHO ausgerufener Tag, um das globale Bewusstsein für Patientensicherheit zu schärfen und Risiken im Gesundheitswesen zu minimieren.","true","{""day"": 17, ""month"": 9}","INT","2026-01-15 11:48:20.332673+01"
"Constitution Day (Verfassungstag der USA)","Gedenktag an die Unterzeichnung der Verfassung der Vereinigten Staaten im Jahr 1787 in Philadelphia.","true","{""day"": 17, ""month"": 9}","US","2026-01-15 11:48:20.332673+01"
"Tag der ersten MP3-Player-Vorstellung","Erinnert an die Präsentation des ersten marktfähigen MP3-Players (MPMan F10) auf der CeBIT 1998.","true","{""day"": 17, ""month"": 9}","INT","2026-01-15 11:48:20.332673+01"
"Tag des Apfelstrudels","National Apple Dumpling Day – Ein kulinarischer Gedenktag zu Ehren der gebackenen Apfelspezialität.","true","{""day"": 17, ""month"": 9}","US","2026-01-15 11:48:20.332673+01"
"Tag der Helden (Angola)","Nationalfeiertag zu Ehren des ersten Präsidenten Agostinho Neto und der Unabhängigkeitskämpfer.","true","{""day"": 17, ""month"": 9}","AO","2026-01-15 11:48:20.332673+01"
"Tag der IT-Professionals","National IT Professionals Day – Würdigt die Arbeit derer, die hinter den Kulissen die digitale Infrastruktur am Laufen halten.","false","{""month"": 9, ""occurrence"": 3, ""day_of_week"": ""Tuesday""}","INT","2026-01-15 11:48:20.332673+01"
"Gedenktag der Heiligen Hildegard von Bingen","Todestag der bedeutenden Universalgelehrten, Äbtissin und Kirchenlehrerin (1179).","true","{""day"": 17, ""month"": 9}","DE/INT","2026-01-15 11:48:20.332673+01"
"Internationaler Tag der gleichen Bezahlung","International Equal Pay Day – Ein von der UN ausgerufener Tag, um auf das Lohngefälle zwischen den Geschlechtern aufmerksam zu machen.","true","{""day"": 18, ""month"": 9}","INT","2026-01-15 11:48:20.332673+01"
"Welt-Wasser-Überwachungstag","World Water Monitoring Day – Ein Aktionstag, der Menschen weltweit dazu aufruft, die Qualität ihrer lokalen Gewässer zu prüfen und zu schützen.","true","{""day"": 18, ""month"": 9}","INT","2026-01-15 11:48:20.332673+01"
"Tag der Unabhängigkeit (Chile)","Fiestas Patrias – Nationalfeiertag zur Erinnerung an die Bildung der ersten nationalen Regierungsjunta im Jahr 1810.","true","{""day"": 18, ""month"": 9}","CL","2026-01-15 11:48:20.332673+01"
"Tag der US-Air-Force","Air Force Day – Gedenktag zur Gründung der eigenständigen Teilstreitkraft der Vereinigten Staaten im Jahr 1947.","true","{""day"": 18, ""month"": 9}","US","2026-01-15 11:48:20.332673+01"
"Tag des Cheeseburgers","National Cheeseburger Day – Ein kulinarischer Gedenktag zu Ehren des Fleischpflanzerls mit geschmolzenem Käse.","true","{""day"": 18, ""month"": 9}","INT","2026-01-15 11:48:20.332673+01"
"Tag des Respekts vor den Älteren (Japan)","Keirō no Hi – Ein staatlicher Feiertag zu Ehren der älteren Generation.","false","{""month"": 9, ""occurrence"": 3, ""day_of_week"": ""Monday""}","JP","2026-01-15 11:48:20.332673+01"
"Gedenktag des Heiligen Lambert von Lüttich","Bischof und Märtyrer, der im 7. Jahrhundert als Glaubensbote wirkte; Patron der Stadt Freiburg im Breisgau.","true","{""day"": 18, ""month"": 9}","INT","2026-01-15 11:48:20.332673+01"
"Sprich-wie-ein-Pirat-Tag","International Talk Like a Pirate Day – Ein humorvoller Internet-Feiertag, an dem Menschen weltweit piratentypische Redewendungen nutzen.","true","{""day"": 19, ""month"": 9}","INT","2026-01-15 11:48:20.332673+01"
"Alternativtermin für Welttag der Patientensicherheit","Alternativtermin, der in manchen Kalendern für Welttag der Patientensicherheit geführt wird.","true","{""day"": 19, ""month"": 9}","INT","2026-01-15 11:48:20.332673+01"
"Tag der Unabhängigkeit (St. Kitts und Nevis)","Nationalfeiertag zur Erinnerung an die Erlangung der Unabhängigkeit vom Vereinigten Königreich im Jahr 1983.","true","{""day"": 19, ""month"": 9}","KN","2026-01-15 11:48:20.332673+01"
"Alternativtermin für Tag der Zivilcourage","Alternativtermin, der in manchen Kalendern für Tag der Zivilcourage geführt wird.","true","{""day"": 19, ""month"": 9}","DE","2026-01-15 11:48:20.332673+01"
"Tag des Butterscotch-Puddings","National Butterscotch Pudding Day – Ein kulinarischer Gedenktag zu Ehren der klassischen Süßspeise aus braunem Zucker und Butter.","true","{""day"": 19, ""month"": 9}","US","2026-01-15 11:48:20.332673+01"
"Gedenktag des Heiligen Januarius","Bischof von Benevent und Märtyrer; berühmt für das Blutwunder in Neapel, das jährlich an diesem Tag gefeiert wird.","true","{""day"": 19, ""month"": 9}","IT/INT","2026-01-15 11:48:20.332673+01"
"Weltkindertag","Aktionstag für Kinderrechte und Kinderschutz; in Thüringen seit 2019 ein gesetzlicher Feiertag.","true","{""day"": 20, ""month"": 9}","DE","2026-01-15 11:48:20.332673+01"
"Weltaustertag","World Oyster Day – Ein kulinarischer Gedenktag, der die ökologische Bedeutung und den Genuss von Austern feiert.","true","{""day"": 20, ""month"": 9}","INT","2026-01-15 11:48:20.332673+01"
"Deutscher Pflegetag","Häufiger Termin für den Beginn des größten Kongresses für Pflegeberufe in Deutschland zur Stärkung der Pflegepolitik.","true","{""day"": 20, ""month"": 9}","DE","2026-01-15 11:48:20.332673+01"
"Tag der Verfassung (Südossetien)","Nationalfeiertag der völkerrechtlich nur begrenzt anerkannten Republik zur Erinnerung an die Unabhängigkeitserklärung 1990.","true","{""day"": 20, ""month"": 9}","GE","2026-01-15 11:48:20.332673+01"
"Tag des Punschs","National Punch Day – Ein kulinarischer Gedenktag zu Ehren des geselligen Mischgetränks.","true","{""day"": 20, ""month"": 9}","US","2026-01-15 11:48:20.332673+01"
"Gedenktag des Heiligen Eustachius","Einer der 14 Nothelfer und Schutzpatron der Jäger.","true","{""day"": 20, ""month"": 9}","INT","2026-01-15 11:48:20.332673+01"
"Freiheitstag (Libyen)","Ein Gedenktag zur Erinnerung an politische Umbrüche und das Streben nach nationaler Souveränität.","true","{""day"": 20, ""month"": 9}","LY","2026-01-15 11:48:20.332673+01"
"Internationaler Tag des Friedens","Ein von der UN ausgerufener Tag des weltweiten Waffenstillstands und der Gewaltlosigkeit.","true","{""day"": 21, ""month"": 9}","INT","2026-01-15 11:48:20.332673+01"
"Welt-Alzheimer-Tag","Ein globaler Aktionstag zur Aufklärung über Demenzerkrankungen und zur Unterstützung von Betroffenen und Angehörigen.","true","{""day"": 21, ""month"": 9}","INT","2026-01-15 11:48:20.332673+01"
"Unabhängigkeitstag (Armenien)","Nationalfeiertag zur Erinnerung an das Referendum über die Unabhängigkeit von der Sowjetunion im Jahr 1991.","true","{""day"": 21, ""month"": 9}","AM","2026-01-15 11:48:20.332673+01"
"Unabhängigkeitstag (Belize)","Gedenktag an die Erlangung der Unabhängigkeit vom Vereinigten Königreich im Jahr 1981.","true","{""day"": 21, ""month"": 9}","BZ","2026-01-15 11:48:20.332673+01"
"Unabhängigkeitstag (Malta)","Jum l-Indipendenza – Feiert die Erlangung der Souveränität im Jahr 1964.","true","{""day"": 21, ""month"": 9}","MT","2026-01-15 11:48:20.332673+01"
"Tag des Mini-Golfs","Miniature Golf Day – Ein Tag zur Feier der beliebten Freizeitbeschäftigung für Jung und Alt.","true","{""day"": 21, ""month"": 9}","INT","2026-01-15 11:48:20.332673+01"
"Gedenktag des Heiligen Matthäus","Apostel und Evangelist; Patron der Finanzbeamten, Zöllner und Banker.","true","{""day"": 21, ""month"": 9}","INT","2026-01-15 11:48:20.332673+01"
"Tag des Pekannuss-Plätzchens","National Pecan Cookie Day – Ein kulinarischer Gedenktag zu Ehren des nussigen Gebäcks.","true","{""day"": 21, ""month"": 9}","US","2026-01-15 11:48:20.332673+01"
"Internationaler autofreier Tag","World Car Free Day – Ein Aktionstag, an dem Städte weltweit dazu aufrufen, das Auto stehen zu lassen und nachhaltige Mobilität zu testen.","true","{""day"": 22, ""month"": 9}","INT","2026-01-15 11:48:20.332673+01"
"Astronomischer Herbstanfang (Tag-und-Nacht-Gleiche)","Zeitpunkt, an dem die Sonne den Äquator nach Süden überschreitet; Tag und Nacht sind etwa gleich lang.","false","{""rule"": ""astronomical_equinox_autumn""}","INT","2026-01-15 11:48:20.332673+01"
"Welttag des Nashorns","World Rhino Day – Eine Initiative des WWF zum Schutz der fünf verbleibenden Nashornarten vor Wilderei und Lebensraumverlust.","true","{""day"": 22, ""month"": 9}","INT","2026-01-15 11:48:20.332673+01"
"Welttag der Flüsse","World Rivers Day – Ein Aktionstag, der die Bedeutung und den Schutz unserer Fließgewässer feiert.","false","{""month"": 9, ""occurrence"": 4, ""day_of_week"": ""Sunday""}","INT","2026-01-15 11:48:20.332673+01"
"Tag der Unabhängigkeit (Bulgarien)","Nationalfeiertag zur Erinnerung an die endgültige Loslösung vom Osmanischen Reich im Jahr 1908.","true","{""day"": 22, ""month"": 9}","BG","2026-01-15 11:48:20.332673+01"
"Tag der Unabhängigkeit (Mali)","Gedenktag an die Erlangung der Unabhängigkeit von Frankreich im Jahr 1960.","true","{""day"": 22, ""month"": 9}","ML","2026-01-15 11:48:20.332673+01"
"Hobbit-Tag","Inoffizieller Fantag zu Ehren der Geburtstage von Bilbo und Frodo Beutlin aus J.R.R. Tolkiens „Der Herr der Ringe“.","true","{""day"": 22, ""month"": 9}","INT","2026-01-15 11:48:20.332673+01"
"Gedenktag des Heiligen Mauritius","Anführer der Thebäischen Legion und Schutzpatron der Soldaten, Handwerker und der Stadt Magdeburg.","true","{""day"": 22, ""month"": 9}","INT","2026-01-15 11:48:20.332673+01"
"Internationaler Tag der Gebärdensprachen","Ein von der UN ausgerufener Tag zur Würdigung der Gebärdensprachen als vollwertige Sprachen und zur Förderung der Rechte Gehörloser.","true","{""day"": 23, ""month"": 9}","INT","2026-01-15 11:48:20.332673+01"
"Biskuittag der Nationalspeise","National Snack a Pretzel Day – Ein kulinarischer Gedenktag zu Ehren der Brezel in den USA.","true","{""day"": 23, ""month"": 9}","US","2026-01-15 11:48:20.332673+01"
"Internationaler Tag der Bisexualität","Celebrate Bisexuality Day – Ein Aktionstag zur Sichtbarkeit von bisexuellen Menschen und zum Abbau von Vorurteilen.","true","{""day"": 23, ""month"": 9}","INT","2026-01-15 11:48:20.332673+01"
"Beginn des Sternzeichens Waage","Astronomischer Übergang der Sonne in das Tierkreiszeichen Waage (Datum kann je nach Jahr leicht variieren).","true","{""day"": 23, ""month"": 9}","INT","2026-01-15 11:48:20.332673+01"
"Nationalfeiertag Saudi-Arabien","Gedenktag an die Vereinigung der Königreiche Nadschd und Hidschas zum Königreich Saudi-Arabien im Jahr 1932.","true","{""day"": 23, ""month"": 9}","SA","2026-01-15 11:48:20.332673+01"
"Tag der Verfassung (Japan)","Arbeitnehmer-Feiertag Keirō no Hi – Gedenktag an die Verfassung.","false","{""month"": 9, ""occurrence"": 3, ""day_of_week"": ""Monday""}","JP","2026-01-15 11:48:20.332673+01"
"Gedenktag des Heiligen Padre Pio","Heiliger Priester und Kapuzinermönch, bekannt für seine Stigmata und Wunderheilungen im 20. Jahrhundert.","true","{""day"": 23, ""month"": 9}","INT","2026-01-15 11:48:20.332673+01"
"Tag des Kaugummis","National Chew gum day – Ein kurioser Gedenktag zu Ehren des beliebten Kaumaterials.","true","{""day"": 23, ""month"": 9}","INT","2026-01-15 11:48:20.332673+01"
"Alternativtermin für Tag der Herzgesundheit","Alternativtermin, der in manchen Kalendern für Tag der Herzgesundheit geführt wird.","true","{""day"": 24, ""month"": 9}","INT","2026-01-15 11:48:20.332673+01"
"Heritage Day (Erbe-Tag)","Nationalfeiertag in Südafrika, an dem die Vielfalt der Kulturen, Bräuche und Traditionen des Landes gefeiert wird (auch als Braai Day bekannt).","true","{""day"": 24, ""month"": 9}","ZA","2026-01-15 11:48:20.332673+01"
"Tag der Interpunktion","National Punctuation Day – Ein Tag zur Feier der korrekten Grammatik und Zeichensetzung.","true","{""day"": 24, ""month"": 9}","US","2026-01-15 11:48:20.332673+01"
"Tag der Unabhängigkeit (Guinea-Bissau)","Nationalfeiertag zur Erinnerung an die einseitige Unabhängigkeitserklärung von Portugal im Jahr 1973.","true","{""day"": 24, ""month"": 9}","GW","2026-01-15 11:48:20.332673+01"
"Alternativtermin für Welttag der Seeleute","Alternativtermin, der in manchen Kalendern für Welttag der Seeleute geführt wird.","true","{""day"": 24, ""month"": 9}","INT","2026-01-15 11:48:20.332673+01"
"Cherries-Jubilee-Tag","National Cherries Jubilee Day – Ein kulinarischer Gedenktag zu Ehren der flambierten Kirschspeise.","true","{""day"": 24, ""month"": 9}","INT","2026-01-15 11:48:20.332673+01"
"Gedenktag des Heiligen Rupert von Salzburg","Apostel der Bayern und Gründer des Klosters St. Peter in Salzburg; Patron des Landes Salzburg (Rupertikirtag).","true","{""day"": 24, ""month"": 9}","AT/DE","2026-01-15 11:48:20.332673+01"
"Tag der Zahngesundheit","Ein nationaler Aktionstag in Deutschland zur Aufklärung über Mundhygiene und die Vorbeugung von Zahn- und Mundkrankheiten.","true","{""day"": 25, ""month"": 9}","DE","2026-01-15 11:48:20.332673+01"
"Welttag der Apotheker","World Pharmacists Day – Ein von der FIP ins Leben gerufener Tag, um die Rolle der Apotheker für die globale Gesundheit zu würdigen.","true","{""day"": 25, ""month"": 9}","INT","2026-01-15 11:48:20.332673+01"
"Tag der Träume","World Dream Day – Ein Aktionstag, der dazu inspiriert, eigene Ideen und Visionen zu verfolgen und die Welt positiv zu verändern.","true","{""day"": 25, ""month"": 9}","INT","2026-01-15 11:48:20.332673+01"
"Comic-Hefte-Tag","National Comic Book Day – Ein Tag für Sammler und Fans, um die Kunstform des Comics und seine Helden zu feiern.","true","{""day"": 25, ""month"": 9}","INT","2026-01-15 11:48:20.332673+01"
"Gedenktag des Heiligen Nikolaus von Flüe","Nationalheiliger der Schweiz (Bruder Klaus); Friedensstifter und Einsiedler, der im 15. Jahrhundert wirkte.","true","{""day"": 25, ""month"": 9}","CH","2026-01-15 11:48:20.332673+01"
"Tag der Hummer-Liebhaber","National Lobster Day – Ein kulinarischer Gedenktag, der die Edel-Krustentiere in den Mittelpunkt stellt.","true","{""day"": 25, ""month"": 9}","US","2026-01-15 11:48:20.332673+01"
"One-Hit-Wonder-Tag","National One-Hit Wonder Day – Erinnert an Musiker und Bands, die mit nur einem einzigen großen Hit Weltruhm erlangten.","true","{""day"": 25, ""month"": 9}","INT","2026-01-15 11:48:20.332673+01"
"Europäischer Tag der Sprachen","Eine Initiative des Europarats zur Förderung der Mehrsprachigkeit und zum Erlernen von Fremdsprachen in ganz Europa.","true","{""day"": 26, ""month"": 9}","EU","2026-01-15 11:48:20.332673+01"
"Welttag der Verhütung","World Contraception Day – Ein Aktionstag zur Verbesserung des Bewusstseins für Empfängnisverhütung und sexuelle Gesundheit.","true","{""day"": 26, ""month"": 9}","INT","2026-01-15 11:48:20.332673+01"
"Welttag der Umwelthungerhilfe","World Environmental Health Day – Macht auf die Auswirkungen der Umwelt auf die menschliche Gesundheit aufmerksam.","true","{""day"": 26, ""month"": 9}","INT","2026-01-15 11:48:20.332673+01"
"Internationaler Tag für die vollständige Beseitigung von Kernwaffen","Ein von der UN ausgerufener Gedenktag zur Förderung der globalen nuklearen Abrüstung.","true","{""day"": 26, ""month"": 9}","INT","2026-01-15 11:48:20.332673+01"
"Tag der Liebesbriefe","Love Note Day – Ein Tag, der dazu einlädt, handgeschriebene Botschaften der Zuneigung an geliebte Menschen zu verfassen.","true","{""day"": 26, ""month"": 9}","INT","2026-01-15 11:48:20.332673+01"
"Alternativtermin für Tag der Pfannkuchen","Alternativtermin, der in manchen Kalendern für Tag der Pfannkuchen geführt wird.","true","{""day"": 26, ""month"": 9}","US","2026-01-15 11:48:20.332673+01"
"Gedenktag der Heiligen Kosmas und Damian","Zwillingsbrüder und Ärzte, die als unentgeltlich heilende Patrone der Mediziner und Apotheker verehrt werden.","true","{""day"": 26, ""month"": 9}","INT","2026-01-15 11:48:20.332673+01"
"Welttag des Tourismus","Ein von der UNWTO ausgerufener Tag, um die Bedeutung des Tourismus für die internationale Gemeinschaft und Wirtschaft zu würdigen.","true","{""day"": 27, ""month"": 9}","INT","2026-01-15 11:48:20.332673+01"
"Jahrestag des Luxemburger Abkommens","Erinnert an das 1952 unterzeichnete Wiedergutmachungsabkommen zwischen der Bundesrepublik Deutschland und Israel.","true","{""day"": 27, ""month"": 9}","DE/IL","2026-01-15 11:48:20.332673+01"
"Tag der Ahnen (Ancestors Day)","Ein inoffizieller Tag zur Erforschung der eigenen Familiengeschichte und zur Würdigung der Vorfahren.","true","{""day"": 27, ""month"": 9}","INT","2026-01-15 11:48:20.332673+01"
"Alternativtermin für Tag des Schokomilch-Shakes","Alternativtermin, der in manchen Kalendern für Tag des Schokomilch-Shakes geführt wird.","true","{""day"": 27, ""month"": 9}","US","2026-01-15 11:48:20.332673+01"
"Tag des Corned Beef","National Corned Beef Hash Day (Ersatztermin) – Ein kulinarischer Gedenktag für das traditionelle Fleischgericht.","true","{""day"": 27, ""month"": 9}","INT","2026-01-15 11:48:20.332673+01"
"Gedenktag des Heiligen Vinzenz von Paul","Begründer der neuzeitlichen Caritas und Schutzpatron aller caritativen Vereine und Werke.","true","{""day"": 27, ""month"": 9}","INT","2026-01-15 11:48:20.332673+01"
"Welttag der Tollwut","World Rabies Day – Erinnert an den Todestag von Louis Pasteur und sensibilisiert für die Prävention dieser tödlichen Zoonose.","true","{""day"": 28, ""month"": 9}","INT","2026-01-15 11:48:20.332673+01"
"Internationaler Tag des allgemeinen Zugangs zu Informationen","Ein von der UNESCO ausgerufener Tag, der das Recht auf Information als Grundpfeiler von Demokratie und Entwicklung betont.","true","{""day"": 28, ""month"": 9}","INT","2026-01-15 11:48:20.332673+01"
"Tag der Unabhängigkeit (Tschechien)","Tag der tschechischen Staatlichkeit – Gedenktag an den heiligen Wenzel (Wenzels-Tag), den Landespatron.","true","{""day"": 28, ""month"": 9}","CZ","2026-01-15 11:48:20.332673+01"
"Weltherztag","Internationaler Aktionstag zur Förderung von Herzgesundheit und zur Vorbeugung von Herz-Kreislauf-Erkrankungen.","true","{""day"": 28, ""month"": 9}","INT","2026-01-15 11:48:20.332673+01"
"Tag des Erdbeerkuchens","National Strawberry Cream Pie Day (Ersatztermin) – Ein kulinarischer Gedenktag für die fruchtige Süßspeise.","true","{""day"": 28, ""month"": 9}","US","2026-01-15 11:48:20.332673+01"
"Tag der Trinkhalme","National Drink a Beer Day – Ein inoffizieller Tag der Geselligkeit.","true","{""day"": 28, ""month"": 9}","INT","2026-01-15 11:48:20.332673+01"
"Gedenktag des Heiligen Wenzel","Märtyrer und Herzog von Böhmen; Nationalheiliger der Tschechen und Patron der Brauer.","true","{""day"": 28, ""month"": 9}","INT","2026-01-15 11:48:20.332673+01"
"Weltherztag","Internationaler Aktionstag zur Förderung von Herzgesundheit und zur Vorbeugung von Herz-Kreislauf-Erkrankungen.","true","{""day"": 29, ""month"": 9}","INT","2026-01-15 11:48:20.332673+01"
"Internationaler Tag gegen Lebensmittelverschwendung","Ein UN-Tag zur Sensibilisierung für die Reduzierung von Lebensmittelverlusten und -abfällen entlang der gesamten Lieferkette.","true","{""day"": 29, ""month"": 9}","INT","2026-01-15 11:48:20.332673+01"
"Michaelistag (Erzengel Michael)","Ein christlicher Gedenktag zu Ehren des Erzengels Michael; im Volksglauben ein wichtiger Termin für Pachtzahlungen und Bauernregeln.","true","{""day"": 29, ""month"": 9}","INT","2026-01-15 11:48:20.332673+01"
"Tag des Kaffees (USA/International)","National Coffee Day – In vielen Ländern (u.a. USA) gefeiert, um die Kultur und den Genuss des Kaffees zu würdigen.","true","{""day"": 29, ""month"": 9}","US/INT","2026-01-15 11:48:20.332673+01"
"Tag der Erfinder (Argentinien)","Día del Inventor – Gedenktag am Geburtstag von Ladislao José Biró, dem Erfinder des Kugelschreibers.","true","{""day"": 29, ""month"": 9}","AR","2026-01-15 11:48:20.332673+01"
"Tag der Marine (Argentinien)","Día der Armada Argentina – Gedenktag zu Ehren der Seestreitkräfte des Landes.","true","{""day"": 29, ""month"": 9}","AR","2026-01-15 11:48:20.332673+01"
"Confucius Day","Gedenktag an den Geburtstag des chinesischen Philosophen Konfuzius (traditionelles Datum).","true","{""day"": 29, ""month"": 9}","INT","2026-01-15 11:48:20.332673+01"
"Internationaler Übersetzertag","Hieronymustag – Würdigt die Arbeit von Sprachmittlern für die Völkerverständigung und den kulturellen Austausch.","true","{""day"": 30, ""month"": 9}","INT","2026-01-15 11:48:20.332673+01"
"Loriot-Gedenktag","Geburtstag des bedeutendsten deutschen Humoristen und Satirikers (1923).","true","{""day"": 14, ""month"": 11}","DE","2026-01-15 17:07:53.269075+01"
"Tag der Wahrheit und Versöhnung","Gedenktag an die Opfer des Residential-School-Systems in Kanada und zur Förderung der Heilung zwischen indigenen und nicht-indigenen Völkern.","true","{""day"": 30, ""month"": 9}","CA","2026-01-15 11:48:20.332673+01"
"Weltschifffahrtstag","Aktionstag der internationalen Schifffahrt zu Sicherheit, Umweltschutz und globalem Handel.","false","{""month"": 9, ""occurrence"": -1, ""day_of_week"": ""Thursday""}","INT","2026-01-15 11:48:20.332673+01"
"Tag des heißen Apfelweins","National Hot Mulled Cider Day – Ein kulinarischer Gedenktag, der perfekt zum Beginn der kühleren Herbsttage passt.","true","{""day"": 30, ""month"": 9}","INT","2026-01-15 11:48:20.332673+01"
"Internationaler Podcast-Tag","International Podcast Day – Ein Aktionstag zur Feier der digitalen Audiokultur und der Vielfalt des Podcasting.","true","{""day"": 30, ""month"": 9}","INT","2026-01-15 11:48:20.332673+01"
"Tag der Unabhängigkeit (Botswana)","Nationalfeiertag zur Erinnerung an die Erlangung der Unabhängigkeit vom Vereinigten Königreich im Jahr 1966.","true","{""day"": 30, ""month"": 9}","BW","2026-01-15 11:48:20.332673+01"
"Gedenktag des Heiligen Hieronymus","Kirchenvater und Bibelübersetzer (Vulgata); Schutzpatron der Übersetzer, Bibliothekare und Gelehrten.","true","{""day"": 30, ""month"": 9}","INT","2026-01-15 11:48:20.332673+01"
"Weltvegetariertag","Ein von der Internationalen Vegetarier-Union ausgerufener Tag zur Förderung der fleischlosen Ernährung und ihrer Vorteile für Umwelt und Gesundheit.","true","{""day"": 1, ""month"": 10}","INT","2026-01-15 13:38:20.616094+01"
"Internationaler Tag der älteren Menschen","Ein UN-Gedenktag zur Anerkennung der Leistungen Senioren und zur Sensibilisierung für die Herausforderungen des Alterns.","true","{""day"": 1, ""month"": 10}","INT","2026-01-15 13:38:20.616094+01"
"Internationaler Musiktag","Wurde von Yehudi Menuhin initiiert, um die Musik als völkerverbindende Kraft und universelle Sprache zu feiern.","true","{""day"": 1, ""month"": 10}","INT","2026-01-15 13:38:20.616094+01"
"Internationaler Kaffeetag","Ein Tag zur Feier des Kaffees und zur Unterstützung von fairem Handel für Kaffeebauern weltweit.","true","{""day"": 1, ""month"": 10}","INT","2026-01-15 13:38:20.616094+01"
"Unabhängigkeitstag (Nigeria)","Nationalfeiertag zur Erinnerung an die Erlangung der Souveränität vom Vereinigten Königreich im Jahr 1960.","true","{""day"": 1, ""month"": 10}","NG","2026-01-15 13:38:20.616094+01"
"Unabhängigkeitstag (Zypern)","Offizieller Nationalfeiertag zur Feier der staatlichen Souveränität (obwohl die Unabhängigkeit faktisch im August erfolgte).","true","{""day"": 1, ""month"": 10}","CY","2026-01-15 13:38:20.616094+01"
"Tag der Unabhängigkeit (Palau)","Gedenktag an die Erlangung der Unabhängigkeit im Jahr 1994.","true","{""day"": 1, ""month"": 10}","PW","2026-01-15 13:38:20.616094+01"
"Gedenktag der Heiligen Thérèse von Lisieux","Kirchenlehrerin und Patronin der Weltmission, bekannt als ""Die kleine Blume"".","true","{""day"": 1, ""month"": 10}","INT","2026-01-15 13:38:20.616094+01"
"Internationaler Tag der Gewaltlosigkeit","Ein von der UN ausgerufener Gedenktag am Geburtstag von Mahatma Gandhi zur Verbreitung der Botschaft der Gewaltfreiheit.","true","{""day"": 2, ""month"": 10}","INT","2026-01-15 13:38:20.616094+01"
"Gandhi Jayanti","Nationalfeiertag in Indien zu Ehren des Geburtstags von Mahatma Gandhi, dem Vater der Nation.","true","{""day"": 2, ""month"": 10}","IN","2026-01-15 13:38:20.616094+01"
"Welttag der Nutztiere","World Day for Farmed Animals – Ein Aktionstag zur Sensibilisierung für das Leid von Tieren in der industriellen Landwirtschaft.","true","{""day"": 2, ""month"": 10}","INT","2026-01-15 13:38:20.616094+01"
"Tag der Unabhängigkeit (Guinea)","Nationalfeiertag zur Erinnerung an die Unabhängigkeit von Frankreich im Jahr 1958.","true","{""day"": 2, ""month"": 10}","GN","2026-01-15 13:38:20.616094+01"
"Name-deines-Autos-Tag","Name Your Car Day – Ein humorvoller Tag, der Autobesitzer dazu einlädt, ihrem Fahrzeug einen Namen zu geben.","true","{""day"": 2, ""month"": 10}","INT","2026-01-15 13:38:20.616094+01"
"Alternativtermin für Tag des Friedhofs","Alternativtermin, der in manchen Kalendern für Tag des Friedhofs geführt wird.","true","{""day"": 2, ""month"": 10}","DE","2026-01-15 13:38:20.616094+01"
"Gedenktag der heiligen Schutzengel","Ein katholischer Gedenktag zur Verehrung der Engel, die als Begleiter und Beschützer der Menschen gelten.","true","{""day"": 2, ""month"": 10}","INT","2026-01-15 13:38:20.616094+01"
"Tag der Friedensstifter","International Day of Peacekeepers (Ersatztermin) – Zur Würdigung derer, die in Konfliktgebieten für Stabilität sorgen.","true","{""day"": 2, ""month"": 10}","INT","2026-01-15 13:38:20.616094+01"
"Tag der Deutschen Einheit","Nationalfeiertag zur Erinnerung an die Wiedervereinigung Deutschlands im Jahr 1990.","true","{""day"": 3, ""month"": 10}","DE","2026-01-15 13:38:20.616094+01"
"Tag der offenen Moschee","Seit 1997 laden Moscheen bundesweit zum Dialog ein; das Datum am Nationalfeiertag wurde bewusst als Zeichen der Verbundenheit gewählt.","true","{""day"": 3, ""month"": 10}","DE","2026-01-15 13:38:20.616094+01"
"Welttag der Architektur","Aktionstag der UIA zur Bedeutung von Architektur für lebenswerte und widerstandsfähige Lebensräume.","false","{""month"": 10, ""occurrence"": 1, ""day_of_week"": ""Monday""}","INT","2026-01-15 13:38:20.616094+01"
"Welthabitattag","World Habitat Day – Ein UN-Tag, um über den Zustand unserer Städte und das Recht auf angemessene Unterkunft zu reflektieren.","false","{""month"": 10, ""occurrence"": 1, ""day_of_week"": ""Monday""}","INT","2026-01-15 13:38:20.616094+01"
"Tag der Unabhängigkeit (Irak)","Nationalfeiertag zur Erinnerung an die Erlangung der Souveränität vom britischen Mandat im Jahr 1932.","true","{""day"": 3, ""month"": 10}","IQ","2026-01-15 13:38:20.616094+01"
"Gaecheonjeol (Tag der Staatsgründung)","Nationalfeiertag in Südkorea zur Feier der Gründung des ersten koreanischen Staates Go-Joseon 2333 v. Chr.","true","{""day"": 3, ""month"": 10}","KR","2026-01-15 13:38:20.616094+01"
"Tag des Smoothie","National Smoothie Day – Ein kulinarischer Gedenktag zu Ehren der fruchtigen Mixgetränke.","true","{""day"": 3, ""month"": 10}","INT","2026-01-15 13:38:20.616094+01"
"Welttierschutztag","Ein internationaler Aktionstag zur Stärkung der Tierschutzrechte, der am Gedenktag des Franz von Assisi begangen wird.","true","{""day"": 4, ""month"": 10}","INT","2026-01-15 13:38:20.616094+01"
"Gedenktag des Heiligen Franz von Assisi","Ehrt den Begründer des Franziskanerordens und Patron der Tiere sowie des Umweltschutzes.","true","{""day"": 4, ""month"": 10}","INT","2026-01-15 13:38:20.616094+01"
"Beginn der Weltraumwoche (World Space Week)","Ein von der UN ausgerufener Zeitraum (4.-10.10.) zur Feier der Beiträge von Raumfahrt und Technologie.","true","{""day"": 4, ""month"": 10}","INT","2026-01-15 13:38:20.616094+01"
"Kanelbullens dag (Tag der Zimtschnecke)","Ein in Schweden und Finnland tief verwurzelter kulinarischer Feiertag zu Ehren des berühmten Gebäcks.","true","{""day"": 4, ""month"": 10}","SE/FI","2026-01-15 13:38:20.616094+01"
"Tag der Unabhängigkeit (Lesotho)","Nationalfeiertag zur Erinnerung an die Erlangung der Souveränität vom Vereinigten Königreich im Jahr 1966.","true","{""day"": 4, ""month"": 10}","LS","2026-01-15 13:38:20.616094+01"
"Tag des Wodkas","National Vodka Day – Ein kulinarischer Gedenktag, der die Geschichte und Vielfalt der Spirituose feiert.","true","{""day"": 4, ""month"": 10}","INT","2026-01-15 13:38:20.616094+01"
"Tag des Taco (US-Termin)","National Taco Day – Ein Genusstag für die mexikanische Spezialität, der in den USA besonders zelebriert wird.","true","{""day"": 4, ""month"": 10}","US","2026-01-15 13:38:20.616094+01"
"Weltlehrertag","Ein von der UNESCO ausgerufener Tag, um die wichtige Rolle von Lehrkräften für eine qualitativ hochwertige Bildung zu würdigen.","true","{""day"": 5, ""month"": 10}","INT","2026-01-15 13:38:20.616094+01"
"Erntedankfest","Traditionelles Fest nach der Ernte; in Deutschland meist am ersten Sonntag im Oktober gefeiert.","false","{""month"": 10, ""occurrence"": 1, ""day_of_week"": ""Sunday""}","DE/AT/CH","2026-01-15 13:38:20.616094+01"
"Tag der Republik (Portugal)","Implantação da República – Nationalfeiertag zur Erinnerung an den Sturz der Monarchie und die Ausrufung der Republik im Jahr 1910.","true","{""day"": 5, ""month"": 10}","PT","2026-01-15 13:38:20.616094+01"
"Tag der Seifenblase","National Do Something Nice Day / Bubble Day – Ein verspielter Tag, der dazu einlädt, Freude durch kleine Gesten zu verbreiten.","true","{""day"": 5, ""month"": 10}","INT","2026-01-15 13:38:20.616094+01"
"Alternativtermin für Welttag der Lehrer","Alternativtermin, der in manchen Kalendern für Welttag der Lehrer geführt wird.","true","{""day"": 5, ""month"": 10}","INT","2026-01-15 13:38:20.616094+01"
"Tag der Apple-Mitarbeiter (Steve Jobs Gedenktag)","Todestag des Apple-Gründers (2011); wird von Fans oft als Tag der Innovation begangen.","true","{""day"": 5, ""month"": 10}","INT","2026-01-15 13:38:20.616094+01"
"Gedenktag der Heiligen Maria Faustyna Kowalska","Bekannt als Apostelin der Barmherzigkeit; eine bedeutende polnische Ordensfrau und Mystikerin.","true","{""day"": 5, ""month"": 10}","INT","2026-01-15 13:38:20.616094+01"
"German-American Day","Ein US-Gedenktag zur Erinnerung an die Gründung von Germantown 1683 und das deutsche Erbe in den Vereinigten Staaten.","true","{""day"": 6, ""month"": 10}","US","2026-01-15 13:38:20.616094+01"
"Welttag des Lächelns","World Smile Day – Ein Tag, der dazu aufruft, durch ein Lächeln und eine freundliche Tat die Welt ein Stück besser zu machen.","false","{""month"": 10, ""occurrence"": 1, ""day_of_week"": ""Friday""}","INT","2026-01-15 13:38:20.616094+01"
"Welttag der Zerebralparese","World Cerebral Palsy Day – Ein Aktionstag zur Unterstützung von Menschen mit Zerebralparese und deren Familien.","true","{""day"": 6, ""month"": 10}","INT","2026-01-15 13:38:20.616094+01"
"Tag des Verrückten Hutmachers","Mad Hatter Day – Ein humorvoller Tag, der zu Albernheit und Kreativität einlädt; das Datum bezieht sich auf das Preisschild am Hut (10/6).","true","{""day"": 6, ""month"": 10}","INT","2026-01-15 13:38:20.616094+01"
"Tag der Nudelsuppe","National Noodle Day – Ein kulinarischer Gedenktag zu Ehren der Nudel in all ihren Variationen.","true","{""day"": 6, ""month"": 10}","US","2026-01-15 13:38:20.616094+01"
"Gedenktag des Heiligen Bruno von Köln","Begründer des Kartäuserordens; ein bedeutender Gelehrter und Einsiedler des 11. Jahrhunderts.","true","{""day"": 6, ""month"": 10}","INT","2026-01-15 13:38:20.616094+01"
"Tag der Unabhängigkeit (Ägypten)","Tag der Streitkräfte – Gedenktag zum Beginn des Jom-Kippur-Krieges 1973; einer der wichtigsten Nationalfeiertage.","true","{""day"": 6, ""month"": 10}","EG","2026-01-15 13:38:20.616094+01"
"Welttag für menschenwürdige Arbeit","World Day for Decent Work – Ein globaler Aktionstag der Gewerkschaften für bessere Arbeitsbedingungen und soziale Gerechtigkeit.","true","{""day"": 7, ""month"": 10}","INT","2026-01-15 13:38:20.616094+01"
"Welttag der Architektur","Aktionstag der UIA zur Bedeutung von Architektur für lebenswerte und widerstandsfähige Lebensräume.","false","{""month"": 10, ""occurrence"": 1, ""day_of_week"": ""Monday""}","INT","2026-01-15 13:38:20.616094+01"
"Rosenkranzfest","Ein katholischer Gedenktag zur Verehrung des Rosenkranzgebetes, historisch verbunden mit dem Sieg in der Seeschlacht von Lepanto 1571.","true","{""day"": 7, ""month"": 10}","INT","2026-01-15 13:38:20.616094+01"
"Tag der Baumwolle","World Cotton Day – Ein von der WTO ausgerufener Tag zur Hervorhebung der Bedeutung der Baumwolle für die globale Wirtschaft und Entwicklung.","true","{""day"": 7, ""month"": 10}","INT","2026-01-15 13:38:20.616094+01"
"Tag der Frappé-Liebhaber","National Frappé Day – Ein kulinarischer Gedenktag zu Ehren des schaumig geschlagenen Kaltgetränks.","true","{""day"": 7, ""month"": 10}","US","2026-01-15 13:38:20.616094+01"
"Alternativtermin für Tag der Verfassung","Alternativtermin, der in manchen Kalendern für Tag der Verfassung geführt wird.","true","{""day"": 7, ""month"": 10}","INT","2026-01-15 13:38:20.616094+01"
"Gedenktag der Heiligen Justina von Padua","Frühchristliche Märtyrerin und eine der Schutzpatroninnen der Stadt Padua.","true","{""day"": 7, ""month"": 10}","IT","2026-01-15 13:38:20.616094+01"
"Welttag der Oktopusse","World Octopus Day – Ein Aktionstag zur Feier dieser hochintelligenten Kopffüßer und ihrer Bedeutung für die Omeane.","true","{""day"": 8, ""month"": 10}","INT","2026-01-15 13:38:20.616094+01"
"Tag der Unabhängigkeit (Kroatien)","Dan neovisnosti – Gedenktag an die endgültige Trennung Kroatiens von Jugoslawien im Jahr 1991.","true","{""day"": 8, ""month"": 10}","HR","2026-01-15 13:38:20.616094+01"
"Tag der Fluffernutter","National Fluffernutter Day – Ein kulinarischer Gedenktag zu Ehren des Sandwiches aus Erdnussbutter und Marshmallow-Creme.","true","{""day"": 8, ""month"": 10}","US","2026-01-15 13:38:20.616094+01"
"Gedenktag an den Großen Brand von Chicago","Erinnert an den verheerenden Stadtbrand von 1871, der den Anstoß für moderne Brandschutzverordnungen gab.","true","{""day"": 8, ""month"": 10}","US","2026-01-15 13:38:20.616094+01"
"Alternativtermin für Tag der Sehkraft","Alternativtermin, der in manchen Kalendern für Tag der Sehkraft geführt wird.","false","{""month"": 10, ""occurrence"": 2, ""day_of_week"": ""Thursday""}","INT","2026-01-15 13:38:20.616094+01"
"Tag der Pierogi","National Pierogi Day – Ein kulinarischer Gedenktag zu Ehren der gefüllten Teigtaschen.","true","{""day"": 8, ""month"": 10}","INT","2026-01-15 13:38:20.616094+01"
"Gedenktag der Heiligen Pelagia","Eine christliche Heilige des 5. Jahrhunderts, die als Büßerin in Jerusalem lebte.","true","{""day"": 8, ""month"": 10}","INT","2026-01-15 13:38:20.616094+01"
"Weltposttag","World Post Day – Erinnert an die Gründung des Weltpostvereins 1874 und die Bedeutung des Postwesens für die globale Kommunikation.","true","{""day"": 9, ""month"": 10}","INT","2026-01-15 13:38:20.616094+01"
"Tag der Friedlichen Revolution","Gedenktag an die entscheidende Montagsdemonstration 1989 in Leipzig, die als Durchbruch für den Mauerfall gilt.","true","{""day"": 9, ""month"": 10}","DE","2026-01-15 13:38:20.616094+01"
"Tag der Autonomen Region Valencia","Día de la Comunidad Valenciana – Erinnert an den Einzug von König Jaume I. in Valencia im Jahr 1238.","true","{""day"": 9, ""month"": 10}","ES-VC","2026-01-15 13:38:20.616094+01"
"Tag der Unabhängigkeit (Uganda)","Nationalfeiertag zur Erinnerung an die Erlangung der Souveränität vom Vereinigten Königreich im Jahr 1962.","true","{""day"": 9, ""month"": 10}","UG","2026-01-15 13:38:20.616094+01"
"Tag des Schimmelkäses","National Moldy Cheese Day – Ein kulinarischer Gedenktag zu Ehren von Gorgonzola, Roquefort und Co.","true","{""day"": 9, ""month"": 10}","US","2026-01-15 13:38:20.616094+01"
"Tag der Draconiden (Meteorstrom)","Höhepunkt des Sternschnuppenschwarms der Draconiden, die aus dem Sternbild Drache zu kommen scheinen.","true","{""day"": 9, ""month"": 10}","INT","2026-01-15 13:38:20.616094+01"
"Gedenktag des Heiligen Dionysius von Paris","Märtyrer und erster Bischof von Paris; einer der Vierzehn Nothelfer und Patron der Stadt Paris.","true","{""day"": 9, ""month"": 10}","FR/INT","2026-01-15 13:38:20.616094+01"
"Welttag der seelischen Gesundheit","World Mental Health Day – Ein von der WHO unterstützter Tag zur Aufklärung über psychische Erkrankungen und zur Stärkung der seelischen Resilienz.","true","{""day"": 10, ""month"": 10}","INT","2026-01-15 13:38:20.616094+01"
"Welttag gegen die Todesstrafe","Ein globaler Aktionstag, der von der Weltkoalition gegen die Todesstrafe koordiniert wird, um die universelle Abschaffung dieser Strafe zu fordern.","true","{""day"": 10, ""month"": 10}","INT","2026-01-15 13:38:20.616094+01"
"Alternativtermin für Welthundetag","Alternativtermin, der in manchen Kalendern für Welthundetag geführt wird.","true","{""day"": 10, ""month"": 10}","INT","2026-01-15 13:38:20.616094+01"
"Nationalfeiertag Fidschi","Fiji Day – Erinnert an die Erlangung der Unabhängigkeit vom Vereinigten Königreich im Jahr 1970.","true","{""day"": 10, ""month"": 10}","FJ","2026-01-15 13:38:20.616094+01"
"Tag des Handtaschen-Organisators","National Clutch Bag Day / Handbag Day – Ein kurioser Gedenktag zur Feier der Handtasche als wichtiges Accessoire im Alltag.","true","{""day"": 10, ""month"": 10}","INT","2026-01-15 13:38:20.616094+01"
"Tag der Unabhängigkeit (Kuba)","Gedenktag an den Beginn des Zehnjährigen Krieges (1868) zur Befreiung von der spanischen Kolonialherrschaft.","true","{""day"": 10, ""month"": 10}","CU","2026-01-15 13:38:20.616094+01"
"Tag der Verfassung (Nordkorea)","Tag der Parteigründung – Einer der wichtigsten staatlichen Feiertage zur Feier der Gründung der Partei der Arbeit Koreas im Jahr 1945.","true","{""day"": 10, ""month"": 10}","KP","2026-01-15 13:38:20.616094+01"
"Weltmädchentag","Internationaler Mädchentag der UN, um auf die Benachteiligung von Mädchen weltweit aufmerksam zu machen und deren Rechte zu stärken.","true","{""day"": 11, ""month"": 10}","INT","2026-01-15 13:38:20.616094+01"
"Coming Out Day","Ein internationaler Aktionstag, der dazu ermutigt, offen zu der eigenen sexuellen Orientierung oder geschlechtlichen Identität zu stehen.","true","{""day"": 11, ""month"": 10}","INT","2026-01-15 13:38:20.616094+01"
"Gedenktag an das Attentat auf Wolfgang Schäuble","Erinnert an das Attentat im Jahr 1990, das den Politiker schwer verletzte; oft als Tag für Demokratie und gegen Gewalt thematisiert.","true","{""day"": 11, ""month"": 10}","DE","2026-01-15 13:38:20.616094+01"
"General Pulaski Memorial Day","Gedenktag an den polnischen Helden des US-Unabhängigkeitskrieges Casimir Pulaski.","true","{""day"": 11, ""month"": 10}","US","2026-01-15 13:38:20.616094+01"
"Alternativtermin für Tag der Wurst","Alternativtermin, der in manchen Kalendern für Tag der Wurst geführt wird.","true","{""day"": 11, ""month"": 10}","US","2026-01-15 13:38:20.616094+01"
"Gedenktag des Heiligen Papstes Johannes XXIII.","Erinnert an die Eröffnung des Zweiten Vatikanischen Konzils 1962 durch den ""Guten Papst"".","true","{""day"": 11, ""month"": 10}","INT","2026-01-15 13:38:20.616094+01"
"Tag des ""Dich-selbst-Feierns""","It’s My Party Day – Ein humorvoller Tag, der dazu einlädt, sich selbst eine Freude zu bereiten oder einfach gute Laune zu verbreiten.","true","{""day"": 11, ""month"": 10}","INT","2026-01-15 13:38:20.616094+01"
"Nationalfeiertag Spanien (Fiesta Nacional de España)","Erinnert an die Entdeckung Amerikas durch Kolumbus 1492 und feiert die Verbundenheit der hispanischen Welt.","true","{""day"": 12, ""month"": 10}","ES","2026-01-15 13:38:20.616094+01"
"Día de la Raza","Gedenktag in vielen lateinamerikanischen Ländern zur Würdigung der kulturellen Vielfalt und der indigenen sowie europäischen Wurzeln.","true","{""day"": 12, ""month"": 10}","INT-LATAM","2026-01-15 13:38:20.616094+01"
"Welttag der Sehkraft","Internationaler Aktionstag für Augengesundheit und zur Prävention vermeidbarer Sehbehinderungen.","false","{""month"": 10, ""occurrence"": 2, ""day_of_week"": ""Thursday""}","INT","2026-01-15 13:38:20.616094+01"
"Weltrheumatag","World Arthritis Day – Ein Aktionstag zur Aufklärung über rheumatische und muskuloskelettale Erkrankungen.","true","{""day"": 12, ""month"": 10}","INT","2026-01-15 13:38:20.616094+01"
"Nationalfeiertag Äquatorialguinea","Gedenktag an die Erlangung der Unabhängigkeit von Spanien im Jahr 1968.","true","{""day"": 12, ""month"": 10}","GQ","2026-01-15 13:38:20.616094+01"
"Tag der Freidenker","Freethought Day – Erinnert an das Ende der Hexenprozesse von Salem und feiert Vernunft und kritisches Denken.","true","{""day"": 12, ""month"": 10}","INT","2026-01-15 13:38:20.616094+01"
"Tag des Gumbo","National Gumbo Day – Ein kulinarischer Gedenktag zu Ehren des würzigen Eintopfgerichts aus Louisiana.","true","{""day"": 12, ""month"": 10}","US","2026-01-15 13:38:20.616094+01"
"Internationaler Tag der Katastrophenvorbeugung","Ein von der UN ausgerufener Tag zur Förderung einer globalen Kultur der Katastrophenvorsorge und Risikominderung.","true","{""day"": 13, ""month"": 10}","INT","2026-01-15 13:38:20.616094+01"
"Welttag des Eies","World Egg Day – Ein Aktionstag zur Feier der Bedeutung von Eiern für die weltweite Ernährung.","false","{""month"": 10, ""occurrence"": 2, ""day_of_week"": ""Friday""}","INT","2026-01-15 13:38:20.616094+01"
"Tag des Ohne-Büstenhalter-Tragens","No Bra Day – Ein Aktionstag zur Sensibilisierung für Brustkrebs und zur Unterstützung der Forschung während des Brustkrebs-Monats.","true","{""day"": 13, ""month"": 10}","INT","2026-01-15 13:38:20.616094+01"
"Tag des Skeptikers","National Skeptics Day – Ein Tag, der dazu ermutigt, Informationen kritisch zu hinterfragen und nicht alles sofort als wahr zu akzeptieren.","true","{""day"": 13, ""month"": 10}","INT","2026-01-15 13:38:20.616094+01"
"Tag der US-Marine","US Navy Birthday – Gedenktag zur Gründung der United States Navy durch den Kontinentalkongress im Jahr 1775.","true","{""day"": 13, ""month"": 10}","US","2026-01-15 13:38:20.616094+01"
"Tag der M&M-Süßigkeiten","National M&M’s Day – Ein kulinarischer Gedenktag zu Ehren der bunten, mit Schokolade gefüllten Knallerbsen.","true","{""day"": 13, ""month"": 10}","US","2026-01-15 13:38:20.616094+01"
"Gedenktag des Heiligen Koloman","Irischer Pilger und Märtyrer, der im 11. Jahrhundert in Österreich starb; Patron der Stadt Melk.","true","{""day"": 13, ""month"": 10}","AT","2026-01-15 13:38:20.616094+01"
"Welttag der Normung","World Standards Day – Würdigt die Bemühungen von Experten weltweit, die freiwillige technische Vereinbarungen als Normen entwickeln.","true","{""day"": 14, ""month"": 10}","INT","2026-01-15 13:38:20.616094+01"
"Tag des Nachtischs","National Dessert Day – Ein kulinarischer Gedenktag, der dazu einlädt, sich eine süße Nachspeise zu gönnen.","true","{""day"": 14, ""month"": 10}","INT","2026-01-15 13:38:20.616094+01"
"Tag der Befreiung (Jemen)","Nationalfeiertag zur Erinnerung an den Beginn der Revolution gegen die britische Herrschaft im Jahr 1963.","true","{""day"": 14, ""month"": 10}","YE","2026-01-15 13:38:20.616094+01"
"Gedenktag an die Schlacht bei Hastings","Erinnert an die entscheidende Schlacht im Jahr 1066, die den Beginn der normannischen Eroberung Englands markierte.","true","{""day"": 14, ""month"": 10}","UK","2026-01-15 13:38:20.616094+01"
"Be-Bald-and-Be-Free-Day","Ein humorvoller Tag, der dazu ermutigt, zu seiner Glatze zu stehen und sich von Schönheitsidealen frei zu machen.","true","{""day"": 14, ""month"": 10}","INT","2026-01-15 13:38:20.616094+01"
"Alternativtermin für Tag der Bildung","Alternativtermin, der in manchen Kalendern für Tag der Bildung geführt wird.","true","{""day"": 14, ""month"": 10}","INT","2026-01-15 13:38:20.616094+01"
"Gedenktag des Heiligen Kallistus I.","Papst und Märtyrer des 3. Jahrhunderts; Patron der Friedhofsarbeiter.","true","{""day"": 14, ""month"": 10}","INT","2026-01-15 13:38:20.616094+01"
"Internationaler Tag der Landfrauen","Ein von der UN ausgerufener Tag zur Anerkennung der entscheidenden Rolle von Frauen in der Landwirtschaft und ländlichen Entwicklung.","true","{""day"": 15, ""month"": 10}","INT","2026-01-15 13:38:20.616094+01"
"Welthändewaschtag","Global Handwashing Day – Ein Aktionstag zur Förderung des Bewusstseins für Hygiene als wirksames Mittel zur Krankheitsprävention.","true","{""day"": 15, ""month"": 10}","INT","2026-01-15 13:38:20.616094+01"
"Tag des weißen Stocks","Internationaler Gedenktag zur Sensibilisierung für die Situation blinder und sehbehinderter Menschen und deren Mobilität.","true","{""day"": 15, ""month"": 10}","INT","2026-01-15 13:38:20.616094+01"
"Welttag der Brustgesundheit","Breast Health Day – Eine Initiative der europäischen Brustkrebs-Koalition zur Förderung der Früherkennung und Vorsorge.","true","{""day"": 15, ""month"": 10}","INT","2026-01-15 13:38:20.616094+01"
"Alternativtermin für Tag des Käsekuchens","Alternativtermin, der in manchen Kalendern für Tag des Käsekuchens geführt wird.","true","{""day"": 15, ""month"": 10}","US","2026-01-15 13:38:20.616094+01"
"Gedenktag der Heiligen Teresa von Ávila","Bedeutende Mystikerin, Kirchenlehrerin und Reformerin des Karmelitenordens.","true","{""day"": 15, ""month"": 10}","INT","2026-01-15 13:38:20.616094+01"
"Tag des Händeschüttelns","National Grouch Day – Ein humorvoller Tag zu Ehren aller „Griesgramme“ (inspiriert durch Oscar aus der Sesamstraße).","true","{""day"": 15, ""month"": 10}","INT","2026-01-15 13:38:20.616094+01"
"Welternährungstag","World Food Day – Erinnert an die Gründung der FAO 1945; ein Tag zur Mobilisierung gegen den weltweiten Hunger.","true","{""day"": 16, ""month"": 10}","INT","2026-01-15 13:38:20.616094+01"
"Welttag des Brotes","World Bread Day – Ein Aktionstag des Weltverbands der Bäcker zur Würdigung der Bedeutung von Brot als Grundnahrungsmittel.","true","{""day"": 16, ""month"": 10}","INT","2026-01-15 13:38:20.616094+01"
"Welttag der Anästhesie","Erinnert an die erste erfolgreiche öffentliche Vorführung einer Äthernarkose durch William T.G. Morton im Jahr 1846.","true","{""day"": 16, ""month"": 10}","INT","2026-01-15 13:38:20.616094+01"
"Welttag der Wirbelsäule","World Spine Day – Ein Aktionstag zur Sensibilisierung für die Gesundheit des Rückens und zur Vorbeugung von Wirbelsäulenerkrankungen.","true","{""day"": 16, ""month"": 10}","INT","2026-01-15 13:38:20.616094+01"
"Wörterbuch-Tag","Dictionary Day – Gedenktag zum Geburtstag von Noah Webster (1758), dem Begründer des amerikanischen Wörterbuchwesens.","true","{""day"": 16, ""month"": 10}","US/INT","2026-01-15 13:38:20.616094+01"
"Tag des Liqueurs","National Liqueur Day – Ein kulinarischer Gedenktag zu Ehren der Vielfalt und Geschichte von Likören.","true","{""day"": 16, ""month"": 10}","US","2026-01-15 13:38:20.616094+01"
"Gedenktag der Heiligen Hedwig von Andechs","Patronin von Schlesien und der Stadt Görlitz; bekannt für ihre Wohltätigkeit und Fürsorge für die Armen.","true","{""day"": 16, ""month"": 10}","DE/PL","2026-01-15 13:38:20.616094+01"
"Internationaler Tag für die Beseitigung der Armut","Ein von der UN ausgerufener Gedenktag, um das Bewusstsein für die notwendige Bekämpfung von Armut und Ausgrenzung weltweit zu schärfen.","true","{""day"": 17, ""month"": 10}","INT","2026-01-15 13:38:20.616094+01"
"Welttag der Traumata","World Trauma Day – Ein Aktionstag zur Sensibilisierung für die Vermeidung von Unfällen und die Verbesserung der Notfallversorgung bei schweren Verletzungen.","true","{""day"": 17, ""month"": 10}","INT","2026-01-15 13:38:20.616094+01"
"Tag der Tabellenkalkulation","Spreadsheet Day – Erinnert an das Erscheinungsdatum von VisiCalc (1979), dem ersten Tabellenkalkulationsprogramm für PCs.","true","{""day"": 17, ""month"": 10}","INT","2026-01-15 13:38:20.616094+01"
"Tag der Helden (Jamaika)","National Heroes Day – Gedenktag zu Ehren der sieben Nationalhelden Jamaikas.","false","{""month"": 10, ""occurrence"": 3, ""day_of_week"": ""Monday""}","JM","2026-01-15 13:38:20.616094+01"
"Alternativtermin für Tag der Pasta","Alternativtermin, der in manchen Kalendern für Tag der Pasta geführt wird.","true","{""day"": 17, ""month"": 10}","INT","2026-01-15 13:38:20.616094+01"
"Gedenktag des Heiligen Ignatius von Antiochien","Frühchristlicher Bischof und Märtyrer, einer der Apostolischen Väter; Patron der Kirche im Osten.","true","{""day"": 17, ""month"": 10}","INT","2026-01-15 13:38:20.616094+01"
"Tag des Kanten-Schneidens","National Edge Day – Ein Tag der ""Straight Edge""-Subkultur, die für ein drogenfreies Leben steht.","true","{""day"": 17, ""month"": 10}","INT","2026-01-15 13:38:20.616094+01"
"Welttag der Menopause","Ein von der WHO und der International Menopause Society ausgerufener Tag zur Aufklärung über die Gesundheit von Frauen in den Wechseljahren.","true","{""day"": 18, ""month"": 10}","INT","2026-01-15 13:38:20.616094+01"
"Europäischer Tag gegen Menschenhandel","Ein Aktionstag der EU zur Sensibilisierung für die Bekämpfung von modernem Sklavenhandel und zum Schutz der Opfer.","true","{""day"": 18, ""month"": 10}","EU","2026-01-15 13:38:20.616094+01"
"Tag der Unabhängigkeit (Aserbaidschan)","Nationaler Gedenktag zur Wiederherstellung der Unabhängigkeit von der Sowjetunion im Jahr 1991.","true","{""day"": 18, ""month"": 10}","AZ","2026-01-15 13:38:20.616094+01"
"Tag des Schokoladen-Muffins","National Chocolate Cupcake Day – Ein kulinarischer Gedenktag zu Ehren des beliebten schokoladigen Kleingebäcks.","true","{""day"": 18, ""month"": 10}","US","2026-01-15 13:38:20.616094+01"
"Welt-Krawatten-Tag","World Cravat Day – Gedenktag zur Feier der Krawatte, die ursprünglich von kroatischen Söldnern im 17. Jahrhundert verbreitet wurde.","true","{""day"": 18, ""month"": 10}","INT","2026-01-15 13:38:20.616094+01"
"Gedenktag des Heiligen Lukas","Evangelist und Patron der Ärzte, Maler und Metzger; traditioneller „Lukasmarkt“-Termin in vielen Regionen.","true","{""day"": 18, ""month"": 10}","INT","2026-01-15 13:38:20.616094+01"
"Alaska-Tag","Gedenktag an die offizielle Übergabe Alaskas von Russland an die Vereinigten Staaten im Jahr 1867.","true","{""day"": 18, ""month"": 10}","US-AK","2026-01-15 13:38:20.616094+01"
"Welttag der Bioethik","World Bioethics Day – Ein Aktionstag zur Förderung der Reflexion über ethische Herausforderungen in Medizin, Biologie und Technik.","true","{""day"": 19, ""month"": 10}","INT","2026-01-15 13:38:20.616094+01"
"Tag des Friedhofs","Ein Aktionstag, der Friedhöfe als Orte der Trauer, Kultur und als ökologische Nischen würdigt.","false","{""month"": 10, ""occurrence"": 3, ""day_of_week"": ""Sunday""}","DE","2026-01-15 13:38:20.616094+01"
"Welttag der Menschen mit Brustkrebs","Teil des „Pink October“; ein spezieller Gedenktag zur Solidarität mit Betroffenen und zur Förderung der Früherkennung.","true","{""day"": 19, ""month"": 10}","INT","2026-01-15 13:38:20.616094+01"
"Tag des alkoholfreien Gin Tonic","International Gin and Tonic Day (Ersatztermin) – Ein kulinarischer Tag, der oft auch die alkoholfreien Alternativen feiert.","true","{""day"": 19, ""month"": 10}","INT","2026-01-15 13:38:20.616094+01"
"Muttertag (Argentinien)","Día de la Madre – In Argentinien wird der Muttertag traditionell am dritten Sonntag im Oktober gefeiert.","false","{""month"": 10, ""occurrence"": 3, ""day_of_week"": ""Sunday""}","AR","2026-01-15 13:38:20.616094+01"
"Tag der Verfassung (Niue)","Nationalfeiertag zur Erinnerung an die Erlangung der Selbstverwaltung in freier Assoziierung mit Neuseeland 1974.","true","{""day"": 19, ""month"": 10}","NU","2026-01-15 13:38:20.616094+01"
"Gedenktag des Heiligen Isaak Jogues und Gefährten","Gedenken an die Jesuitenmissionare und Märtyrer in Nordamerika (Nordamerikanische Märtyrer).","true","{""day"": 19, ""month"": 10}","INT","2026-01-15 13:38:20.616094+01"
"Tag der Gewürzgurke","Ein kulinarischer Ehrentag in den USA für die eingelegte Gurke.","true","{""day"": 14, ""month"": 11}","US","2026-01-15 17:07:53.269075+01"
"Welttag der Statistik","Ein Tag zur Hervorhebung der Bedeutung vertrauenswürdiger Daten für die globale Entwicklung.","true","{""day"": 20, ""month"": 10}","International","2026-01-15 16:38:10.745673+01"
"Stell-deinen-Stuhl-richtig-ein-Tag","Ein Tag zur Förderung der Ergonomie am Arbeitsplatz.","false","{""month"": 10, ""occurrence"": [3], ""day_of_week"": ""Monday""}","International","2026-01-15 16:39:07.725764+01"
"Internationaler Tag des Faultiers","Aufmerksamkeitsstag für den Schutz und die Erforschung dieser Säugetiere.","true","{""day"": 20, ""month"": 10}","International","2026-01-15 16:40:31.367342+01"
"Information Overload Day","Ein Tag, um auf die negativen Folgen der Informationsflut im modernen Arbeitsleben hinzuweisen.","true","{""day"": 20, ""month"": 10}","International","2026-01-15 16:40:31.367342+01"
"National Day on Writing","Feiert die Bedeutung des Schreibens in allen Lebensbereichen.","true","{""day"": 20, ""month"": 10}","US","2026-01-15 16:40:31.367342+01"
"Tag der Hosenträger","Ein kurioser Feiertag, der dem modischen Accessoire gewidmet ist.","true","{""day"": 20, ""month"": 10}","International","2026-01-15 16:40:31.367342+01"
"Welt-Calvados-Tag","Ein Tag zu Ehren der französischen Apfelbrand-Spezialität.","true","{""day"": 20, ""month"": 10}","International","2026-01-15 16:40:31.367342+01"
"Hähnchen-und-Waffeln-Tag","Ein kulinarischer Feiertag für diese spezielle Gerichtkombination.","true","{""day"": 20, ""month"": 10}","US","2026-01-15 16:40:31.367342+01"
"Räum-deinen-virtuellen-Desktop-auf-Tag","Ein Tag zum Sortieren und Löschen von Dateien auf dem Computer.","false","{""month"": 10, ""occurrence"": [3], ""day_of_week"": ""Monday""}","International","2026-01-15 16:40:31.367342+01"
"Tag der multikulturellen Vielfalt","Fokus auf Bewusstsein und Akzeptanz kultureller Unterschiede.","false","{""month"": 10, ""occurrence"": [3], ""day_of_week"": ""Monday""}","US","2026-01-15 16:40:31.367342+01"
"Zurück in die Zukunft-Tag","Popkultureller Ehrentag für das Datum, an dem Marty McFly im Film ""Zukunft"" erreichte.","true","{""day"": 21, ""month"": 10}","International","2026-01-15 16:40:31.367342+01"
"Tag der Kinderseiten","Aktionstag in Deutschland zur Förderung von sicheren und kindgerechten Webangeboten.","true","{""day"": 21, ""month"": 10}","DE","2026-01-15 16:40:31.367342+01"
"Internationaler Tag des Nachos","Ein kulinarischer Ehrentag für den beliebten mexikanischen Snack.","true","{""day"": 21, ""month"": 10}","International","2026-01-15 16:40:31.367342+01"
"Apfel-Tag","Ursprünglich aus Großbritannien stammend, feiert dieser Tag die Vielfalt der Äpfel und Streuobstwiesen.","true","{""day"": 21, ""month"": 10}","International","2026-01-15 16:40:50.957934+01"
"Welttag zur Jodmangel-Prävention","Ein Gesundheitstag zur Aufklärung über die Bedeutung von Jod für den Körper.","true","{""day"": 21, ""month"": 10}","International","2026-01-15 16:40:50.957934+01"
"Reptilien-Bewusstsein-Tag","Ein Tag zur Aufklärung über den Schutz und die Haltung von Reptilien.","true","{""day"": 21, ""month"": 10}","International","2026-01-15 16:40:50.957934+01"
"Tag des Gehirns","Zu Ehren von Martin Gardner gewidmeten Rätseln, Mathematik und logischem Denken.","true","{""day"": 21, ""month"": 10}","International","2026-01-15 16:40:50.957934+01"
"Haustiere für Veteranen Tag","Fokus auf die heilende Wirkung von Tieren für ehemalige Soldaten.","true","{""day"": 21, ""month"": 10}","US","2026-01-15 16:40:50.957934+01"
"Information Overload Day","Bewusstsein für die Belastung durch zu viele digitale Informationen am Arbeitsplatz.","false","{""month"": 10, ""occurrence"": [3], ""day_of_week"": ""Tuesday""}","International","2026-01-15 16:40:50.957934+01"
"Tag der Apotheken-Techniker","Wertschätzung für die Arbeit von pharmazeutisch-technischen Assistenten.","false","{""month"": 10, ""occurrence"": [3], ""day_of_week"": ""Tuesday""}","US","2026-01-15 16:40:50.957934+01"
"Welttag des Stotterns","Ein seit 1998 begangener Aktionstag, um Aufmerksamkeit für die Belange stotternder Menschen zu schaffen.","true","{""day"": 22, ""month"": 10}","International","2026-01-15 16:40:50.957934+01"
"Nationaler Tag der Nüsse","Ein kulinarischer Feiertag, der die gesunden Eigenschaften von Nüssen feiert (urspr. UK/USA).","true","{""day"": 22, ""month"": 10}","International","2026-01-15 16:40:50.957934+01"
"Tag der Farbe","Ein Tag, der dazu anregt, die Wirkung von Farben auf unsere Stimmung und Umgebung zu würdigen.","true","{""day"": 22, ""month"": 10}","US","2026-01-15 16:40:50.957934+01"
"Tag des Wombats","Ein inoffizieller Feiertag zu Ehren der australischen Beutelsäuger.","true","{""day"": 22, ""month"": 10}","International","2026-01-15 16:40:50.957934+01"
"Internationaler Tag der Feststelltaste","EIN PARODISTISCHER FEIERTAG, AN DEM MAN NUR IN GROSSBUCHSTABEN SCHREIBT.","true","{""day"": 22, ""month"": 10}","International","2026-01-15 16:40:50.957934+01"
"Tag der medizinischen Fachangestellten","Wertschätzungstag für die Arbeit von MFA und medizinischem Hilfspersonal.","false","{""month"": 10, ""occurrence"": [4], ""day_of_week"": ""Wednesday""}","International","2026-01-15 16:40:50.957934+01"
"Nationalfeiertag Ungarn","Gedenktag an den Beginn des Volksaufstands 1956 gegen die sowjetische Besatzung und die Ausrufung der Republik 1989.","true","{""day"": 23, ""month"": 10}","HU","2026-01-15 16:40:50.957934+01"
"Internationaler Schneeleopardentag","Aktionstag zum Schutz der gefährdeten Hochgebirgskatzen und ihres Lebensraums.","true","{""day"": 23, ""month"": 10}","International","2026-01-15 16:41:25.455556+01"
"Maulwurfstag (Mole Day)","Inoffizieller Feiertag unter Chemikern und Studenten zu Ehren der Avogadro-Konstante.","true","{""day"": 23, ""month"": 10}","International","2026-01-15 16:41:29.567941+01"
"Tag des iPods","Erinnerung an die Vorstellung des ersten iPods durch Steve Jobs am 23. Oktober 2001.","true","{""day"": 23, ""month"": 10}","International","2026-01-15 16:41:38.500976+01"
"Welt-Champagnertag","Ein Tag zur Wertschätzung des französischen Schaumweins.","true","{""day"": 23, ""month"": 10}","International","2026-01-15 16:41:40.835916+01"
"Tag der Tierarzthelfer","Würdigung der Arbeit von tiermedizinischen Fachangestellten.","false","{""month"": 10, ""occurrence"": [4], ""day_of_week"": ""Friday""}","International","2026-01-15 16:41:46.060132+01"
"Tag der Vereinten Nationen","Gedenktag an das Inkrafttreten der UN-Charta im Jahr 1945.","true","{""day"": 24, ""month"": 10}","International","2026-01-15 16:41:49.559294+01"
"Tag der Bibliotheken","Seit 1995 in Deutschland begangen, um die Aufmerksamkeit auf die über 9.000 Bibliotheken zu lenken.","true","{""day"": 24, ""month"": 10}","DE","2026-01-15 16:41:54.089219+01"
"Welttag der Information über Entwicklungsfragen","UN-Aktionstag, um auf globale Entwicklungsprobleme und die Notwendigkeit internationaler Zusammenarbeit hinzuweisen.","true","{""day"": 24, ""month"": 10}","International","2026-01-15 16:41:56.353169+01"
"Weltpoliotag","Aufklärungs- und Aktionstag zur Ausrottung der Kinderlähmung, zu Ehren von Jonas Salk.","true","{""day"": 24, ""month"": 10}","International","2026-01-15 16:42:00.839646+01"
"Tag des Heiligen Antonius Maria Claret","Gedenktag des spanischen Bischofs und Ordensgründers.","true","{""day"": 24, ""month"": 10}","International","2026-01-15 16:42:03.014454+01"
"Tag des Essens (Food Day)","Ein Tag zur Förderung gesunder, erschwinglicher und nachhaltig produzierter Lebensmittel.","true","{""day"": 24, ""month"": 10}","US","2026-01-15 16:42:09.192111+01"
"Weltoperntag","Internationaler Aktionstag zur Feier der Opernkultur am Geburtstag von Georges Bizet und Johann Strauss.","true","{""day"": 25, ""month"": 10}","International","2026-01-15 16:42:52.360133+01"
"Welt-Pasta-Tag","Ein 1995 ins Leben gerufener Tag zur Förderung des Konsums und der Vielfalt von Teigwaren.","true","{""day"": 25, ""month"": 10}","International","2026-01-15 16:42:52.360133+01"
"Welt-Spina-Bifida-Tag","Aktionstag zur Aufklärung über angeborene Fehlbildungen der Wirbelsäule und des Gehirns.","true","{""day"": 25, ""month"": 10}","International","2026-01-15 16:42:52.360133+01"
"Internationaler Tag des Künstlers","Ehrentag für alle bildenden Künstler, initiiert am Geburtstag von Pablo Picasso.","true","{""day"": 25, ""month"": 10}","International","2026-01-15 16:42:52.360133+01"
"Tag der Sauren Gurke (Sourest Day)","Ein kurioser Tag, der ursprünglich als Gegenstück zum ""Sweetest Day"" gedacht war.","true","{""day"": 25, ""month"": 10}","US","2026-01-15 16:42:52.360133+01"
"Tag der fettigen Speisen","Ein kulinarischer Tag für Pizza, Pommes und Co.","true","{""day"": 25, ""month"": 10}","US","2026-01-15 16:42:52.360133+01"
"Ende der Sommerzeit","Die Uhren werden um 03:00 Uhr auf 02:00 Uhr zurückgestellt (Winterzeit).","false","{""month"": 10, ""occurrence"": [-1], ""day_of_week"": ""Sunday""}","EU","2026-01-15 16:42:52.360133+01"
"Make a Difference Day","Einer der größten Tage für ehrenamtliches Engagement und Nachbarschaftshilfe in den USA.","false","{""month"": 10, ""occurrence"": [4], ""day_of_week"": ""Saturday""}","US","2026-01-15 16:42:52.360133+01"
"Nationalfeiertag Österreich","Gedenktag an die beschlossene immerwährende Neutralität Österreichs im Jahr 1955.","true","{""day"": 26, ""month"": 10}","AT","2026-01-15 16:42:52.360133+01"
"Intersex Awareness Day","Internationaler Aktionstag zur Stärkung der Menschenrechte und Sichtbarkeit intergeschlechtlicher Personen.","true","{""day"": 26, ""month"": 10}","International","2026-01-15 16:43:10.304557+01"
"Heul-den-Mond-an-Tag","Ein kurioser Feiertag aus den USA, der dazu einlädt, dem inneren Wolf freien Lauf zu lassen – oft als Vorbote für Halloween.","true","{""day"": 26, ""month"": 10}","US","2026-01-15 16:43:10.304557+01"
"Nationaler Kürbis-Tag","Ein US-amerikanischer Feiertag zur Feier des vielseitigen Herbstgemüses.","true","{""day"": 26, ""month"": 10}","US","2026-01-15 16:43:10.304557+01"
"Tag der eingesetzten Soldaten","Ehrentag für alle im Auslandseinsatz befindlichen Soldaten und deren Familien.","true","{""day"": 26, ""month"": 10}","US","2026-01-15 16:43:10.304557+01"
"National Mincemeat Day","Ein kulinarischer Gedenktag für die traditionelle Gewürzmischung aus Früchten und Fleisch.","true","{""day"": 26, ""month"": 10}","US","2026-01-15 16:43:10.304557+01"
"Nationaler Schwiegermuttertag","Ein Ehrentag für Schwiegermütter, meist am vierten Sonntag im Oktober begangen.","false","{""month"": 10, ""occurrence"": [4], ""day_of_week"": ""Sunday""}","US","2026-01-15 16:43:10.304557+01"
"Welttag des audiovisuellen Erbes","Ein von der UNESCO ausgerufener Tag, um auf die Bedeutung von Ton- und Filmaufnahmen als historisches Dokument aufmerksam zu machen.","true","{""day"": 27, ""month"": 10}","International","2026-01-15 16:43:10.304557+01"
"Weltergotherapietag","Ein Tag zur Förderung und Feier des Berufsstandes der Ergotherapeuten weltweit.","true","{""day"": 27, ""month"": 10}","International","2026-01-15 16:43:10.304557+01"
"Teddybären-Tag","Ein Tag zu Ehren des Kuscheltiers, benannt nach US-Präsident Theodore Roosevelt.","true","{""day"": 27, ""month"": 10}","International","2026-01-15 16:43:10.304557+01"
"Tag des schwarzen Hundes","Ein Aktionstag, um Vorurteile gegenüber schwarzen Hunden abzubauen und deren Vermittlung zu fördern.","true","{""day"": 27, ""month"": 10}","International","2026-01-15 16:43:10.304557+01"
"Tag des amerikanischen Bieres","Ein Feiertag zur Würdigung der US-Brautradition.","true","{""day"": 27, ""month"": 10}","US","2026-01-15 16:43:10.304557+01"
"Tag der Kartoffel","Ein schwedischer Ehrentag für die Kartoffel, initiiert vom Potatisakademien.","true","{""day"": 27, ""month"": 10}","SE","2026-01-15 16:43:10.304557+01"
"October Bank Holiday","Ein gesetzlicher Feiertag in Irland am letzten Montag im Oktober.","false","{""month"": 10, ""occurrence"": [-1], ""day_of_week"": ""Monday""}","IE","2026-01-15 16:43:10.304557+01"
"Welt-Animations-Tag","Gedenktag an die erste öffentliche Vorführung bewegter Bilder im Jahr 1892 in Paris (Théâtre Optique).","true","{""day"": 28, ""month"": 10}","International","2026-01-15 16:43:30.745376+01"
"Ochi-Tag","Gedenktag an das griechische ""Nein"" (Ochi) zum Ultimatum von Mussolini im Jahr 1940.","true","{""day"": 28, ""month"": 10}","GR","2026-01-15 16:43:30.745376+01"
"Unabhängigkeitstag (Tschechien)","Erinnerung an die Gründung der unabhängigen Tschechoslowakei im Jahr 1918.","true","{""day"": 28, ""month"": 10}","CZ","2026-01-15 16:43:30.745376+01"
"Nationaler Tag der Schokolade","Ein von der National Confectioners Association geförderter Ehrentag für Schokoladenliebhaber.","true","{""day"": 28, ""month"": 10}","US","2026-01-15 16:43:30.745376+01"
"Tag der wilden Lebensmittel","Ein Tag, der dazu einlädt, essbare Pflanzen, Beeren und Pilze aus der freien Natur zu sammeln.","true","{""day"": 28, ""month"": 10}","International","2026-01-15 16:43:30.745376+01"
"Tag der Plüschtier-Liebhaber","Ein Tag für alle, die ihre Stofftiersammlung feiern möchten.","true","{""day"": 28, ""month"": 10}","International","2026-01-15 16:43:30.745376+01"
"Tag der Ersthelfer","Würdigung der Arbeit von Sanitätern, Feuerwehrleuten und Polizisten.","false","{""month"": 10, ""occurrence"": [-1], ""day_of_week"": ""Tuesday""}","US","2026-01-15 16:43:30.745376+01"
"Welt-Schlaganfall-Tag","Ein von der World Stroke Organization (WSO) ins Leben gerufener Tag zur Aufklärung über Prävention und Symptome von Schlaganfällen.","true","{""day"": 29, ""month"": 10}","International","2026-01-15 16:43:30.745376+01"
"Welt-Psoriasis-Tag","Internationaler Aktionstag für Menschen mit Schuppenflechte und Psoriasis-Arthritis zur Verbesserung der Lebensqualität und Information.","true","{""day"": 29, ""month"": 10}","International","2026-01-15 16:43:30.745376+01"
"Tag des Internets","Gedenktag an die erste elektronische Nachricht, die 1969 zwischen zwei Computern (ARPANET) verschickt wurde.","true","{""day"": 29, ""month"": 10}","International","2026-01-15 16:43:30.745376+01"
"Nationaler Tag der Katze (USA)","Ein Tag zur Förderung von Adoptionen aus Tierheimen und zur Feier der Freundschaft zwischen Mensch und Katze.","true","{""day"": 29, ""month"": 10}","US","2026-01-15 16:43:30.745376+01"
"Nationaler Tag der Haferflocken","Ein kulinarischer Feiertag zu Ehren des gesunden Frühstücksklassikers.","true","{""day"": 29, ""month"": 10}","International","2026-01-15 16:43:30.745376+01"
"Einsiedler-Tag (Hermit Day)","Ein Tag, der dazu einlädt, sich zurückzuziehen, die Stille zu genießen und Zeit mit sich selbst zu verbringen.","true","{""day"": 29, ""month"": 10}","International","2026-01-15 16:43:30.745376+01"
"Weltspartag","Ein Tag zur Förderung des Spargedankens, traditionell am letzten Werktag im Oktober begangen.","true","{""day"": 30, ""month"": 10}","DE","2026-01-15 16:43:30.745376+01"
"Gedenktag für die Opfer politischer Gewalt","Erinnerung an die Opfer politischer Verfolgung in der ehemaligen Sowjetunion.","true","{""day"": 30, ""month"": 10}","International","2026-01-15 16:43:30.745376+01"
"Tag des Candy Corn","Ein kulinarischer Feiertag zu Ehren der dreifarbigen Maissüßigkeit, einem Klassiker der Halloween-Zeit.","true","{""day"": 30, ""month"": 10}","US","2026-01-15 16:43:49.615539+01"
"Tag der Checklisten","Würdigung eines einfachen, aber effektiven Werkzeugs zur Fehlervermeidung und Organisation.","true","{""day"": 30, ""month"": 10}","US","2026-01-15 16:43:49.615539+01"
"Tag des Kinnkraulens","Ein kurioser Aktionstag in Deutschland, der auf den Schriftsteller Dmitrij Kapitelman zurückgeht.","true","{""day"": 30, ""month"": 10}","DE","2026-01-15 16:43:49.615539+01"
"Nacht des verfluchten Kühlschranks","Ein spielerischer Vorbote von Halloween: Zeit, den Kühlschrank von ""gruseligen"" Altlasten zu befreien.","true","{""day"": 30, ""month"": 10}","US","2026-01-15 16:43:49.615539+01"
"Internationaler Carignan-Tag","Ein Tag zur Feier der gleichnamigen Rotweinsorte.","false","{""month"": 10, ""occurrence"": [-1], ""day_of_week"": ""Thursday""}","International","2026-01-15 16:43:49.615539+01"
"Reformationstag","Gedenktag der evangelischen Christen an den Thesenanschlag Martin Luthers 1517. Gesetzlicher Feiertag in vielen deutschen Bundesländern.","true","{""day"": 31, ""month"": 10}","DE","2026-01-15 16:43:49.615539+01"
"Halloween","Volksbrauch am Vorabend von Allerheiligen (All Hallows’ Eve), geprägt durch Kostüme und Umzüge.","true","{""day"": 31, ""month"": 10}","International","2026-01-15 16:43:49.615539+01"
"Welttag der Städte","Ein UN-Aktionstag zur Förderung des Interesses an globaler Urbanisierung und nachhaltiger Stadtentwicklung.","true","{""day"": 31, ""month"": 10}","International","2026-01-15 16:43:49.615539+01"
"Weltspartag","Offizieller Termin zur Förderung des Spargedankens; in Deutschland oft auf den 30.10. vorgezogen, falls der 31.10. ein Feiertag ist.","true","{""day"": 31, ""month"": 10}","International","2026-01-15 16:43:49.615539+01"
"Nationaler Tag der Einheit (Indien)","Gedenktag zu Ehren von Sardar Vallabhbhai Patel, dem ""Eisenmann von Indien"", der die Einigung des Landes vorantrieb.","true","{""day"": 31, ""month"": 10}","IN","2026-01-15 16:43:49.615539+01"
"Tag der Zauberei","Gedenktag an den Entfesselungskünstler Harry Houdini und Feiertag für Magier weltweit.","true","{""day"": 31, ""month"": 10}","International","2026-01-15 16:43:49.615539+01"
"Welt-Lemuren-Tag","Ein Aktionstag zum Schutz der bedrohten Lemurenarten auf Madagaskar.","true","{""day"": 31, ""month"": 10}","International","2026-01-15 16:43:49.615539+01"
"Welt-Champagnertag","Ein globaler Aktionstag für Liebhaber des französischen Schaumweins.","false","{""month"": 10, ""occurrence"": [4], ""day_of_week"": ""Friday""}","International","2026-01-15 16:45:00.422793+01"
"Allerheiligen","Ein christliches Hochfest, an dem aller Heiligen gedacht wird. In vielen deutschen Bundesländern sowie in Österreich und der Schweiz ein gesetzlicher Feiertag.","true","{""day"": 1, ""month"": 11}","DE, AT, CH","2026-01-15 16:58:45.19399+01"
"Welt-Vegan-Tag","Ein 1994 zum 50. Jahrestag der Vegan Society eingeführter Aktionstag zur Förderung der veganen Lebensweise.","true","{""day"": 1, ""month"": 11}","International","2026-01-15 16:58:45.19399+01"
"Welttag der Akropolis","Ein Tag zur Würdigung des kulturellen Erbes der Akropolis von Athen.","true","{""day"": 1, ""month"": 11}","International","2026-01-15 16:58:45.19399+01"
"Tag der Autoren","Ein amerikanischer Ehrentag, um Schriftsteller und ihre Beiträge zur Literatur zu feiern.","true","{""day"": 1, ""month"": 11}","US","2026-01-15 16:58:45.19399+01"
"Beginn von Movember","Startmonat der Spendenaktion, bei der Männer sich Bärte wachsen lassen, um auf die Männergesundheit aufmerksam zu machen.","true","{""day"": 1, ""month"": 11}","International","2026-01-15 16:58:45.19399+01"
"Tag des Calzone","Ein kulinarischer Ehrentag für die gefüllte Pizza-Spezialität.","true","{""day"": 1, ""month"": 11}","US","2026-01-15 16:58:45.19399+01"
"Tag der Buchliebhaber","Ein inoffizieller Feiertag für alle Leseratten und Bibliophilen.","false","{""month"": 11, ""occurrence"": [1], ""day_of_week"": ""Saturday""}","International","2026-01-15 16:58:45.19399+01"
"Allerseelen","Gedenktag der katholischen Kirche, an dem durch Gebet und Almosen der Verstorbenen gedacht wird.","true","{""day"": 2, ""month"": 11}","DE, AT, CH","2026-01-15 16:58:45.19399+01"
"Tag gegen Straflosigkeit für Verbrechen an Journalisten","Ein von den Vereinten Nationen ausgerufener Tag, um auf die mangelnde Strafverfolgung bei Gewalt gegen Reporter aufmerksam zu machen.","true","{""day"": 2, ""month"": 11}","International","2026-01-15 16:58:45.19399+01"
"Día de Muertos","Traditioneller mexikanischer Feiertag (UNESCO-Kulturerbe), an dem die Verstorbenen symbolisch aus dem Jenseits zurückkehren.","true","{""day"": 2, ""month"": 11}","MX","2026-01-15 16:58:45.19399+01"
"Halte-nach-Kreisen-Ausschau-Tag","Ein kurioser Tag, der dazu anregt, die Form des Kreises in der Architektur und Natur bewusst wahrzunehmen.","true","{""day"": 2, ""month"": 11}","International","2026-01-15 16:58:45.19399+01"
"Tag der gefüllten Eier","Ein kulinarischer Feiertag zu Ehren des klassischen Party-Snacks.","true","{""day"": 2, ""month"": 11}","US","2026-01-15 16:58:45.19399+01"
"Nationaler Tag des Bisons","Würdigung des Bisons als ökologisches und kulturelles Symbol der nordamerikanischen Geschichte.","false","{""month"": 11, ""occurrence"": [1], ""day_of_week"": ""Sunday""}","US","2026-01-15 16:58:45.19399+01"
"Hubertustag","Gedenktag des Heiligen Hubertus von Lüttich, dem Schutzpatron der Jäger. Traditionell finden Hubertusmessen und Jagden statt.","true","{""day"": 3, ""month"": 11}","DE, AT, BE","2026-01-15 16:58:45.19399+01"
"Weltmännertag","Ein Aktionstag zur Männergesundheit und Vorsorge, der 2000 in Wien ins Leben gerufen wurde.","true","{""day"": 3, ""month"": 11}","International","2026-01-15 16:58:45.19399+01"
"Tag der Kultur (Japan)","Ein gesetzlicher Feiertag in Japan zur Förderung von Kultur, Kunst und akademischen Leistungen.","true","{""day"": 3, ""month"": 11}","JP","2026-01-15 16:58:45.19399+01"
"One Health Day","Ein internationaler Kampagnentag, der die Vernetzung von Mensch, Tier und Umwelt für die globale Gesundheit betont.","true","{""day"": 3, ""month"": 11}","International","2026-01-15 16:58:45.19399+01"
"Tag des Sandwiches","Zu Ehren von John Montagu, dem 4. Earl of Sandwich, an seinem Geburtstag.","true","{""day"": 3, ""month"": 11}","US","2026-01-15 16:58:45.19399+01"
"Tag des Klischees","Ein kurioser Tag, um über typische Klischees nachzudenken oder sie humorvoll zu verwenden.","true","{""day"": 3, ""month"": 11}","International","2026-01-15 16:58:45.19399+01"
"Color the World Orange Day","Aktionstag zur Aufklärung über CRPS (Morbus Sudeck).","false","{""month"": 11, ""occurrence"": [1], ""day_of_week"": ""Monday""}","International","2026-01-15 16:58:45.19399+01"
"Tag der Einheit des Volkes","Russischer Nationalfeiertag zur Erinnerung an die Befreiung Moskaus von polnisch-litauischen Besatzungstruppen im Jahr 1612.","true","{""day"": 4, ""month"": 11}","RU","2026-01-15 16:58:45.19399+01"
"Tag der Menschenrechtskonvention","Gedenktag an die Unterzeichnung der Europäischen Menschenrechtskonvention (EMRK) in Rom am 4. November 1950.","true","{""day"": 4, ""month"": 11}","International","2026-01-15 16:58:45.19399+01"
"Nationaler Tag der Süßigkeiten","Ein US-Feiertag, der – passend kurz nach Halloween – dem Genuss von Zuckerwaren aller Art gewidmet ist.","true","{""day"": 4, ""month"": 11}","US","2026-01-15 16:58:45.19399+01"
"Skeptiker-Tag","Ein Tag, der dazu aufruft, Informationen kritisch zu hinterfragen und nicht alles sofort als gegeben hinzunehmen.","true","{""day"": 4, ""month"": 11}","US","2026-01-15 16:58:45.19399+01"
"Tutanchamun-Tag","Gedenktag an die Entdeckung des fast unversehrten Grabes von Pharao Tutanchamun durch Howard Carter im Jahr 1922.","true","{""day"": 4, ""month"": 11}","International","2026-01-15 16:58:45.19399+01"
"Gedenktag Alexanderplatz-Demo","Erinnerung an die größte Massenkundgebung der DDR-Geschichte am 4. November 1989 in Ost-Berlin.","true","{""day"": 4, ""month"": 11}","DE","2026-01-15 16:58:45.19399+01"
"Guy Fawkes Night","Gedenktag an das Scheitern des Gunpowder Plots 1605. In Großbritannien mit Feuerwerken und Lagerfeuern begangen.","true","{""day"": 5, ""month"": 11}","UK","2026-01-15 16:58:45.19399+01"
"Welttag des Tsunamibewusstseins","Ein von den Vereinten Nationen ausgerufener Tag zur Aufklärung über die Gefahren von Tsunamis und zur Verbesserung des Katastrophenschutzes.","true","{""day"": 5, ""month"": 11}","International","2026-01-15 16:58:45.19399+01"
"Welttag der Romanischen Sprache","UNESCO-Gedenktag zur Erhaltung der Sprache und Kultur der Roma.","true","{""day"": 5, ""month"": 11}","International","2026-01-15 16:58:45.19399+01"
"Nationaler Tag des Donuts","Aktionstag, der auf den von der Heilsarmee geprägten Doughnut Day zurückgeht.","true","{""day"": 5, ""month"": 11}","US","2026-01-15 16:58:45.19399+01"
"Nationaler Tag des chinesischen Essens zum Mitnehmen","Ein inoffizieller US-Feiertag zur Feier der chinesisch-amerikanischen Imbisskultur.","true","{""day"": 5, ""month"": 11}","US","2026-01-15 16:58:45.19399+01"
"Tag zur Verhütung der Ausbeutung der Umwelt in Kriegen","Ein UN-Gedenktag, der darauf aufmerksam macht, dass Umweltschäden in Konflikten die Stabilität und den Frieden langfristig gefährden.","true","{""day"": 6, ""month"": 11}","International","2026-01-15 16:58:45.19399+01"
"Tag des Notars","Würdigung der Arbeit von Notaren, erinnert an die Ernennung des ersten Notars in Amerika (1639).","true","{""day"": 7, ""month"": 11}","US","2026-01-15 17:01:03.478002+01"
"1. Advent","Erster Adventssonntag und Beginn der Adventszeit im christlichen Kirchenjahr.","false","{""month"": 11, ""occurrence"": [4, 5, -1], ""day_of_week"": ""Sunday""}","DE, AT, CH","2026-01-15 17:12:32.229334+01"
"Leonharditag","Gedenktag des Heiligen Leonhard von Limoges, Schutzpatron des Viehs. In Bayern und Österreich finden traditionelle Leonhardifahrten statt.","true","{""day"": 6, ""month"": 11}","DE, AT","2026-01-15 16:59:57.571741+01"
"Nationaler Tag der Nachos","Ein kulinarischer Ehrentag für den beliebten mexikanisch-amerikanischen Snack.","true","{""day"": 6, ""month"": 11}","US","2026-01-15 16:59:59.715953+01"
"Saxophon-Tag","Zu Ehren des Geburtstags von Adolphe Sax, dem Erfinder des Saxophons (geboren am 6. November 1814).","true","{""day"": 6, ""month"": 11}","International","2026-01-15 17:00:04.521487+01"
"Tag der schwedischen Kultur in Finnland","Ein Flaggentag in Finnland zur Feier der schwedischsprachigen Minderheit und deren Kultur.","true","{""day"": 6, ""month"": 11}","FI","2026-01-15 17:00:10.125934+01"
"Internationaler Stout-Tag","Ein Ehrentag für die dunkle Biersorte Stout.","false","{""month"": 11, ""occurrence"": [1], ""day_of_week"": ""Thursday""}","International","2026-01-15 17:00:53.294755+01"
"Marie-Curie-Tag","Gedenktag zum Geburtstag der zweifachen Nobelpreisträgerin Marie Curie (1867). Oft genutzt als Tag für Frauen in der Wissenschaft.","true","{""day"": 7, ""month"": 11}","International","2026-01-15 17:00:53.294755+01"
"Internationaler Inuit-Tag","Ein Tag zur Feier der Kultur der Inuit und zur Stärkung ihrer Rechte, ausgerufen vom Inuit Circumpolar Council.","true","{""day"": 7, ""month"": 11}","International","2026-01-15 17:00:53.294755+01"
"Tag der Oktoberrevolution","Gedenktag an die russische Revolution von 1917 (nach gregorianischem Kalender). In einigen ehemaligen Sowjetstaaten noch als Gedenktag präsent.","true","{""day"": 7, ""month"": 11}","RU, BY","2026-01-15 17:00:53.294755+01"
"Tag der Zartbitterschokolade mit Mandeln","Ein kulinarischer Feiertag zu Ehren der Kombination aus dunkler Schokolade und Mandeln.","true","{""day"": 7, ""month"": 11}","US","2026-01-15 17:00:53.294755+01"
"Teddybär-Knuddel-Tag","Ein herzlicher, kurioser Feiertag, der dazu einlädt, seinen Teddybären zu drücken.","true","{""day"": 7, ""month"": 11}","International","2026-01-15 17:01:38.643213+01"
"Tag des Füllfederhalters","Ein Aktionstag für Liebhaber von Schreibgeräten und der Handschrift.","false","{""month"": 11, ""occurrence"": [1], ""day_of_week"": ""Friday""}","International","2026-01-15 17:03:05.103712+01"
"Tag des Anwaltslobes","Ein Tag zur Wertschätzung juristischer Arbeit.","false","{""month"": 11, ""occurrence"": [1], ""day_of_week"": ""Friday""}","US","2026-01-15 17:03:50.521534+01"
"Welttag der Radiologie","Gedenktag an die Entdeckung der Röntgenstrahlen durch Wilhelm Conrad Röntgen im Jahr 1895. Er dient der Sensibilisierung für die Rolle der Bildgebung im Gesundheitswesen.","true","{""day"": 8, ""month"": 11}","International","2026-01-15 17:04:02.527116+01"
"Welttag der Stadtplanung","Ein Tag zur Förderung der Rolle der Planung bei der Schaffung lebenswerter Gemeinschaften (auch Welturbanismustag).","true","{""day"": 8, ""month"": 11}","International","2026-01-15 17:04:04.897951+01"
"Internationaler Tag der Putzfrau","Ehrentag für Reinigungskräfte, um deren harte Arbeit und gesellschaftliche Bedeutung zu würdigen.","true","{""day"": 8, ""month"": 11}","International","2026-01-15 17:04:10.122762+01"
"Gedenken an das Elser-Attentat","Erinnerung an den Bombenanschlag von Georg Elser auf Adolf Hitler im Münchener Bürgerbräukeller (1939).","true","{""day"": 8, ""month"": 11}","DE","2026-01-15 17:04:12.643109+01"
"Welttag der Pianisten","Ein Tag zur Feier der Musik und des Talents von Klavierspielern weltweit.","true","{""day"": 8, ""month"": 11}","International","2026-01-15 17:04:15.97586+01"
"Nationaler STEM-Tag","Aktionstag zur Förderung der Bildung in Mathematik, Informatik, Naturwissenschaft und Technik (MINT).","true","{""day"": 8, ""month"": 11}","US","2026-01-15 17:04:18.272924+01"
"Tag des Cappuccinos","Ein kulinarischer Ehrentag für die beliebte italienische Kaffeespezialität.","true","{""day"": 8, ""month"": 11}","US","2026-01-15 17:04:21.96527+01"
"Welttag der Benutzbarkeit","Ein Tag zur Förderung von nutzerfreundlichem Design in Technik und Alltag.","false","{""month"": 11, ""occurrence"": [2], ""day_of_week"": ""Thursday""}","International","2026-01-15 17:06:44.708582+01"
"Tag der Philanthropie","Ehrentag für wohltätige Spender und ehrenamtliches Engagement.","false","{""month"": 11, ""occurrence"": [3], ""day_of_week"": ""Saturday""}","US","2026-01-15 17:06:44.708582+01"
"Volkstrauertag","Staatlicher Gedenktag für die Opfer von Krieg und Gewaltherrschaft.","false","{""month"": 11, ""occurrence"": [3], ""day_of_week"": ""Sunday""}","DE","2026-01-15 17:06:44.708582+01"
"Weltgedenktag für die Straßenverkehrsopfer","Gedenktag für Millionen von Menschen, die im Straßenverkehr getötet oder schwer verletzt wurden.","false","{""month"": 11, ""occurrence"": [3], ""day_of_week"": ""Sunday""}","International","2026-01-15 17:06:44.708582+01"
"Thanksgiving","US-Feiertag des Dankens, traditionell im Kreis von Familie und Freunden begangen.","false","{""month"": 11, ""occurrence"": [4], ""day_of_week"": ""Thursday""}","US","2026-01-15 17:06:44.708582+01"
"Gedenktag an die Reichspogromnacht","Erinnerung an die vom NS-Regime organisierten Gewaltmaßnahmen gegen jüdische Menschen, Synagogen und Geschäfte im Jahr 1938.","true","{""day"": 9, ""month"": 11}","DE","2026-01-15 17:06:44.708582+01"
"Gedenktag Mauerfall","Erinnerung an die Öffnung der Berliner Mauer im Jahr 1989, die das Ende der DDR einleitete.","true","{""day"": 9, ""month"": 11}","DE","2026-01-15 17:06:44.708582+01"
"Ausrufung der Republik in Deutschland","Philipp Scheidemann rief am 9. November 1918 vom Reichstag die Republik aus und beendete damit die Monarchie.","true","{""day"": 9, ""month"": 11}","DE","2026-01-15 17:06:44.708582+01"
"Welttag der Erfinder","Zu Ehren der Erfinderin und Schauspielerin Hedy Lamarr an ihrem Geburtstag ins Leben gerufen.","true","{""day"": 9, ""month"": 11}","International","2026-01-15 17:06:44.708582+01"
"Tag der Freiheit (World Freedom Day)","Ein US-Gedenktag zur Erinnerung an den Fall der Berliner Mauer und den Sieg über den Kommunismus in Europa.","true","{""day"": 9, ""month"": 11}","US","2026-01-15 17:06:44.708582+01"
"Chaos-Tag","Ein humorvoller Tag zur Erkenntnis, dass das Chaos im Leben niemals ganz verschwindet.","true","{""day"": 9, ""month"": 11}","International","2026-01-15 17:06:44.708582+01"
"Welttag der Wissenschaft für Frieden und Entwicklung","Ein von der UNESCO ausgerufener Tag, um die wichtige Rolle der Wissenschaft für die Gesellschaft und die Debatte über globale Fragen hervorzuheben.","true","{""day"": 10, ""month"": 11}","International","2026-01-15 17:06:44.708582+01"
"Martin-Luther-Tag","Gedenktag an den Geburtstag des Reformators Martin Luther (1483). Traditionell wird in einigen Regionen der ""Lutherabend"" gefeiert.","true","{""day"": 10, ""month"": 11}","DE","2026-01-15 17:06:44.708582+01"
"Tag der Buchhaltung","Zu Ehren von Luca Pacioli, der 1494 die erste Abhandlung über die doppelte Buchführung veröffentlichte.","true","{""day"": 10, ""month"": 11}","International","2026-01-15 17:06:44.708582+01"
"Gründungstag des US Marine Corps","Gedenktag an die Gründung des United States Marine Corps im Jahr 1775.","true","{""day"": 10, ""month"": 11}","US","2026-01-15 17:06:44.708582+01"
"Vergissmeinnicht-Tag","Ein Tag zur Erinnerung an die Opfer von Kriegen und zur Unterstützung verletzter Veteranen.","true","{""day"": 10, ""month"": 11}","US","2026-01-15 17:06:44.708582+01"
"Tag des Vanille-Cupcakes","Ein kulinarischer Feiertag zu Ehren des süßen Gebäck-Klassikers.","true","{""day"": 10, ""month"": 11}","US","2026-01-15 17:06:44.708582+01"
"Sesamstraßen-Tag","Gedenktag an die Erstausstrahlung der Sesame Street am 10. November 1969.","true","{""day"": 10, ""month"": 11}","International","2026-01-15 17:07:22.855894+01"
"Martinstag","Gedenktag des heiligen Martin von Tours. Bekannt für Laternenumzüge (Martinsumzüge) und das traditionelle Gänseessen.","true","{""day"": 11, ""month"": 11}","DE, AT, CH","2026-01-15 17:07:22.855894+01"
"Beginn der Karnevalssession","Traditioneller Auftakt der ""fünften Jahreszeit"" am 11.11. um 11:11 Uhr.","true","{""day"": 11, ""month"": 11}","DE","2026-01-15 17:07:22.855894+01"
"Remembrance Day","Gedenktag zum Ende des Ersten Weltkriegs 1918. In vielen Commonwealth-Staaten wird um 11 Uhr Schweigeminuten gehalten.","true","{""day"": 11, ""month"": 11}","UK, CA, FR, BE","2026-01-15 17:07:22.855894+01"
"Veterans Day","Ein gesetzlicher Feiertag in den USA zu Ehren aller Militärveteranen.","true","{""day"": 11, ""month"": 11}","US","2026-01-15 17:07:22.855894+01"
"Singles’ Day","Ursprünglich ein Tag für Alleinstehende in China, heute der weltweit umsatzstärkste Online-Shopping-Tag.","true","{""day"": 11, ""month"": 11}","CN, International","2026-01-15 17:07:22.855894+01"
"Pocky-Tag","Marketing-Feiertag für die Mikado-ähnlichen Knabberstäbchen, da die Zahl 11.11. an vier Stäbchen erinnert.","true","{""day"": 11, ""month"": 11}","JP","2026-01-15 17:07:22.855894+01"
"Unabhängigkeitstag (Polen)","Nationalfeiertag zur Erinnerung an die Wiedererlangung der Unabhängigkeit Polens im Jahr 1918.","true","{""day"": 11, ""month"": 11}","PL","2026-01-15 17:07:22.855894+01"
"Welttag der Pneumonie","Ein von der WHO unterstützter globaler Aktionstag zur Aufklärung über Lungenentzündungen und deren Prävention.","true","{""day"": 12, ""month"": 11}","International","2026-01-15 17:07:22.855894+01"
"Sun Yat-sen-Tag","Gedenktag an den Gründervater der Republik China (Taiwan).","true","{""day"": 12, ""month"": 11}","TW","2026-01-15 17:07:22.855894+01"
"Tag der Hühnersuppe","Ein kulinarischer Ehrentag für das klassische Hausmittel gegen Erkältungen.","true","{""day"": 12, ""month"": 11}","US","2026-01-15 17:07:22.855894+01"
"Tag der Pizza (ohne Sardellen)","Ein sehr spezifischer kulinarischer US-Feiertag für Pizza-Liebhaber.","true","{""day"": 12, ""month"": 11}","US","2026-01-15 17:07:22.855894+01"
"Vorabend des Welttags der Güte","Einstimmung auf den Tag der Freundlichkeit und des positiven Miteinanders.","true","{""day"": 12, ""month"": 11}","International","2026-01-15 17:07:22.855894+01"
"Welttag der Güte","Ein 1998 in Tokio initiierter Tag, um Freundlichkeit und kleine gute Taten im Alltag zu fördern.","true","{""day"": 13, ""month"": 11}","International","2026-01-15 17:07:22.855894+01"
"Tag der schlechten Wortwitze","Ein inoffizieller Feiertag für alle, die flache Witze und Kalauer lieben (Puns).","true","{""day"": 13, ""month"": 11}","International","2026-01-15 17:07:22.855894+01"
"Tag des Indian Pudding","Ein kulinarischer Feiertag zu Ehren eines traditionellen US-Desserts aus Maismehl und Melasse.","true","{""day"": 13, ""month"": 11}","US","2026-01-15 17:07:22.855894+01"
"Welt-Pankreaskrebstag","Aktionstag zur Aufklärung über die Risiken und Symptome von Bauchspeicheldrüsenkrebs.","true","{""day"": 13, ""month"": 11}","International","2026-01-15 17:07:22.855894+01"
"Welttag der Benutzbarkeit","Ein Tag zur Förderung von nutzerfreundlichem Design in Technik und Alltag.","false","{""month"": 11, ""occurrence"": [2], ""day_of_week"": ""Thursday""}","International","2026-01-15 17:07:22.855894+01"
"Weltdiabetestag","Ein von der WHO und IDF ausgerufener Tag zur Aufklärung über Diabetes, begangen am Geburtstag von Sir Frederick Banting.","true","{""day"": 14, ""month"": 11}","International","2026-01-15 17:07:53.269075+01"
"Astrid-Lindgren-Tag","Gedenktag zum Geburtstag der weltberühmten schwedischen Kinderbuchautorin (1907).","true","{""day"": 14, ""month"": 11}","International","2026-01-15 17:07:53.269075+01"
"Tag der operativen Psychologie","Inoffizieller Gedenktag zur Reflexion über psychologische Einflussnahme.","true","{""day"": 14, ""month"": 11}","International","2026-01-15 17:07:53.269075+01"
"Tag der scharfen Guacamole","Ein kulinarischer Aktionstag für Fans der pikanten Avocado-Creme.","true","{""day"": 14, ""month"": 11}","US","2026-01-15 17:07:53.269075+01"
"Tag der gefangenen Autoren","Ein von PEN International organisierter Tag, um auf verfolgte, inhaftierte oder ermordete Schriftsteller aufmerksam zu machen.","true","{""day"": 15, ""month"": 11}","International","2026-01-15 17:07:53.269075+01"
"Ich-schreibe-gerne-Tag","Ein Tag zur Förderung der Schreibfreude in Schulen und Haushalten.","true","{""day"": 15, ""month"": 11}","US","2026-01-15 17:07:53.269075+01"
"Räum-deinen-Kühlschrank-auf-Tag","Vorbereitungsaktion für Thanksgiving: Den Kühlschrank für die großen Festmahlzeiten säubern.","true","{""day"": 15, ""month"": 11}","US","2026-01-15 17:07:53.269075+01"
"Bundeshuttag","Ein Tag zur Wertschätzung der Kopfbedeckung, inspiriert durch historische Schweizer Traditionen.","true","{""day"": 15, ""month"": 11}","CH","2026-01-15 17:07:53.269075+01"
"America Recycles Day","Ein nationaler Aktionstag in den USA zur Förderung von Recycling und Nachhaltigkeit.","true","{""day"": 15, ""month"": 11}","US","2026-01-15 17:07:53.269075+01"
"Internationaler Tag für Toleranz","Ein von der UNESCO ins Leben gerufener Tag zur Förderung von gegenseitigem Respekt und Anerkennung der Vielfalt.","true","{""day"": 16, ""month"": 11}","International","2026-01-15 17:08:30.558311+01"
"Welttag der Philosophie","Ein Tag zur Würdigung des kritischen Denkens und der philosophischen Reflexion über globale Probleme.","true","{""day"": 16, ""month"": 11}","International","2026-01-15 17:08:30.558311+01"
"Tag des Fast Food","Ein kulinarischer Feiertag zu Ehren der schnellen Küche, von Burgern bis Pommes.","true","{""day"": 16, ""month"": 11}","US","2026-01-15 17:08:30.558311+01"
"Tag der Knöpfe","Ein Tag für Sammler von Knöpfen und zur Wertschätzung dieses nützlichen Verschlusses.","true","{""day"": 16, ""month"": 11}","International","2026-01-15 17:08:30.558311+01"
"Tag des Islandpferdes","Ein Tag zur Feier dieser besonderen Pferderasse und ihrer Bedeutung für die isländische Kultur.","true","{""day"": 16, ""month"": 11}","International","2026-01-15 17:08:30.558311+01"
"Tag des Kampfes für Freiheit und Demokratie","Gedenktag an die studentischen Proteste gegen die NS-Besatzung (1939) und die Samtene Revolution (1989). Staatsfeiertag in Tschechien und der Slowakei.","true","{""day"": 17, ""month"": 11}","CZ, SK, International","2026-01-15 17:10:12.035325+01"
"Welt-Frühgeborenen-Tag","Aktionstag zur Sensibilisierung für die Herausforderungen von Frühgeburten und deren Familien.","true","{""day"": 17, ""month"": 11}","International","2026-01-15 17:10:12.035325+01"
"Welttag der häuslichen Pflege","Würdigung der Arbeit von Pflegekräften und pflegenden Angehörigen in der häuslichen Umgebung.","true","{""day"": 17, ""month"": 11}","International","2026-01-15 17:10:12.035325+01"
"Tag des hausgemachten Brotes","Ein kulinarischer Tag, der dazu anregt, Brot traditionell selbst zu backen.","true","{""day"": 17, ""month"": 11}","US","2026-01-15 17:10:12.035325+01"
"Tag der schwarzen Katze (Italien)","Aktionstag gegen den Aberglauben und für den Schutz schwarzer Katzen.","true","{""day"": 17, ""month"": 11}","IT","2026-01-15 17:10:12.035325+01"
"Geh-wandern-Tag","Ein Tag zur Förderung von Bewegung an der frischen Luft und zur Wertschätzung von Wanderwegen.","true","{""day"": 17, ""month"": 11}","US","2026-01-15 17:10:12.035325+01"
"Europäischer Tag zum Schutz von Kindern vor sexueller Ausbeutung","Ein vom Europa-Rat ausgerufener Tag, um das Bewusstsein für den Schutz von Kindern zu schärfen und Tabus zu brechen.","true","{""day"": 18, ""month"": 11}","EU","2026-01-15 17:10:12.035325+01"
"Welt-Pankreaskrebstag","Internationaler Aktionstag zur Aufklärung über Bauchspeicheldrüsenkrebs.","false","{""month"": 11, ""occurrence"": [3], ""day_of_week"": ""Thursday""}","International","2026-01-15 17:10:12.035325+01"
"Geburtstag von Micky Maus","Gedenktag an die Premiere von ""Steamboat Willie"" im Jahr 1928, dem ersten vertonten Zeichentrickfilm mit Micky Maus.","true","{""day"": 18, ""month"": 11}","International","2026-01-15 17:10:12.035325+01"
"Europäischer Antibiotikatag","Eine Initiative des ECDC zur Sensibilisierung für den verantwortungsbewussten Umgang mit Antibiotika gegen zunehmende Resistenzen.","true","{""day"": 18, ""month"": 11}","EU","2026-01-15 17:10:12.035325+01"
"Tag des Apple Ciders","Ein kulinarischer Ehrentag für den trüben Apfelsaft (Cider), der besonders im Herbst beliebt ist.","true","{""day"": 18, ""month"": 11}","US","2026-01-15 17:10:12.035325+01"
"Unabhängigkeitstag Marokko","Nationalfeiertag zur Erinnerung an die Rückkehr von König Mohammed V. aus dem Exil und die Unabhängigkeit von Frankreich.","true","{""day"": 18, ""month"": 11}","MA","2026-01-15 17:10:12.035325+01"
"Tag des Okkulten","Ein kurioser Tag, der dazu einlädt, sich mit dem Geheimnisvollen und Mystischen zu beschäftigen.","true","{""day"": 18, ""month"": 11}","International","2026-01-15 17:10:12.035325+01"
"Welttoilettentag","Ein offizieller UN-Gedenktag, um auf das Fehlen ausreichender sanitärer Anlagen für Milliarden Menschen aufmerksam zu machen.","true","{""day"": 19, ""month"": 11}","International","2026-01-15 17:10:12.035325+01"
"Internationaler Männertag","Ein Tag zur Förderung der Männergesundheit, Verbesserung der Geschlechterbeziehungen und Würdigung positiver männlicher Vorbilder.","true","{""day"": 19, ""month"": 11}","International","2026-01-15 17:10:12.035325+01"
"Welttag der Philosophie","Ein Tag zur Feier des kritischen Denkens und der Reflexion über die Herausforderungen der Moderne.","true","{""day"": 19, ""month"": 11}","International","2026-01-15 17:10:12.035325+01"
"Tag des Zeltlagers","Ein kurioser Tag, der dazu einlädt, die Natur beim Camping zu genießen.","true","{""day"": 19, ""month"": 11}","US","2026-01-15 17:10:12.035325+01"
"Buß- und Bettag","Ein evangelischer Feiertag der Besinnung und Neuorientierung. Gesetzlicher Feiertag in Sachsen.","false","{""month"": 11, ""occurrence"": [3], ""day_of_week"": ""Wednesday""}","DE","2026-01-15 17:14:02.621496+01"
"GIS Day","Ein internationaler Tag für Fachkräfte im Bereich Geoinformationssysteme (GIS).","false","{""month"": 11, ""occurrence"": [3], ""day_of_week"": ""Wednesday""}","International","2026-01-15 17:14:02.621496+01"
"Internationaler Tag der Kinderrechte","Gedenktag an die Verabschiedung der UN-Kinderrechtskonvention 1989. Fokus auf Schutz, Förderung und Beteiligung von Kindern weltweit.","true","{""day"": 20, ""month"": 11}","International","2026-01-15 17:14:02.621496+01"
"Transgender Day of Remembrance","Gedenktag für die Opfer von transfeindlicher Gewalt und zur Sensibilisierung für die Rechte von transgeschlechtlichen Menschen.","true","{""day"": 20, ""month"": 11}","International","2026-01-15 17:14:02.621496+01"
"Tag der Industrialisierung Afrikas","Ein UN-Aktionstag, um das Engagement der internationalen Gemeinschaft für die industrielle Entwicklung Afrikas zu stärken.","true","{""day"": 20, ""month"": 11}","International","2026-01-15 17:14:02.621496+01"
"Deutscher Lebertag","Aktionstag zur Aufklärung über Lebererkrankungen, deren Prävention und Behandlungsmöglichkeiten.","true","{""day"": 20, ""month"": 11}","DE","2026-01-15 17:14:02.621496+01"
"Tag des Erdnussbutter-Fudges","Ein kulinarischer Ehrentag für die beliebte amerikanische Konfekt-Spezialität.","true","{""day"": 20, ""month"": 11}","US","2026-01-15 17:14:02.621496+01"
"Welt-Pankreaskrebstag","Globaler Aktionstag zur Aufklärung über Bauchspeicheldrüsenkrebs.","false","{""month"": 11, ""occurrence"": [3], ""day_of_week"": ""Thursday""}","International","2026-01-15 17:14:02.621496+01"
"Great American Smokeout","Ein von der American Cancer Society initiierter Tag, der Raucher dazu ermutigt, den Tabakkonsum aufzugeben.","false","{""month"": 11, ""occurrence"": [3], ""day_of_week"": ""Thursday""}","US","2026-01-15 17:14:02.621496+01"
"Welttag des Fernsehens","Ein von der UN ausgerufener Tag, um die Rolle des Fernsehens für Information, Bildung und die globale Kommunikation zu würdigen.","true","{""day"": 21, ""month"": 11}","International","2026-01-15 17:14:02.621496+01"
"Welttag des Hallo","Ein Tag zur Förderung des Weltfriedens. Die Idee: Grüße mindestens zehn Menschen persönlich, um die Bedeutung von Kommunikation zur Konfliktlösung zu unterstreichen.","true","{""day"": 21, ""month"": 11}","International","2026-01-15 17:14:02.621496+01"
"Tag des Dayton-Abkommens","Gedenktag an den Friedensschluss von 1995, der den Bosnienkrieg beendete. In der Republika Srpska ein gesetzlicher Feiertag.","true","{""day"": 21, ""month"": 11}","BA","2026-01-15 17:14:02.621496+01"
"Tag der Truthahn-Füllung","Ein kulinarischer Vorbote von Thanksgiving, der die Vielfalt der Beilagen-Füllungen feiert.","true","{""day"": 21, ""month"": 11}","US","2026-01-15 17:14:02.621496+01"
"Tag des Lebkuchenplätzchens","Ein herbstlicher Ehrentag für das beliebte Gewürzgebäck.","true","{""day"": 21, ""month"": 11}","US","2026-01-15 17:14:02.621496+01"
"Weltgedenktag für die Straßenverkehrsopfer","Gedenktag für Millionen von Menschen, die im Straßenverkehr getötet oder schwer verletzt wurden.","false","{""month"": 11, ""occurrence"": [3], ""day_of_week"": ""Sunday""}","International","2026-01-15 17:14:02.621496+01"
"Tag der Hausmusik","Ein Gedenktag zu Ehren der heiligen Cäcilia, der Schutzpatronin der Kirchenmusik, der dazu anregt, im privaten Kreis zu musizieren.","true","{""day"": 22, ""month"": 11}","DE","2026-01-15 17:14:02.621496+01"
"Unabhängigkeitstag Libanon","Nationalfeiertag zur Erinnerung an das Ende des französischen Mandats im Jahr 1943.","true","{""day"": 22, ""month"": 11}","LB","2026-01-15 17:14:02.621496+01"
"JFK-Gedenktag","Erinnerung an das Attentat auf den US-Präsidenten John F. Kennedy in Dallas am 22. November 1963.","true","{""day"": 22, ""month"": 11}","International","2026-01-15 17:14:02.621496+01"
"Geh-auf-Spritztour-Tag","Ein kurioser Feiertag, der dazu einlädt, einfach ziellos mit dem Auto, Fahrrad oder einem anderen Verkehrsmittel herumzufahren.","true","{""day"": 22, ""month"": 11}","International","2026-01-15 17:14:02.621496+01"
"Tag der Cashewnuss","Ein kulinarischer Ehrentag für die beliebte Nussfrucht.","true","{""day"": 22, ""month"": 11}","US","2026-01-15 17:14:02.621496+01"
"Totensonntag","Ein ""stiller Tag"" in Deutschland zum Gedenken an die Verstorbenen, begangen am letzten Sonntag des Kirchenjahres.","false","{""month"": 11, ""occurrence"": [-1], ""day_of_week"": ""Sunday""}","DE","2026-01-15 17:14:02.621496+01"
"Fibonacci-Tag","Ehrentag der berühmten Zahlenfolge (1, 1, 2, 3...). Das Datum 11/23 entspricht den ersten vier Zahlen der Folge.","true","{""day"": 23, ""month"": 11}","International","2026-01-15 17:14:02.621496+01"
"Tag der Espresso-Maschine","Gedenktag an die Patentierung der ersten Espresso-Maschine durch Angelo Moriondo im Jahr 1884.","true","{""day"": 23, ""month"": 11}","International","2026-01-15 17:14:02.621496+01"
"Tag der Cashewnuss","Kulinarischer Ehrentag für die Cashewnuss.","true","{""day"": 23, ""month"": 11}","US","2026-01-15 17:14:02.621496+01"
"Tag des Widerstands der Krimtataren","Gedenken an den Beginn des Widerstands gegen die Unterdrückung der krimtatarischen Kultur.","true","{""day"": 23, ""month"": 11}","UA","2026-01-15 17:14:02.621496+01"
"Iss-eine-Cranberry-Tag","Ein herbstlicher Aktionstag zur Würdigung der gesundheitsfördernden Beere, oft als Vorbote für Thanksgiving.","true","{""day"": 23, ""month"": 11}","US","2026-01-15 17:14:02.621496+01"
"Totensonntag","In Deutschland ein stiller Feiertag zum Gedenken an die Verstorbenen.","false","{""month"": 11, ""occurrence"": [4, -1], ""day_of_week"": ""Sunday""}","DE","2026-01-15 17:14:02.621496+01"
"Tag der Evolution","Gedenktag an die Veröffentlichung von Charles Darwins ""Über die Entstehung der Arten"" am 24. November 1859.","true","{""day"": 24, ""month"": 11}","International","2026-01-15 17:14:02.621496+01"
"Spinoza-Gedenktag","Geburtstag des bedeutenden niederländischen Philosophen Baruch de Spinoza (1632).","true","{""day"": 24, ""month"": 11}","International","2026-01-15 17:14:02.621496+01"
"Feiere-dein-besonderes-Talent-Tag","Ein Tag, um auch die skurrilsten oder kleinsten persönlichen Talente zu würdigen.","true","{""day"": 24, ""month"": 11}","International","2026-01-15 17:14:02.621496+01"
"Tag der Sardine","Ein kulinarischer Ehrentag für die kleine, gesunde Meeresfisch-Art.","true","{""day"": 24, ""month"": 11}","US","2026-01-15 17:14:02.621496+01"
"Künstlersonntag","Ein Aktionstag zur Unterstützung lokaler Künstler und Kunsthandwerker für Weihnachtsgeschenke.","false","{""month"": 11, ""occurrence"": [-1], ""day_of_week"": ""Sunday""}","US","2026-01-15 17:12:32.229334+01"
"Computer Security Day","Ein seit 1988 begangener Tag, um das Bewusstsein für Informationssicherheit und den Schutz digitaler Daten zu schärfen.","true","{""day"": 30, ""month"": 11}","International","2026-01-15 17:12:32.229334+01"
"St. Andrew’s Day","Gedenktag des Apostels Andreas, dem Schutzpatron Schottlands. Offizieller Bank Holiday in Schottland.","true","{""day"": 30, ""month"": 11}","UK","2026-01-15 17:12:32.229334+01"
"Gedenktag für Opfer chemischer Waffen","Ein von der UN offiziell anerkannter Tag zur Ehrung der Opfer und zur Bekräftigung des Verbots chemischer Waffen.","true","{""day"": 30, ""month"": 11}","International","2026-01-15 17:12:32.229334+01"
"Unabhängigkeitstag Barbados","Nationalfeiertag zur Erinnerung an die Unabhängigkeit von Großbritannien im Jahr 1966.","true","{""day"": 30, ""month"": 11}","BB","2026-01-15 17:12:32.229334+01"
"Tag des Einmachglases","Ein kurioser US-Feiertag zu Ehren des 1858 patentierten Einmachglases von John Landis Mason.","true","{""day"": 30, ""month"": 11}","US","2026-01-15 17:12:32.229334+01"
"Cyber Monday","Aktionstag des Online-Handels im Anschluss an das Thanksgiving-Wochenende.","false","{""month"": 11, ""occurrence"": [-1], ""day_of_week"": ""Monday""}","International","2026-01-15 17:12:32.229334+01"
"Tag der Jukebox","Ein Tag zur Feier der Musikbox-Kultur, traditionell am Vorabend von Thanksgiving.","false","{""month"": 11, ""occurrence"": [4], ""day_of_week"": ""Wednesday""}","US","2026-01-15 17:14:02.621496+01"
"Internationaler Tag gegen Gewalt an Frauen","Ein von der UN ausgerufener Gedenktag (Orange Day), der an die Ermordung der Schwestern Mirabal erinnert und weltweit zur Beendigung von Gewalt gegen Frauen aufruft.","true","{""day"": 25, ""month"": 11}","International","2026-01-15 17:14:02.621496+01"
"Karl-Benz-Gedenktag","Geburtstag des deutschen Automobilpioniers (1844). Ein wichtiger Tag für die Technikgeschichte.","true","{""day"": 25, ""month"": 11}","DE","2026-01-15 17:14:02.621496+01"
"Nationaler Parfait-Tag","Ein kulinarischer Ehrentag in den USA für das geschichtete Dessert.","true","{""day"": 25, ""month"": 11}","US","2026-01-15 17:14:02.621496+01"
"Internationaler Tag des Hutes","Ein Tag zur Wertschätzung der Kopfbedeckung in all ihren Formen.","true","{""day"": 25, ""month"": 11}","International","2026-01-15 17:14:02.621496+01"
"Thanksgiving","US-Feiertag des Dankens, traditionell im Kreis von Familie und Freunden begangen.","false","{""month"": 11, ""occurrence"": [4], ""day_of_week"": ""Thursday""}","US","2026-01-15 17:14:02.621496+01"
"Welttag des Olivenbaums","Ein von der UNESCO proklamierter Tag zur Bewahrung des Olivenbaums als Symbol für Frieden und Nachhaltigkeit.","true","{""day"": 26, ""month"": 11}","International","2026-01-15 17:14:02.621496+01"
"Welttag des nachhaltigen Verkehrswesens","Ein offizieller UN-Aktionstag zur Förderung umweltfreundlicher Mobilität.","true","{""day"": 26, ""month"": 11}","International","2026-01-15 17:14:02.621496+01"
"Verfassungstag (Indien)","Gedenktag an die Verabschiedung der indischen Verfassung im Jahr 1949.","true","{""day"": 26, ""month"": 11}","IN","2026-01-15 17:14:02.621496+01"
"Welttag der Zeitschriften","Ein internationaler Aktionstag zur Würdigung der Bedeutung von Magazinen und Printmedien.","true","{""day"": 26, ""month"": 11}","International","2026-01-15 17:14:02.621496+01"
"Tag des Kuchens","Ein kulinarischer Ehrentag in den USA, der dem Backen und Genießen von Kuchen gewidmet ist.","true","{""day"": 26, ""month"": 11}","US","2026-01-15 17:14:02.621496+01"
"Thanksgiving","US-Feiertag des Dankens, traditionell im Kreis von Familie und Freunden begangen.","false","{""month"": 11, ""occurrence"": [4], ""day_of_week"": ""Thursday""}","US","2026-01-15 17:14:02.621496+01"
"Tag der bayerischen Verfassung","Gedenktag an die Annahme der bayerischen Verfassung im Jahr 1946 durch Volksentscheid.","true","{""day"": 27, ""month"": 11}","DE","2026-01-15 17:14:02.621496+01"
"Welttag der Dermatitis","Aktionstag zur Aufklärung über Hauterkrankungen und deren Auswirkungen auf die Lebensqualität.","true","{""day"": 27, ""month"": 11}","International","2026-01-15 17:14:02.621496+01"
"Jimi-Hendrix-Gedenktag","Geburtstag der Gitarrenlegende (1942). Ein wichtiger Tag für die Musikgeschichte.","true","{""day"": 27, ""month"": 11}","International","2026-01-15 17:14:02.621496+01"
"Tag der Bayerischen Creme-Torte","Ein kulinarischer Ehrentag für das Dessert, das trotz des Namens eher in den USA als Feiertag zelebriert wird.","true","{""day"": 27, ""month"": 11}","US","2026-01-15 17:14:02.621496+01"
"Black Friday","Aktionstag des Einzelhandels und in vielen Ländern Auftakt des Weihnachtsgeschäfts.","false","{""month"": 11, ""occurrence"": [4], ""day_of_week"": ""Friday""}","International","2026-01-15 17:14:02.621496+01"
"Kauf-nix-Tag","Konsumkritischer Aktionstag als bewusster Gegenentwurf zum Black Friday.","false","{""month"": 11, ""occurrence"": [4], ""day_of_week"": ""Friday""}","International","2026-01-15 17:14:02.621496+01"
"Tag des Roten Planeten","Gedenktag an den Start der Raumsonde Mariner 4 im Jahr 1964, die erstmals Nahaufnahmen vom Mars zur Erde schickte.","true","{""day"": 28, ""month"": 11}","International","2026-01-15 17:14:02.621496+01"
"Unabhängigkeitstag Albanien","Nationalfeiertag zur Erinnerung an die Ausrufung der Unabhängigkeit im Jahr 1912 und den Tag der Flagge.","true","{""day"": 28, ""month"": 11}","AL","2026-01-15 17:14:02.621496+01"
"Tag des French Toast","Ein kulinarischer Ehrentag für die (in Deutschland als Arme Ritter bekannte) Süßspeise.","true","{""day"": 28, ""month"": 11}","US","2026-01-15 17:14:02.621496+01"
"Welttag des Mitgefühls","Ein von indischen Initiativen ins Leben gerufener Tag, der zur Gewaltlosigkeit und Empathie gegenüber allen Lebewesen aufruft.","true","{""day"": 28, ""month"": 11}","International","2026-01-15 17:14:02.621496+01"
"Small Business Saturday","Ein Aktionstag zur Unterstützung lokaler Einzelhändler und kleiner Unternehmen.","false","{""month"": 11, ""occurrence"": [4], ""day_of_week"": ""Saturday""}","US, International","2026-01-15 17:14:02.621496+01"
"1. Advent","Erster Adventssonntag und Beginn der Adventszeit im christlichen Kirchenjahr.","false","{""month"": 11, ""occurrence"": [4, -1], ""day_of_week"": ""Sunday""}","DE, AT, CH","2026-01-15 17:14:02.621496+01"
"Internationaler Tag der Solidarität mit dem palästinensischen Volk","Ein von der UN-Generalversammlung ausgerufener Tag zur Erinnerung an den Teilungsplan von 1947.","true","{""day"": 29, ""month"": 11}","International","2026-01-15 17:14:02.621496+01"
"Tag der elektronischen Grußkarten","Ein Tag zur Wertschätzung digitaler Kommunikation, die Entfernungen überbrückt.","true","{""day"": 29, ""month"": 11}","International","2026-01-15 17:14:02.621496+01"
"Nationaler Chia-Tag","Ein kulinarischer Ehrentag für das ""Superfood"" Chia-Samen.","true","{""day"": 29, ""month"": 11}","US","2026-01-15 17:14:02.621496+01"
"Pong-Veröffentlichungstag / Atari-Gedenktag","Am 29.11.1972 veröffentlichte Atari das Spiel Pong, den ersten weltweit erfolgreichen Videospiel-Automaten.","true","{""day"": 29, ""month"": 11}","International","2026-01-15 17:14:02.621496+01"
"Welt-Aids-Tag","Seit 1988 begangener UN-Aktionstag zur Solidarität mit Menschen mit HIV und zur Förderung der Prävention.","true","{""day"": 1, ""month"": 12}","International","2026-01-15 17:24:06.990384+01"
"Tag der Ersten Hilfe für Haustiere","Ein Tag zur Sensibilisierung für die Notfallversorgung von Haustieren.","true","{""day"": 1, ""month"": 12}","International","2026-01-15 17:24:06.990384+01"
"Nationaler Tag des Weihnachtsbaums","Traditioneller Startschuss für das Aufstellen und Schmücken von Tannenbäumen in den USA.","true","{""day"": 1, ""month"": 12}","US","2026-01-15 17:24:06.990384+01"
"Iss-einen-roten-Apfel-Tag","Ein kulinarischer Aktionstag zur Förderung gesunder Ernährung.","true","{""day"": 1, ""month"": 12}","International","2026-01-15 17:24:06.990384+01"
"Rosa-Parks-Tag","Gedenktag an die Festnahme von Rosa Parks am 1. Dezember 1955, die die Bürgerrechtsbewegung in den USA auslöste.","true","{""day"": 1, ""month"": 12}","US","2026-01-15 17:24:06.990384+01"
"Welt-Aids-Tag","Seit 1988 begangener UN-Aktionstag zur Solidarität mit Menschen mit HIV und zur Förderung der Prävention.","true","{""day"": 1, ""month"": 12}","International","2026-01-15 17:24:06.990384+01"
"Rosa-Parks-Tag","Gedenktag an die Festnahme von Rosa Parks 1955, die den Busboykott von Montgomery auslöste.","true","{""day"": 1, ""month"": 12}","US","2026-01-15 17:24:06.990384+01"
"Iss-einen-roten-Apfel-Tag","Ein kulinarischer Aktionstag zur Förderung gesunder Ernährung.","true","{""day"": 1, ""month"": 12}","International","2026-01-15 17:24:06.990384+01"
"Cyber Monday","Aktionstag des Online-Handels im Anschluss an das Thanksgiving-Wochenende.","false","{""month"": 12, ""occurrence"": [1], ""day_of_week"": ""Monday""}","International","2026-01-15 17:24:06.990384+01"
"Giving Tuesday","Ein weltweiter Tag des Gebens und der Wohltätigkeit am Dienstag nach Thanksgiving.","false","{""month"": 12, ""occurrence"": [1], ""day_of_week"": ""Tuesday""}","International","2026-01-15 17:24:06.990384+01"
"Internationaler Tag für die Abschaffung der Sklaverei","UN-Gedenktag zur Erinnerung an die Verabschiedung des Übereinkommens zur Bekämpfung des Menschenhandels im Jahr 1949.","true","{""day"": 2, ""month"": 12}","International","2026-01-15 17:24:06.990384+01"
"Tag der Krapfen","Ein kulinarischer Ehrentag in den USA für frittierte Köstlichkeiten wie Apfel- oder Fleischkrapfen.","true","{""day"": 2, ""month"": 12}","US","2026-01-15 17:24:06.990384+01"
"Tag der Spezialeffekte","Ein inoffizieller Feiertag zur Würdigung der Kunst von Visual Effects (VFX) in Film und Fernsehen.","true","{""day"": 2, ""month"": 12}","International","2026-01-15 17:24:06.990384+01"
"Giving Tuesday","Ein globaler Aktionstag, der zum Spenden und für ehrenamtliches Engagement aufruft.","false","{""month"": 12, ""occurrence"": [1], ""day_of_week"": ""Tuesday""}","International","2026-01-15 17:24:06.990384+01"
"Internationaler Tag der Menschen mit Behinderungen","Ein von den Vereinten Nationen ausgerufener Gedenktag, um das Bewusstsein für die Belange von Menschen mit Behinderungen zu stärken.","true","{""day"": 3, ""month"": 12}","International","2026-01-15 17:24:06.990384+01"
"Tag der SMS","Gedenktag an die weltweit erste versendete SMS am 3. Dezember 1992 (""Merry Christmas"").","true","{""day"": 3, ""month"": 12}","International","2026-01-15 17:24:06.990384+01"
"Tag des Daches über dem Kopf","Ein Tag der Dankbarkeit für ein sicheres Zuhause und zur Unterstützung von Obdachlosen.","true","{""day"": 3, ""month"": 12}","US","2026-01-15 17:24:06.990384+01"
"Paket-Schutz-Tag","Ein Aktionstag zur Sensibilisierung für den sicheren Empfang von Postsendungen.","false","{""month"": 12, ""occurrence"": [1], ""day_of_week"": ""Wednesday""}","US","2026-01-15 17:31:53.154458+01"
"Barbaratag","Gedenktag der Heiligen Barbara (Schutzpatronin der Bergleute). Traditionell werden Kirschzweige (Barbarazweige) geschnitten, die bis Weihnachten blühen sollen.","true","{""day"": 4, ""month"": 12}","DE, AT, CH","2026-01-15 17:31:53.154458+01"
"Welttag des Artenschutzes","Ein Tag zur Sensibilisierung für den Schutz bedrohter Tierarten und den Kampf gegen Wilderei.","true","{""day"": 4, ""month"": 12}","International","2026-01-15 17:31:53.154458+01"
"Internationaler Tag der Banken","Ein UN-Gedenktag zur Würdigung des Beitrags von Banken zur nachhaltigen Entwicklung und Lebensqualität.","true","{""day"": 4, ""month"": 12}","International","2026-01-15 17:31:53.154458+01"
"Tag des Kekses","Ein kulinarischer Ehrentag in den USA, der dem Backen und Naschen von Keksen gewidmet ist.","true","{""day"": 4, ""month"": 12}","US","2026-01-15 17:31:53.154458+01"
"Tag des Würfels","Ein Tag für Spiele-Liebhaber, der die Bedeutung von Würfeln in Brett- und Glücksspielen feiert.","true","{""day"": 4, ""month"": 12}","US","2026-01-15 17:31:53.154458+01"
"Welt-Cabernet-Tag","Ein Tag zur Wertschätzung der Rebsorten Cabernet Franc und Cabernet Sauvignon.","false","{""month"": 12, ""occurrence"": [1], ""day_of_week"": ""Thursday""}","International","2026-01-15 17:31:53.154458+01"
"Internationaler Tag des Ehrenamts","Ein von der UN ausgerufener Gedenktag zur Anerkennung und Förderung ehrenamtlichen Engagements weltweit.","true","{""day"": 5, ""month"": 12}","International","2026-01-15 17:31:53.154458+01"
"Weltbodentag","Ein Aktionstag zur Bedeutung der Bodenressourcen für die Ernährungssicherheit und die Ökosysteme.","true","{""day"": 5, ""month"": 12}","International","2026-01-15 17:31:53.154458+01"
"Krampusnacht","Traditioneller Vorabend des Nikolaustages, an dem der Krampus (begleitende Schreckgestalt) auftritt.","true","{""day"": 5, ""month"": 12}","AT, DE, CH","2026-01-15 17:31:53.154458+01"
"Tag der Badewannen-Party","Ein kurioser Feiertag, der dazu einlädt, sich ein entspanntes Bad zu gönnen.","true","{""day"": 5, ""month"": 12}","International","2026-01-15 17:31:53.154458+01"
"Tag der Sachertorte","Ein kulinarischer Ehrentag für die berühmte Wiener Schokoladentorte.","true","{""day"": 5, ""month"": 12}","US","2026-01-15 17:31:53.154458+01"
"Frazzle Friday","Ein Tag, der auf den zunehmenden Stress in der Vorweihnachtszeit aufmerksam macht.","false","{""month"": 12, ""occurrence"": [1], ""day_of_week"": ""Friday""}","UK, US","2026-01-15 17:31:53.154458+01"
"Nikolaustag","Gedenktag des heiligen Nikolaus von Myra. Traditionell stellen Kinder am Vorabend ihre Schuhe vor die Tür, um Süßigkeiten und kleine Geschenke zu erhalten.","true","{""day"": 6, ""month"": 12}","International","2026-01-15 17:31:53.154458+01"
"Tag der Verfassung (Spanien)","Gesetzlicher Feiertag zur Erinnerung an das Referendum über die spanische Verfassung von 1978.","true","{""day"": 6, ""month"": 12}","ES","2026-01-15 17:31:53.154458+01"
"Unabhängigkeitstag Finnland","Nationalfeiertag zur Erinnerung an die Unabhängigkeitserklärung von Russland im Jahr 1917.","true","{""day"": 6, ""month"": 12}","FI","2026-01-15 17:31:53.154458+01"
"Tag der Gazpacho","Ein kulinarischer Ehrentag für die kalte spanische Suppe – kurioserweise mitten im Winter.","true","{""day"": 6, ""month"": 12}","US","2026-01-15 17:31:53.154458+01"
"Zieh-deine-eigenen-Schuhe-an-Tag","Ein Tag zur Förderung der Selbstständigkeit bei Kindern oder einfach als humorvoller Kontrast zum Nikolaus-Stiefel.","true","{""day"": 6, ""month"": 12}","International","2026-01-15 17:31:53.154458+01"
"Tag der Barkeeper","Ein Tag zur Wertschätzung der Arbeit von Barkeepern weltweit.","false","{""month"": 12, ""occurrence"": [1], ""day_of_week"": ""Saturday""}","International","2026-01-15 17:31:53.154458+01"
"Internationaler Tag der Zivilluftfahrt","Ein von der UN und ICAO ausgerufener Tag zur Anerkennung der Bedeutung der Luftfahrt für die globale soziale und wirtschaftliche Entwicklung.","true","{""day"": 7, ""month"": 12}","International","2026-01-15 17:32:26.99682+01"
"Pearl Harbor Gedenktag","Gedenktag an den Angriff auf Pearl Harbor im Jahr 1941 und die Opfer des Pazifikkrieges.","true","{""day"": 7, ""month"": 12}","US","2026-01-15 17:32:26.99682+01"
"Tag der Zuckerwatte","Ein kulinarischer Ehrentag für die beliebte Jahrmarkt-Süßigkeit.","true","{""day"": 7, ""month"": 12}","US","2026-01-15 17:32:26.99682+01"
"Vorabend von Maria Empfängnis","Religiöser Vorabend des Hochfestes am 8. Dezember.","true","{""day"": 7, ""month"": 12}","AT, DE","2026-01-15 17:32:26.99682+01"
"Tag der Tierrechte","Ein Aktionstag, der bewusst parallel zum Tag der Menschenrechte liegt, um auf die Rechte aller Lebewesen aufmerksam zu machen.","true","{""day"": 10, ""month"": 12}","International","2026-01-15 17:33:03.404043+01"
"Tag der Verfassung (Thailand)","Nationalfeiertag in Thailand zur Erinnerung an die Einführung der ersten dauerhaften Verfassung im Jahr 1932.","true","{""day"": 10, ""month"": 12}","TH","2026-01-15 17:33:03.404043+01"
"Tag des Lagerbiers","Ein kulinarischer Ehrentag in den USA für die untergärige Biersorte.","true","{""day"": 10, ""month"": 12}","US","2026-01-15 17:33:03.404043+01"
"Dewey-Dezimal-System-Tag","Ein Tag zur Feier des weltweit meistgenutzten Bibliotheksklassifikationssystems.","false","{""month"": 12, ""occurrence"": [2], ""day_of_week"": ""Wednesday""}","International","2026-01-15 17:33:03.404043+01"
"Internationaler Tag der Berge","Ein von den Vereinten Nationen ausgerufener Tag, um auf die Bedeutung der Bergregionen für das globale Ökosystem aufmerksam zu machen.","true","{""day"": 11, ""month"": 12}","International","2026-01-15 17:46:21.084471+01"
"UNICEF-Gründungstag","Erinnerung an die Gründung des Kinderhilfswerks der Vereinten Nationen am 11. Dezember 1946.","true","{""day"": 11, ""month"": 12}","International","2026-01-15 17:46:21.084471+01"
"Tag des Nudelrings","Ein kulinarischer Ehrentag für in Ringform gebackene Nudelgerichte.","true","{""day"": 11, ""month"": 12}","US","2026-01-15 17:46:21.084471+01"
"Tag der universellen Gesundheitsversorgung","Ein UN-Aktionstag, der an den Jahrestag der historischen UN-Resolution von 2012 erinnert, um den Zugang zu bezahlbarer Medizin weltweit zu fördern.","true","{""day"": 12, ""month"": 12}","International","2026-01-15 17:46:21.084471+01"
"Internationaler Tag der Neutralität","Ein von den Vereinten Nationen proklamierter Tag zur Förderung von Diplomatie, Frieden und der Achtung der Souveränität neutraler Staaten.","true","{""day"": 12, ""month"": 12}","International","2026-01-15 17:46:21.084471+01"
"Tag der Jungfrau von Guadalupe","Einer der wichtigsten religiösen Feiertage in Mexiko zu Ehren der Erscheinung der Schutzpatronin Amerikas.","true","{""day"": 12, ""month"": 12}","MX","2026-01-15 17:46:21.084471+01"
"Tag des Weihnachtssterns","Ein Tag zur Wertschätzung der Pflanze (Poinsettie), die als Symbol für die Weihnachtszeit gilt.","true","{""day"": 12, ""month"": 12}","US","2026-01-15 17:46:21.084471+01"
"Tag des Lebkuchenhauses","Ein kulinarischer Tag, der dem Bauen und Verzieren von Lebkuchenhäusern gewidmet ist.","true","{""day"": 12, ""month"": 12}","International","2026-01-15 17:46:21.084471+01"
"Tag der unaussprechlichen Gedanken","Ein kurioser Tag, der dazu anregt, über Tabuthemen oder versteckte Ideen nachzudenken.","true","{""day"": 12, ""month"": 12}","International","2026-01-15 17:46:21.084471+01"
"Luciafest","Traditionelles Lichterfest zu Ehren der Heiligen Lucia, besonders in Schweden mit Umzügen und Safrangebäck (Lussekatter) gefeiert.","true","{""day"": 13, ""month"": 12}","SE, DK, NO","2026-01-15 17:46:21.084471+01"
"Tag der Geige","Ein Tag zur Würdigung der Geige und ihrer Bedeutung in der klassischen sowie modernen Musik.","true","{""day"": 13, ""month"": 12}","International","2026-01-15 17:46:21.084471+01"
"Tag des Kakaos","Ein kulinarischer Ehrentag für heiße Schokolade und Kakao-Getränke.","true","{""day"": 13, ""month"": 12}","US","2026-01-15 17:46:21.084471+01"
"Gründungstag der US National Guard","Gedenktag an die Gründung der ersten Milizregimenter in Massachusetts im Jahr 1636.","true","{""day"": 13, ""month"": 12}","US","2026-01-15 17:46:21.084471+01"
"Nationaler Tag des Pferdes","Ein Tag zur Wertschätzung der Rolle von Pferden in der Wirtschaft, Geschichte und Kultur der USA.","true","{""day"": 13, ""month"": 12}","US","2026-01-15 17:46:21.084471+01"
"2. Advent","Zweiter Sonntag in der Vorbereitungszeit auf Weihnachten.","false","{""month"": 12, ""occurrence"": [1], ""day_of_week"": ""Sunday""}","DE, AT, CH","2026-01-15 17:32:26.99682+01"
"Weltweites Kerzenleuchten","Ein Gedenktag für alle verstorbenen Kinder. Um 19 Uhr Ortszeit wird eine Kerze ins Fenster gestellt.","false","{""month"": 12, ""occurrence"": [2], ""day_of_week"": ""Sunday""}","International","2026-01-15 17:32:26.99682+01"
"Mariä Empfängnis","Hochfest der katholischen Kirche. In Österreich ein gesetzlicher Feiertag, an dem die Geschäfte dennoch oft geöffnet haben.","true","{""day"": 8, ""month"": 12}","AT, DE, CH, IT","2026-01-15 17:32:26.99682+01"
"Tag der Zeitreise","Ein kurioser Tag, an dem man sich so verhalten soll, als käme man aus einer anderen Epoche (Vergangenheit oder Zukunft).","true","{""day"": 8, ""month"": 12}","International","2026-01-15 17:32:26.99682+01"
"Tag des Brownies","Ein kulinarischer Ehrentag für das beliebte Schokoladengebäck aus den USA.","true","{""day"": 8, ""month"": 12}","US","2026-01-15 17:32:26.99682+01"
"Netscape Navigator Meilenstein","Erinnerung an die frühe Ära des Web-Browsers Netscape, der das Internet massentauglich machte.","true","{""day"": 8, ""month"": 12}","International","2026-01-15 17:32:26.99682+01"
"Green Monday","Ein bedeutender Aktionstag des Einzelhandels für die letzten großen Weihnachtsbestellungen.","false","{""month"": 12, ""occurrence"": [2], ""day_of_week"": ""Monday""}","International","2026-01-15 17:32:26.99682+01"
"Internationaler Anti-Korruptionstag","Ein von den Vereinten Nationen ins Leben gerufener Tag, um das Bewusstsein für Korruption und deren Bekämpfung zu schärfen.","true","{""day"": 9, ""month"": 12}","International","2026-01-15 17:32:26.99682+01"
"Grace Hopper Gedenktag","Geburtstag der Informatik-Pionierin Grace Hopper (1906), Erfinderin des ersten Compilers und Wegbereiterin von COBOL.","true","{""day"": 9, ""month"": 12}","International","2026-01-15 17:32:26.99682+01"
"Gedenktag für die Opfer von Völkermord","Internationaler Tag des Gedenkens an die Opfer des Verbrechens des Völkermordes und seiner Prävention.","true","{""day"": 9, ""month"": 12}","International","2026-01-15 17:32:26.99682+01"
"Tag des Gebäcks","Ein kulinarischer Ehrentag für süßes und herzhaftes Gebäck aller Art.","true","{""day"": 9, ""month"": 12}","US","2026-01-15 17:32:26.99682+01"
"Tag der Weihnachtskarte","Ein Tag, um an das Schreiben und Versenden von Weihnachtsgrüßen zu erinnern.","true","{""day"": 9, ""month"": 12}","International","2026-01-15 17:32:26.99682+01"
"Internationaler Shareware-Tag","Ein Tag zur Anerkennung von Software-Entwicklern, die ihre Programme zum Testen frei zur Verfügung stellen.","false","{""month"": 12, ""occurrence"": [2], ""day_of_week"": ""Tuesday""}","International","2026-01-15 17:32:26.99682+01"
"Tag der Menschenrechte","Gedenktag zur Verabschiedung der Allgemeinen Erklärung der Menschenrechte durch die Vereinten Nationen im Jahr 1948.","true","{""day"": 10, ""month"": 12}","International","2026-01-15 17:32:26.99682+01"
"Nobelpreis-Tag","Todestag von Alfred Nobel. Traditionell findet an diesem Tag die Verleihung der Nobelpreise in Stockholm und Oslo statt.","true","{""day"": 10, ""month"": 12}","International","2026-01-15 17:32:26.99682+01"
"Weltaffentag","Ein internationaler Tag zur Feier aller Affenarten und Primaten sowie zur Sensibilisierung für deren Schutz.","true","{""day"": 14, ""month"": 12}","International","2026-01-15 17:46:21.084471+01"
"Tag der Schneekugel","Ein Gedenktag zu Ehren der Erfindung der Schneekugel durch den Wiener Erwin Perzy.","true","{""day"": 14, ""month"": 12}","DE","2026-01-15 17:46:21.084471+01"
"Welttag des Eislaufens","Ein Aktionstag zur Förderung des Eislaufsports weltweit.","true","{""day"": 14, ""month"": 12}","International","2026-01-15 17:46:21.084471+01"
"Tag der Bouillabaisse","Ein kulinarischer Ehrentag für die klassische französische Fischsuppe.","true","{""day"": 14, ""month"": 12}","US","2026-01-15 17:46:21.084471+01"
"Weltweites Kerzenleuchten","Ein Gedenktag für verstorbene Kinder. Um 19:00 Uhr Ortszeit wird eine Kerze ins Fenster gestellt, sodass eine Lichterwelle um die Welt geht.","false","{""month"": 12, ""occurrence"": [2], ""day_of_week"": ""Sunday""}","International","2026-01-15 17:46:21.084471+01"
"Welttag der Chöre","Ein internationaler Tag zur Feier des Chorgesangs und seiner verbindenden Kraft.","false","{""month"": 12, ""occurrence"": [2], ""day_of_week"": ""Sunday""}","International","2026-01-15 17:46:21.084471+01"
"Internationaler Tag des Tees","Ein Tag zur Würdigung der wirtschaftlichen, biologischen und kulturellen Bedeutung von Tee weltweit.","true","{""day"": 15, ""month"": 12}","International","2026-01-15 17:46:21.084471+01"
"Zamenhof-Tag","Geburtstag von Ludwik Lejzer Zamenhof, dem Erfinder der Plansprache Esperanto; wichtigster Feiertag der Esperanto-Kultur.","true","{""day"": 15, ""month"": 12}","International","2026-01-15 17:46:21.084471+01"
"Bill of Rights Day","Gedenktag an die Ratifizierung der ersten zehn Zusatzartikel zur US-Verfassung im Jahr 1791.","true","{""day"": 15, ""month"": 12}","US","2026-01-15 17:46:21.084471+01"
"Tag des Zitronen-Cupcakes","Ein kulinarischer Ehrentag für das spritzige Gebäck.","true","{""day"": 15, ""month"": 12}","US","2026-01-15 17:46:21.084471+01"
"Tag der hässlichen Weihnachtspullover","Ein humorvoller Tag, an dem man bewusst kitschige Weihnachtspullover trägt.","true","{""day"": 15, ""month"": 12}","International","2026-01-15 17:46:21.084471+01"
"Tag der Versöhnung","Ein nationaler Feiertag in Südafrika, der nach dem Ende der Apartheid eingeführt wurde, um die nationale Einheit und Heilung zu fördern.","true","{""day"": 16, ""month"": 12}","ZA","2026-01-15 17:46:21.084471+01"
"Beginn von Las Posadas","Start einer neuntägigen religiösen Tradition, die die Herbergssuche von Maria und Josef nachstellt.","true","{""day"": 16, ""month"": 12}","MX, US","2026-01-15 17:46:21.084471+01"
"Alles-mit-Schokolade-überziehen-Tag","Ein kulinarischer Aktionstag, der dazu einlädt, alle möglichen Lebensmittel mit Schokolade zu kombinieren.","true","{""day"": 16, ""month"": 12}","US","2026-01-15 17:46:21.084471+01"
"Vijay Diwas (Tag des Sieges)","Gedenktag an den Sieg im indisch-pakistanischen Krieg 1971 und die Befreiung Bangladeschs.","true","{""day"": 16, ""month"": 12}","IN, BD","2026-01-15 17:46:21.084471+01"
"Anti-Barbie-und-Barney-Tag","Ein kurioser Tag, der Eltern und Erziehern eine Pause von den allgegenwärtigen Kinder-Ikonen gönnen soll.","true","{""day"": 16, ""month"": 12}","US","2026-01-15 17:46:21.084471+01"
"Wright Brothers Day","Gedenktag an den ersten erfolgreichen Flug eines motorisierten Flugzeugs durch Orville und Wilbur Wright im Jahr 1903.","true","{""day"": 17, ""month"": 12}","International","2026-01-15 17:46:21.084471+01"
"Beginn der Saturnalien","Historischer Festtag zu Ehren des Gottes Saturn. Gilt als einer der Ursprünge vieler heutiger Weihnachtsbräuche.","true","{""day"": 17, ""month"": 12}","International","2026-01-15 17:46:21.084471+01"
"Tag des Ahornsirups","Ein kulinarischer Ehrentag für den beliebten Sirup, der besonders in Nordamerika eine große Rolle spielt.","true","{""day"": 17, ""month"": 12}","US","2026-01-15 17:46:21.084471+01"
"Panamerikanischer Tag der Luftfahrt","Ein Tag zur Förderung der Zusammenarbeit und Entwicklung des Luftverkehrs zwischen den amerikanischen Staaten.","true","{""day"": 17, ""month"": 12}","US","2026-01-15 17:46:21.084471+01"
"Tag des Weiterverschenkens","Ein humorvoller Tag, der dazu anregt, ungeliebte Geschenke sinnvoll weiterzugeben, bevor das neue Fest beginnt.","false","{""month"": 12, ""occurrence"": [3], ""day_of_week"": ""Thursday""}","US","2026-01-15 17:46:21.084471+01"
"Internationaler Tag der Migranten","Ein von den Vereinten Nationen ausgerufener Tag, um auf die Rechte von Migranten weltweit aufmerksam zu machen und deren Beitrag zur Gesellschaft zu würdigen.","true","{""day"": 18, ""month"": 12}","International","2026-01-15 17:46:21.084471+01"
"Welttag der arabischen Sprache","Gedenktag an den 18. Dezember 1973, an dem Arabisch als sechste Amtssprache der Vereinten Nationen anerkannt wurde.","true","{""day"": 18, ""month"": 12}","International","2026-01-15 17:46:21.084471+01"
"Nationalfeiertag Katar","Gedenktag an die Vereinigung des Landes durch Scheich Jassim bin Mohammed Al Thani im Jahr 1878.","true","{""day"": 18, ""month"": 12}","QA","2026-01-15 17:46:21.084471+01"
"Tag der Republik (Niger)","Nationalfeiertag zur Erinnerung an die Ausrufung der Republik im Jahr 1958 innerhalb der Französischen Gemeinschaft.","true","{""day"": 18, ""month"": 12}","NE","2026-01-15 17:46:21.084471+01"
"Tag des Spanferkels","Ein kulinarischer Ehrentag in den USA für das traditionelle Festessen.","true","{""day"": 18, ""month"": 12}","US","2026-01-15 17:46:21.084471+01"
"ICANN-Gedenktag","Erinnerung an die formelle Gründung der Internet Corporation for Assigned Names and Numbers (ICANN) im Jahr 1998 zur Verwaltung des Domain-Name-Systems.","true","{""day"": 18, ""month"": 12}","International","2026-01-15 17:46:21.084471+01"
"Gedenktag Breitscheidplatz","Gedenken an die Opfer des Anschlags auf den Weihnachtsmarkt an der Kaiser-Wilhelm-Gedächtniskirche im Jahr 2016.","true","{""day"": 19, ""month"": 12}","DE","2026-01-15 17:46:21.084471+01"
"Goa Liberation Day","Gedenktag an die Befreiung Goas von der portugiesischen Herrschaft durch die indischen Streitkräfte im Jahr 1961.","true","{""day"": 19, ""month"": 12}","IN","2026-01-15 17:46:21.084471+01"
"Tag der Bonbons","Ein kulinarischer Ehrentag für klassische Hartkaramellen und Zuckerstangen.","true","{""day"": 19, ""month"": 12}","US","2026-01-15 17:46:21.084471+01"
"Tag des Haferflocken-Muffins","Ein kulinarischer Tag zu Ehren des gesunden Frühstücks-Gebäcks.","true","{""day"": 19, ""month"": 12}","US","2026-01-15 17:46:21.084471+01"
"Edith-Piaf-Gedenktag","Geburtstag der legendären französischen Chanson-Sängerin (1915).","true","{""day"": 19, ""month"": 12}","International","2026-01-15 17:46:21.084471+01"
"Internationaler Tag der menschlichen Solidarität","Ein von den Vereinten Nationen ausgerufener Tag, um die Bedeutung der Solidarität als Grundwert für die internationalen Beziehungen im 21. Jahrhundert zu betonen.","true","{""day"": 20, ""month"": 12}","International","2026-01-15 17:46:21.084471+01"
"Carl-von-Linné-Gedenktag","Erinnerung an den schwedischen Naturforscher, der die Grundlagen der modernen botanischen und zoologischen Taxonomie schuf.","true","{""day"": 20, ""month"": 12}","International","2026-01-15 17:46:21.084471+01"
"Tag der Sangria","Ein kulinarischer Ehrentag in den USA für das traditionelle spanische Weinmischgetränk.","true","{""day"": 20, ""month"": 12}","US","2026-01-15 17:46:21.084471+01"
"Geh-Weihnachtslieder-singen-Tag","Ein Tag, der dazu aufruft, die Tradition des ""Caroling"" (Singen von Tür zu Tür) aufleben zu lassen.","true","{""day"": 20, ""month"": 12}","International","2026-01-15 17:46:21.084471+01"
"Geburtstag des World Wide Web","Am 20. Dezember 1990 ging am CERN die weltweit erste Website online – ein Meilenstein der digitalen Revolution.","true","{""day"": 20, ""month"": 12}","International","2026-01-15 17:46:21.084471+01"
"Wintersonnenwende","Der kürzeste Tag und die längste Nacht des Jahres auf der Nordhalbkugel; astronomischer Winteranfang.","true","{""day"": 21, ""month"": 12}","International","2026-01-15 17:46:21.084471+01"
"Tag des Kurzfilms","In Anlehnung an den kürzesten Tag des Jahres wird weltweit die Kunst des Kurzfilms gefeiert.","true","{""day"": 21, ""month"": 12}","International","2026-01-15 17:46:21.084471+01"
"Tag des Kreuzworträtsels","Erinnerung an das erste veröffentlichte Kreuzworträtsel der Welt im Jahr 1913 in der Zeitung ""New York World"".","true","{""day"": 21, ""month"": 12}","International","2026-01-15 17:46:21.084471+01"
"Humbug-Tag","Ein Tag für alle ""Weihnachtsmuffel"", um (wie Ebenezer Scrooge) einmal ordentlich Dampf über den Vorweihnachtsstress abzulassen.","true","{""day"": 21, ""month"": 12}","International","2026-01-15 17:46:21.084471+01"
"Tag der frittierten Garnelen","Ein kulinarischer Ehrentag für panierte und frittierte Shrimps.","true","{""day"": 21, ""month"": 12}","US","2026-01-15 17:46:21.084471+01"
"Nationaler Tag der Mathematik","Gedenktag zum Geburtstag des Ausnahme-Mathematikers Srinivasa Ramanujan (1887). Ein Festtag für alle Zahlenbegeisterten.","true","{""day"": 22, ""month"": 12}","IN","2026-01-15 17:46:21.084471+01"
"Julfest / Yule","Traditionelles nordeuropäisches Winterfest, das oft um den 21. oder 22. Dezember zur Rückkehr des Lichts gefeiert wird.","true","{""day"": 22, ""month"": 12}","International","2026-01-15 17:46:21.084471+01"
"Tag des Dattel-Nuss-Brotes","Ein herbstlich-winterlicher kulinarischer Ehrentag für den süßen Klassiker aus der Backstube.","true","{""day"": 22, ""month"": 12}","US","2026-01-15 17:46:21.084471+01"
"Funk-Gedenktag Königs Wusterhausen","Am 22. Dezember 1920 wurde vom Funkerberg in Königs Wusterhausen das erste Rundfunkkonzert in Deutschland ausgestrahlt.","true","{""day"": 22, ""month"": 12}","DE","2026-01-15 17:46:21.084471+01"
"Festivus","Parodischer Feiertag aus der Serie Seinfeld als satirische Alternative zum Weihnachtskonsum.","true","{""day"": 23, ""month"": 12}","International","2026-01-15 17:46:21.084471+01"
"Tag des Pfefferkuchenhauses","Ein kulinarischer Ehrentag, der dem Bauen und Verzieren von essbaren Häusern aus Lebkuchen gewidmet ist.","true","{""day"": 23, ""month"": 12}","US","2026-01-15 17:46:21.084471+01"
"Tag der Wurzeln (Ahnenforschungstag)","Ein Tag, um sich mit der eigenen Herkunft, dem Stammbaum und der Familiengeschichte zu beschäftigen, bevor man die Verwandtschaft an den Feiertagen trifft.","true","{""day"": 23, ""month"": 12}","US","2026-01-15 17:46:21.084471+01"
"Tenno no Tansjobi","Früherer Nationalfeiertag in Japan zu Ehren des emeritierten Kaisers Akihito.","true","{""day"": 23, ""month"": 12}","JP","2026-01-15 17:46:21.084471+01"
"HumanLight","Ein humanistischer Feiertag, der die positiven menschlichen Werte wie Vernunft, Mitgefühl und Hoffnung feiert.","true","{""day"": 23, ""month"": 12}","International","2026-01-15 17:46:21.084471+01"
"Heiligabend","Vorabend des Weihnachtsfestes. In DE/AT/CH meist ab dem Nachmittag arbeitsfrei (stiller Tag), in vielen Ländern der Haupttag der Bescherung.","true","{""day"": 24, ""month"": 12}","DE, AT, CH, International","2026-01-15 17:46:21.084471+01"
"Tag des Eierpunsches","Ein kulinarischer Ehrentag für das traditionelle Weihnachtsgetränk aus Eiern, Milch und oft Rum oder Brandy.","true","{""day"": 24, ""month"": 12}","US, International","2026-01-15 17:46:21.084471+01"
"Ausrufung des Weihnachtsfriedens","Eine jahrhundertealte Tradition in Turku, Finnland, bei der um 12 Uhr mittags offiziell der Weihnachtsfrieden verkündet wird.","true","{""day"": 24, ""month"": 12}","FI","2026-01-15 17:46:21.084471+01"
"Tag der Schokoladen-Werkzeuge","Ein kurioser Tag, der Süßigkeiten in Form von Werkzeugen gewidmet ist – oft als Last-Minute-Geschenk für Heimwerker.","true","{""day"": 24, ""month"": 12}","US","2026-01-15 17:46:21.084471+01"
"4. Advent","Vierter Adventssonntag als letzter Sonntag vor Weihnachten.","false","{""month"": 12, ""occurrence"": [4], ""day_of_week"": ""Sunday""}","DE, AT, CH","2026-01-15 17:46:21.084471+01"
"1. Weihnachtstag","Hochfest der Geburt Jesu Christi. In fast allen westlichen Ländern ein gesetzlicher Feiertag und zentraler Familientag.","true","{""day"": 25, ""month"": 12}","DE, AT, CH, International","2026-01-15 17:46:21.084471+01"
"Verfassungstag (Taiwan)","Gedenktag an das Inkrafttreten der Verfassung der Republik China im Jahr 1947.","true","{""day"": 25, ""month"": 12}","TW","2026-01-15 17:46:21.084471+01"
"Tag des Kürbiskuchens","Ein kulinarischer Ehrentag für das traditionelle Dessert, das oft als Abschluss des Weihnachtsmenüs serviert wird.","true","{""day"": 25, ""month"": 12}","US","2026-01-15 17:46:21.084471+01"
"Kein-L-Tag (A’Phabet Day)","Ein humorvolles Wortspiel zum Weihnachtslied ""Noel"" (No ""L""), bei dem man versucht, den Buchstaben L den ganzen Tag zu vermeiden.","true","{""day"": 25, ""month"": 12}","International","2026-01-15 17:46:21.084471+01"
"2. Weihnachtstag (Stephanitag)","Gedenktag des heiligen Stephanus, des ersten christlichen Märtyrers. In Deutschland, Österreich und Teilen der Schweiz ein gesetzlicher Feiertag.","true","{""day"": 26, ""month"": 12}","DE, AT, CH","2026-01-15 17:46:21.084471+01"
"Boxing Day","Traditioneller Geschenktag im Commonwealth, an dem ursprünglich Bedienstete Geschenke (""Boxes"") von ihren Arbeitgebern erhielten. Heute ein großer Shopping-Tag.","true","{""day"": 26, ""month"": 12}","UK, CA, AU, NZ","2026-01-15 17:46:21.084471+01"
"Beginn von Kwanzaa","Start des siebentägigen Festes zur Feier der afrikanisch-amerikanischen Kultur und Gemeinschaft.","true","{""day"": 26, ""month"": 12}","US","2026-01-15 17:46:21.084471+01"
"Tag der Zuckerstange","Ein kulinarischer Ehrentag für die traditionelle rot-weiß gestreifte Süßigkeit der Weihnachtszeit.","true","{""day"": 26, ""month"": 12}","US","2026-01-15 17:46:21.084471+01"
"Tag der Dankeskarte","Ein Tag, der dazu anregt, sich schriftlich für die erhaltenen Weihnachtsgeschenke zu bedanken.","true","{""day"": 26, ""month"": 12}","US","2026-01-15 17:46:21.084471+01"
"Boxing Day Weekend Start","Beginn des verlängerten Wochenendes nach den Weihnachtsfeiertagen.","false","{""month"": 12, ""occurrence"": [4], ""day_of_week"": ""Friday""}","UK","2026-01-15 17:46:21.084471+01"
"Johannistag (Winter)","Gedenktag des Apostels und Evangelisten Johannes. Traditionell wird an diesem Tag der ""Johanneswein"" gesegnet.","true","{""day"": 27, ""month"": 12}","DE, AT, CH","2026-01-15 17:46:21.084471+01"
"Internationaler Tag der Seuchenvorkehrung","Ein von der UN und WHO ausgerufener Tag zur Sensibilisierung für die Vorbeugung und Bekämpfung von Pandemien.","true","{""day"": 27, ""month"": 12}","International","2026-01-15 17:46:21.084471+01"
"Tag der Verfassung (Nordkorea)","Nationalfeiertag zur Erinnerung an die Verabschiedung der sozialistischen Verfassung im Jahr 1972.","true","{""day"": 27, ""month"": 12}","KP","2026-01-15 17:46:21.084471+01"
"Tag des Fruchtkuchen-Weitwurfs","Ein humorvoller Tag, um die oft ungeliebten weihnachtlichen Früchtekuchen auf kreative Weise loszuwerden.","true","{""day"": 27, ""month"": 12}","US","2026-01-15 17:46:21.084471+01"
"Besuch-den-Zoo-Tag","Ein Tag, der dazu anregt, Zoos und Aquarien zu besuchen, die auch im Winter geöffnet haben.","true","{""day"": 27, ""month"": 12}","US","2026-01-15 17:46:21.084471+01"
"Tag der unschuldigen Kinder","Christlicher Gedenktag an die biblische Erzählung vom Kindermord in Bethlehem durch König Herodes.","true","{""day"": 28, ""month"": 12}","DE, AT, CH, ES","2026-01-15 17:46:21.084471+01"
"Tag des Kinos","Gedenktag an die erste öffentliche Filmvorführung der Brüder Lumière im Jahr 1895 in Paris.","true","{""day"": 28, ""month"": 12}","International","2026-01-15 17:46:21.084471+01"
"Tag des Kaugummis","Erinnerung an das Patent für die moderne Kaugummimasse, das William Semple am 28.12.1869 erhielt.","true","{""day"": 28, ""month"": 12}","International","2026-01-15 17:46:21.084471+01"
"Proclamation Day","Nationaler Gedenktag in Südaustralien zur Gründung der britischen Provinz im Jahr 1836.","true","{""day"": 28, ""month"": 12}","AU","2026-01-15 17:46:21.084471+01"
"Tag der Schokoladen-Süßigkeiten","Ein kulinarischer Ehrentag für Schokoriegel und Pralinen aller Art.","true","{""day"": 28, ""month"": 12}","US","2026-01-15 17:46:21.084471+01"
"Tag des Inkrafttretens der Biodiversitäts-Konvention","Gedenktag an das völkerrechtliche Inkrafttreten des Übereinkommens über die biologische Vielfalt im Jahr 1993.","true","{""day"": 29, ""month"": 12}","International","2026-01-15 17:46:21.084471+01"
"Verfassungstag Irland","Gedenktag an das Inkrafttreten der irischen Verfassung (Bunreacht na hÉireann) am 29. Dezember 1937.","true","{""day"": 29, ""month"": 12}","IE","2026-01-15 17:46:21.084471+01"
"Tick-Tack-Tag","Ein kurioser Tag, der daran erinnert, dass das Jahr nur noch zwei Tage hat und man unerledigte Aufgaben nun final anpacken sollte.","true","{""day"": 29, ""month"": 12}","International","2026-01-15 17:46:21.084471+01"
"Tag des Pepper Pot","Ein kulinarischer Ehrentag für den würzigen Pfeffertopf-Eintopf, der traditionell mit der Unabhängigkeitsarmee von George Washington verbunden wird.","true","{""day"": 29, ""month"": 12}","US","2026-01-15 17:46:21.084471+01"
"Tag des Mikrochips","Erinnerung an die frühen Patente und Vorstellungen der integrierten Schaltkreise, die Ende Dezember die Tech-Welt revolutionierten.","true","{""day"": 29, ""month"": 12}","International","2026-01-15 17:46:21.084471+01"
"Noch-am-Lesen-Tag","Ein Tag für alle, die zwischen den Jahren endlich Zeit finden, ihre über das Jahr angesammelten Bücher zu lesen.","false","{""month"": 12, ""occurrence"": [5, -1], ""day_of_week"": ""Monday""}","International","2026-01-15 17:46:21.084471+01"
"Rizal-Tag","Nationalfeiertag auf den Philippinen zum Gedenken an das Leben und das Werk von José Rizal, dem Nationalhelden des Landes.","true","{""day"": 30, ""month"": 12}","PH","2026-01-15 17:46:21.084471+01"
"Gründung der UdSSR","Gedenktag an die formelle Gründung der Sowjetunion am 30. Dezember 1922.","true","{""day"": 30, ""month"": 12}","International","2026-01-15 17:46:21.084471+01"
"Tag des Natrons","Ein Tag zur Würdigung der vielseitigen Einsatzmöglichkeiten von Backnatron in der Küche und im Haushalt.","true","{""day"": 30, ""month"": 12}","US","2026-01-15 17:46:21.084471+01"
"Meilenstein der Luftfahrtgeschichte","Erinnerung an die erste Passagierfluglinie zwischen London und Paris (1914), ein Vorläufer moderner globaler Vernetzung.","true","{""day"": 30, ""month"": 12}","International","2026-01-15 17:46:21.084471+01"
"Tag des Specks","Ein kulinarischer Ehrentag für alle Fans von Bacon, oft als Vorbereitung für Silvester-Snacks gefeiert.","true","{""day"": 30, ""month"": 12}","International","2026-01-15 17:46:21.084471+01"
"Tag des Jahresabschluss-Checks","Ein Tag, um technische Backups zu prüfen und das digitale Jahr sicher abzuschließen.","false","{""month"": 12, ""occurrence"": [5, -1], ""day_of_week"": ""Tuesday""}","International","2026-01-15 17:46:21.084471+01"
"Silvester","Vorabend von Neujahr, benannt nach Papst Silvester I. Weltweit gefeiert mit Feuerwerk und Bräuchen zum Jahreswechsel.","true","{""day"": 31, ""month"": 12}","International","2026-01-15 17:46:21.084471+01"
"Welttag des Friedensgebetes","Ein seit 1986 bestehender globaler Tag, an dem Menschen zeitgleich für den Weltfrieden meditieren oder beten.","true","{""day"": 31, ""month"": 12}","International","2026-01-15 17:46:21.084471+01"
"Tag der unfertigen Aufgaben","Ein Tag, um sich am letzten Tag des Jahres endlich für Dinge zu entscheiden, die man das ganze Jahr aufgeschoben hat.","true","{""day"": 31, ""month"": 12}","International","2026-01-15 17:46:21.084471+01"
"Nationaler Champagner-Tag","Passend zur Silvesternacht wird in den USA offiziell der Champagner als Getränk des Jahresabschlusses gefeiert.","true","{""day"": 31, ""month"": 12}","US","2026-01-15 17:46:21.084471+01"
"Auflösung der Sowjetunion","Gedenktag an den 31. Dezember 1991, an dem die UdSSR offiziell aufhörte zu existieren.","true","{""day"": 31, ""month"": 12}","International","2026-01-15 17:46:21.084471+01"
"Digitaler Jahresputz","Ein Tag, um unnötige Dateien zu löschen und Backups für das neue Jahr vorzubereiten.","false","{""month"": 12, ""occurrence"": [5, -1], ""day_of_week"": ""Wednesday""}","International","2026-01-15 17:46:21.084471+01"
"3. Advent","Dritter Adventssonntag (Gaudete).","false","{""month"": 12, ""occurrence"": [3], ""day_of_week"": ""Sunday""}","DE, AT, CH","2026-01-15 17:52:16.286156+01"
"Tag der Verkäufer","Wertschätzung für Vertrieb und Verkauf.","false","{""month"": 12, ""occurrence"": [2], ""day_of_week"": ""Friday""}","US","2026-01-15 17:52:16.286156+01"
"Green Monday","Umsatzstarker Tag im Online-Handel.","false","{""month"": 12, ""occurrence"": [2], ""day_of_week"": ""Monday""}","International","2026-01-15 17:52:16.286156+01"
"Tag der Außenseiter","Würdigung für harte Arbeit trotz geringer Chancen.","false","{""month"": 12, ""occurrence"": [3], ""day_of_week"": ""Tuesday""}","International","2026-01-15 17:52:16.286156+01"
"Tag des Weiterverschenkens","Ungenutzte Geschenke sinnvoll weitergeben.","false","{""month"": 12, ""occurrence"": [3], ""day_of_week"": ""Thursday""}","US","2026-01-15 17:52:16.286156+01"
"Tag der hässlichen Weihnachtspullover","Weltweites Tragen kitschiger Pullover.","false","{""month"": 12, ""occurrence"": [3], ""day_of_week"": ""Friday""}","International","2026-01-15 17:52:16.286156+01"
"Tag der Außenseiter","Würdigung aller Underdogs.","false","{""month"": 12, ""occurrence"": [3], ""day_of_week"": ""Friday""}","International","2026-01-15 17:52:16.286156+01"
"Super Saturday (Panic Saturday)","Letzter Samstag vor Weihnachten.","false","{""month"": 12, ""occurrence"": [3], ""day_of_week"": ""Saturday""}","International","2026-01-15 17:52:16.286156+01"
"4. Advent","Vierter Adventssonntag als letzter Sonntag vor Weihnachten.","false","{""month"": 12, ""occurrence"": [4], ""day_of_week"": ""Sunday""}","DE, AT, CH","2026-01-15 17:52:16.286156+01"
"Tag des Weiterverschenkens (Variabel)","Humorvolle Weitergabe von Geschenken.","false","{""month"": 12, ""occurrence"": [4], ""day_of_week"": ""Monday""}","US","2026-01-15 17:52:16.286156+01"
"Pfeffernüsse-Tag","Ehrentag für das Gewürzgebäck.","false","{""month"": 12, ""occurrence"": [4], ""day_of_week"": ""Monday""}","US","2026-01-15 17:52:16.286156+01"
"Tag der Dankeskarten","Dankeskarten für erhaltene Geschenke.","false","{""month"": 12, ""occurrence"": [4], ""day_of_week"": ""Thursday""}","US","2026-01-15 17:52:16.286156+01"
"Nationales Schneeflocken-Fest","Feier der Einzigartigkeit.","false","{""month"": 12, ""occurrence"": [4], ""day_of_week"": ""Saturday""}","US","2026-01-15 17:52:16.286156+01"
"Día de los Santos Inocentes","Scherze und Narreteien.","false","{""month"": 12, ""occurrence"": [-1], ""day_of_week"": ""Sunday""}","ES, MX","2026-01-15 17:52:16.286156+01"
